zip,month,cluster,cluster_name,transition_next_12m,transition_direction,prob_transition
27006,2023-01-31,2,competitive_mid_market,0.0,-1.0,0.0171544578047052
27006,2023-02-28,2,competitive_mid_market,0.0,-1.0,0.0124192107398867
27006,2023-03-31,2,competitive_mid_market,0.0,-1.0,0.0216990386578715
27006,2023-04-30,2,competitive_mid_market,0.0,0.0,0.0307385801018489
27006,2023-05-31,2,competitive_mid_market,0.0,-1.0,0.0652407571120789
27006,2023-06-30,2,competitive_mid_market,0.0,0.0,0.0925372738311673
27006,2023-07-31,2,competitive_mid_market,0.0,0.0,0.1396781445795309
27006,2023-08-31,2,competitive_mid_market,0.0,0.0,0.3642567163217931
27006,2023-09-30,2,competitive_mid_market,0.0,0.0,0.5775063305835504
27006,2023-10-31,2,competitive_mid_market,0.0,0.0,0.556498957414425
27006,2023-11-30,2,competitive_mid_market,0.0,0.0,0.3035676813337905
27006,2023-12-31,2,competitive_mid_market,0.0,0.0,0.1985073224300965
27009,2023-01-31,4,moderate_supply_growing,0.0,0.0,0.0109831584127564
27009,2023-02-28,4,moderate_supply_growing,0.0,-1.0,0.0279622884634546
27009,2023-03-31,4,moderate_supply_growing,0.0,-1.0,0.0589228506426711
27009,2023-04-30,4,moderate_supply_growing,0.0,-1.0,0.0837591958524855
27009,2023-05-31,4,moderate_supply_growing,0.0,-1.0,0.0697328550686816
27009,2023-06-30,4,moderate_supply_growing,0.0,-1.0,0.1545793846143769
27009,2023-07-31,4,moderate_supply_growing,0.0,-1.0,0.3056720278352288
27009,2023-08-31,4,moderate_supply_growing,0.0,-1.0,0.2901034782586816
27009,2023-09-30,4,moderate_supply_growing,0.0,-1.0,0.4971672616831844
27009,2023-10-31,4,moderate_supply_growing,0.0,0.0,0.5585749981158112
27009,2023-11-30,4,moderate_supply_growing,0.0,0.0,0.4768412933097524
27009,2023-12-31,4,moderate_supply_growing,0.0,-1.0,0.2577773110577315
27011,2023-01-31,4,moderate_supply_growing,0.0,0.0,0.036888921907383
27011,2023-02-28,4,moderate_supply_growing,0.0,0.0,0.0138457039528941
27011,2023-03-31,4,moderate_supply_growing,0.0,-1.0,0.0176139947872023
27011,2023-04-30,4,moderate_supply_growing,0.0,0.0,0.0457277331290052
27011,2023-05-31,4,moderate_supply_growing,0.0,0.0,0.2369363870053775
27011,2023-06-30,4,moderate_supply_growing,0.0,0.0,0.2185448504890685
27011,2023-07-31,4,moderate_supply_growing,0.0,0.0,0.2827220041978323
27011,2023-08-31,4,moderate_supply_growing,0.0,0.0,0.5510265112404724
27011,2023-09-30,4,moderate_supply_growing,0.0,0.0,0.3482231505370098
27011,2023-10-31,4,moderate_supply_growing,0.0,0.0,0.1145775825129367
27011,2023-11-30,4,moderate_supply_growing,0.0,-1.0,0.0455104155375972
27011,2023-12-31,4,moderate_supply_growing,0.0,0.0,0.2751497072338713
27012,2023-01-31,2,competitive_mid_market,0.0,-1.0,0.0111951231397735
27012,2023-02-28,2,competitive_mid_market,0.0,-1.0,0.0129222863698459
27012,2023-03-31,2,competitive_mid_market,0.0,-1.0,0.0175894053169162
27012,2023-04-30,2,competitive_mid_market,0.0,-1.0,0.0344273676990044
27012,2023-05-31,2,competitive_mid_market,0.0,-1.0,0.1291767365686189
27012,2023-06-30,2,competitive_mid_market,0.0,-1.0,0.2381022497284368
27012,2023-07-31,2,competitive_mid_market,0.0,-1.0,0.3372503116594054
27012,2023-08-31,2,competitive_mid_market,0.0,-1.0,0.4231367533097935
27012,2023-09-30,2,competitive_mid_market,0.0,-1.0,0.3324618573095053
27012,2023-10-31,2,competitive_mid_market,0.0,-1.0,0.1310051350772768
27012,2023-11-30,2,competitive_mid_market,0.0,0.0,0.1611737345294047
27012,2023-12-31,2,competitive_mid_market,0.0,0.0,0.2106180193736482
27013,2023-01-31,4,moderate_supply_growing,0.0,-1.0,0.0328714076850124
27013,2023-02-28,4,moderate_supply_growing,0.0,0.0,0.0992830454832051
27013,2023-03-31,4,moderate_supply_growing,0.0,0.0,0.0244327828666591
27013,2023-04-30,4,moderate_supply_growing,0.0,-1.0,0.0352065538220117
27013,2023-05-31,4,moderate_supply_growing,0.0,0.0,0.2118214820326955
27013,2023-06-30,4,moderate_supply_growing,0.0,0.0,0.3607250474236815
27013,2023-07-31,4,moderate_supply_growing,0.0,0.0,0.4893420826515427
27013,2023-08-31,4,moderate_supply_growing,0.0,0.0,0.7216791795477325
27013,2023-09-30,4,moderate_supply_growing,0.0,0.0,0.7906807756835585
27013,2023-10-31,4,moderate_supply_growing,0.0,0.0,0.7628163921110017
27013,2023-11-30,4,moderate_supply_growing,0.0,0.0,0.4994954347078818
27013,2023-12-31,4,moderate_supply_growing,0.0,0.0,0.2066561578714668
27017,2023-01-31,3,affordable_high_demand,0.0,-1.0,0.0195088791045921
27017,2023-02-28,3,affordable_high_demand,0.0,-1.0,0.0459503156909217
27017,2023-03-31,3,affordable_high_demand,0.0,-1.0,0.013020047306864
27017,2023-04-30,3,affordable_high_demand,0.0,-1.0,0.1279595830437059
27017,2023-05-31,3,affordable_high_demand,0.0,-1.0,0.0523243519902073
27017,2023-06-30,3,affordable_high_demand,0.0,0.0,0.2843579096357158
27017,2023-07-31,3,affordable_high_demand,0.0,0.0,0.2910691410096978
27017,2023-08-31,3,affordable_high_demand,0.0,0.0,0.2677597964747557
27017,2023-09-30,3,affordable_high_demand,0.0,0.0,0.4117872481408633
27017,2023-10-31,3,affordable_high_demand,0.0,0.0,0.2752780231219019
27017,2023-11-30,3,affordable_high_demand,0.0,0.0,0.4710379869464713
27017,2023-12-31,3,affordable_high_demand,0.0,0.0,0.1339684803423634
27018,2023-01-31,4,moderate_supply_growing,0.0,-1.0,0.0071655503290603
27018,2023-02-28,4,moderate_supply_growing,0.0,-1.0,0.0766417840514341
27018,2023-03-31,4,moderate_supply_growing,0.0,-1.0,0.009972845200772
27018,2023-04-30,4,moderate_supply_growing,0.0,-1.0,0.0181152156279051
27018,2023-05-31,4,moderate_supply_growing,0.0,-1.0,0.0556953186054727
27018,2023-06-30,4,moderate_supply_growing,0.0,-1.0,0.0345431379164857
27018,2023-07-31,4,moderate_supply_growing,0.0,-1.0,0.0724961669229843
27018,2023-08-31,4,moderate_supply_growing,0.0,-1.0,0.3253303495999112
27018,2023-09-30,4,moderate_supply_growing,0.0,-1.0,0.5567512129552504
27018,2023-10-31,4,moderate_supply_growing,0.0,0.0,0.4812097714033464
27018,2023-11-30,4,moderate_supply_growing,0.0,-1.0,0.5590814149411997
27018,2023-12-31,4,moderate_supply_growing,0.0,0.0,0.2845451598137987
27020,2023-01-31,4,moderate_supply_growing,1.0,1.0,0.7695209811553886
27020,2023-02-28,4,moderate_supply_growing,1.0,1.0,0.7251587513318919
27020,2023-03-31,4,moderate_supply_growing,0.0,-1.0,0.7296692044625637
27020,2023-04-30,4,moderate_supply_growing,0.0,0.0,0.4999254634018961
27020,2023-05-31,4,moderate_supply_growing,0.0,-1.0,0.2765368671886835
27020,2023-06-30,4,moderate_supply_growing,0.0,0.0,0.2891412840865848
27020,2023-07-31,4,moderate_supply_growing,0.0,0.0,0.4966898638372958
27020,2023-08-31,4,moderate_supply_growing,1.0,1.0,0.8763368897313841
27020,2023-09-30,4,moderate_supply_growing,1.0,1.0,0.9125306766812736
27020,2023-10-31,4,moderate_supply_growing,1.0,1.0,0.929099162941166
27020,2023-11-30,4,moderate_supply_growing,1.0,1.0,0.7989581464840532
27020,2023-12-31,4,moderate_supply_growing,1.0,1.0,0.1171714926541879
27021,2023-01-31,3,affordable_high_demand,0.0,-1.0,0.0204542692011432
27021,2023-02-28,3,affordable_high_demand,0.0,-1.0,0.0190499170385333
27021,2023-03-31,3,affordable_high_demand,0.0,-1.0,0.0177528709524492
27021,2023-04-30,3,affordable_high_demand,0.0,-1.0,0.0446060681200775
27021,2023-05-31,3,affordable_high_demand,0.0,-1.0,0.0653089552822704
27021,2023-06-30,3,affordable_high_demand,0.0,-1.0,0.126436380337032
27021,2023-07-31,3,affordable_high_demand,0.0,-1.0,0.1313815152336149
27021,2023-08-31,3,affordable_high_demand,0.0,0.0,0.3774638478519111
27021,2023-09-30,3,affordable_high_demand,0.0,0.0,0.5421590239637992
27021,2023-10-31,3,affordable_high_demand,0.0,0.0,0.4768489391447724
27021,2023-11-30,3,affordable_high_demand,0.0,0.0,0.2786617906654007
27021,2023-12-31,3,affordable_high_demand,0.0,0.0,0.1725531247890297
27023,2023-01-31,2,competitive_mid_market,0.0,-1.0,0.0135304060561368
27023,2023-02-28,2,competitive_mid_market,0.0,-1.0,0.0136755223490295
27023,2023-03-31,2,competitive_mid_market,0.0,-1.0,0.0107783536084508
27023,2023-04-30,2,competitive_mid_market,0.0,-1.0,0.0203048929133726
27023,2023-05-31,2,competitive_mid_market,0.0,-1.0,0.0259832523543064
27023,2023-06-30,2,competitive_mid_market,0.0,-1.0,0.1107797771500898
27023,2023-07-31,2,competitive_mid_market,0.0,-1.0,0.1987158926092898
27023,2023-08-31,2,competitive_mid_market,0.0,0.0,0.4703229581531856
27023,2023-09-30,2,competitive_mid_market,0.0,0.0,0.4116006708749921
27023,2023-10-31,2,competitive_mid_market,0.0,0.0,0.4601087692951446
27023,2023-11-30,2,competitive_mid_market,0.0,0.0,0.4327507859595866
27023,2023-12-31,2,competitive_mid_market,0.0,0.0,0.3955812076171248
27025,2023-01-31,1,low_activity_cooling,0.0,-1.0,0.02136615934602
27025,2023-02-28,1,low_activity_cooling,0.0,-1.0,0.0275251474223345
27025,2023-03-31,1,low_activity_cooling,0.0,0.0,0.0288204114028225
27025,2023-04-30,1,low_activity_cooling,0.0,-1.0,0.059812082289013
27025,2023-05-31,1,low_activity_cooling,0.0,0.0,0.0731686126666823
27025,2023-06-30,1,low_activity_cooling,0.0,0.0,0.1613429601327835
27025,2023-07-31,1,low_activity_cooling,0.0,0.0,0.3700707369552614
27025,2023-08-31,1,low_activity_cooling,0.0,0.0,0.5430767373450845
27025,2023-09-30,1,low_activity_cooling,0.0,0.0,0.7826843815954607
27025,2023-10-31,1,low_activity_cooling,0.0,0.0,0.5475585469394912
27025,2023-11-30,1,low_activity_cooling,0.0,0.0,0.4842188359731743
27025,2023-12-31,1,low_activity_cooling,0.0,0.0,0.209269335580039
27027,2023-01-31,4,moderate_supply_growing,0.0,0.0,0.2017605341312829
27027,2023-02-28,4,moderate_supply_growing,0.0,0.0,0.340946303248871
27027,2023-03-31,4,moderate_supply_growing,0.0,0.0,0.383005979621293
27027,2023-04-30,4,moderate_supply_growing,1.0,1.0,0.5679585428242039
27027,2023-05-31,4,moderate_supply_growing,1.0,1.0,0.5292428007176933
27027,2023-06-30,4,moderate_supply_growing,0.0,-1.0,0.6898308127921741
27027,2023-07-31,4,moderate_supply_growing,0.0,0.0,0.8155603734182938
27027,2023-08-31,4,moderate_supply_growing,0.0,0.0,0.8799292200642629
27027,2023-09-30,4,moderate_supply_growing,0.0,0.0,0.8274466402423313
27027,2023-10-31,4,moderate_supply_growing,0.0,0.0,0.6471571263832591
27027,2023-11-30,4,moderate_supply_growing,0.0,0.0,0.5943939740219819
27027,2023-12-31,4,moderate_supply_growing,0.0,0.0,0.5642653396004483
27028,2023-01-31,2,competitive_mid_market,0.0,-1.0,0.0151979614942676
27028,2023-02-28,2,competitive_mid_market,0.0,-1.0,0.0164752717735527
27028,2023-03-31,2,competitive_mid_market,0.0,-1.0,0.0097451588267279
27028,2023-04-30,2,competitive_mid_market,0.0,-1.0,0.0216903696982099
27028,2023-05-31,2,competitive_mid_market,0.0,-1.0,0.0252986286630503
27028,2023-06-30,2,competitive_mid_market,0.0,0.0,0.0266520815806176
27028,2023-07-31,2,competitive_mid_market,0.0,0.0,0.0997377325687113
27028,2023-08-31,2,competitive_mid_market,0.0,0.0,0.3521582889521909
27028,2023-09-30,2,competitive_mid_market,0.0,0.0,0.3623848207987964
27028,2023-10-31,2,competitive_mid_market,0.0,0.0,0.4300631539869588
27028,2023-11-30,2,competitive_mid_market,0.0,0.0,0.4084057164216295
27028,2023-12-31,2,competitive_mid_market,0.0,0.0,0.4350227814177103
27030,2023-01-31,3,affordable_high_demand,0.0,-1.0,0.019142661804968
27030,2023-02-28,3,affordable_high_demand,0.0,-1.0,0.0128164911286226
27030,2023-03-31,3,affordable_high_demand,0.0,-1.0,0.006520201537605
27030,2023-04-30,3,affordable_high_demand,0.0,-1.0,0.0740785226512402
27030,2023-05-31,3,affordable_high_demand,0.0,-1.0,0.1459886197626396
27030,2023-06-30,3,affordable_high_demand,0.0,0.0,0.2161714951170529
27030,2023-07-31,3,affordable_high_demand,0.0,0.0,0.40605648429703
27030,2023-08-31,3,affordable_high_demand,0.0,0.0,0.6726736923989101
27030,2023-09-30,3,affordable_high_demand,0.0,0.0,0.8579688258038346
27030,2023-10-31,3,affordable_high_demand,0.0,0.0,0.7500601900260575
27030,2023-11-30,3,affordable_high_demand,0.0,0.0,0.6108466950507794
27030,2023-12-31,3,affordable_high_demand,0.0,0.0,0.3557468328340355
27040,2023-01-31,2,competitive_mid_market,0.0,-1.0,0.008564094644
27040,2023-02-28,2,competitive_mid_market,0.0,-1.0,0.0128536640630237
27040,2023-03-31,2,competitive_mid_market,0.0,-1.0,0.0135333161128178
27040,2023-04-30,2,competitive_mid_market,0.0,-1.0,0.0190307679542898
27040,2023-05-31,2,competitive_mid_market,0.0,-1.0,0.0289260608554534
27040,2023-06-30,2,competitive_mid_market,0.0,-1.0,0.0533029020007861
27040,2023-07-31,2,competitive_mid_market,0.0,-1.0,0.0853844421915561
27040,2023-08-31,2,competitive_mid_market,0.0,-1.0,0.2717503172601568
27040,2023-09-30,2,competitive_mid_market,0.0,-1.0,0.3849486311005178
27040,2023-10-31,2,competitive_mid_market,0.0,-1.0,0.184097448970772
27040,2023-11-30,2,competitive_mid_market,0.0,-1.0,0.2600459209195177
27040,2023-12-31,2,competitive_mid_market,0.0,-1.0,0.1762556783708382
27041,2023-01-31,4,moderate_supply_growing,0.0,-1.0,0.0499967796139228
27041,2023-02-28,4,moderate_supply_growing,0.0,-1.0,0.0645805780594022
27041,2023-03-31,4,moderate_supply_growing,0.0,-1.0,0.0253827797524997
27041,2023-04-30,4,moderate_supply_growing,0.0,-1.0,0.0608154894966894
27041,2023-05-31,4,moderate_supply_growing,0.0,-1.0,0.036780395163132
27041,2023-06-30,4,moderate_supply_growing,0.0,-1.0,0.0713976561227235
27041,2023-07-31,4,moderate_supply_growing,0.0,0.0,0.1072003391224612
27041,2023-08-31,4,moderate_supply_growing,0.0,0.0,0.1669304552662946
27041,2023-09-30,4,moderate_supply_growing,0.0,0.0,0.5033372198262049
27041,2023-10-31,4,moderate_supply_growing,0.0,0.0,0.4248033509943989
27041,2023-11-30,4,moderate_supply_growing,0.0,0.0,0.4918348671372205
27041,2023-12-31,4,moderate_supply_growing,0.0,0.0,0.4024618555780325
27043,2023-01-31,4,moderate_supply_growing,0.0,-1.0,0.0255980260773125
27043,2023-02-28,4,moderate_supply_growing,0.0,-1.0,0.0145772958006241
27043,2023-03-31,4,moderate_supply_growing,0.0,-1.0,0.0159496264371107
27043,2023-04-30,4,moderate_supply_growing,0.0,-1.0,0.0424169768391868
27043,2023-05-31,4,moderate_supply_growing,0.0,-1.0,0.1058724160061521
27043,2023-06-30,4,moderate_supply_growing,0.0,-1.0,0.4694364671771922
27043,2023-07-31,4,moderate_supply_growing,0.0,-1.0,0.0760083372536724
27043,2023-08-31,4,moderate_supply_growing,0.0,-1.0,0.2315285281098515
27043,2023-09-30,4,moderate_supply_growing,0.0,0.0,0.6298828308141161
27043,2023-10-31,4,moderate_supply_growing,0.0,0.0,0.4026238654820039
27043,2023-11-30,4,moderate_supply_growing,0.0,0.0,0.5861859828888513
27043,2023-12-31,4,moderate_supply_growing,0.0,0.0,0.318461907804198
27045,2023-01-31,3,affordable_high_demand,0.0,-1.0,0.0158066542539892
27045,2023-02-28,3,affordable_high_demand,0.0,-1.0,0.0149171054974092
27045,2023-03-31,3,affordable_high_demand,0.0,-1.0,0.015761019434512
27045,2023-04-30,3,affordable_high_demand,0.0,-1.0,0.0153211728483454
27045,2023-05-31,3,affordable_high_demand,0.0,-1.0,0.0323478125044317
27045,2023-06-30,3,affordable_high_demand,0.0,0.0,0.0943154370203194
27045,2023-07-31,3,affordable_high_demand,0.0,0.0,0.1163011654588359
27045,2023-08-31,3,affordable_high_demand,0.0,0.0,0.2170251893915244
27045,2023-09-30,3,affordable_high_demand,0.0,0.0,0.4092587795305246
27045,2023-10-31,3,affordable_high_demand,0.0,0.0,0.4561953232559095
27045,2023-11-30,3,affordable_high_demand,0.0,0.0,0.558132522686918
27045,2023-12-31,3,affordable_high_demand,0.0,0.0,0.5183717913617086
27048,2023-01-31,1,low_activity_cooling,0.0,0.0,0.0996634345624479
27048,2023-02-28,1,low_activity_cooling,0.0,0.0,0.3118270022546413
27048,2023-03-31,1,low_activity_cooling,0.0,0.0,0.2291300825219355
27048,2023-04-30,1,low_activity_cooling,0.0,0.0,0.2547370821767004
27048,2023-05-31,1,low_activity_cooling,0.0,0.0,0.3654385475508544
27048,2023-06-30,1,low_activity_cooling,0.0,0.0,0.4747125130961385
27048,2023-07-31,1,low_activity_cooling,0.0,0.0,0.6555805996156437
27048,2023-08-31,1,low_activity_cooling,0.0,0.0,0.1608275530945913
27048,2023-09-30,1,low_activity_cooling,0.0,-1.0,0.1246902076416188
27048,2023-10-31,1,low_activity_cooling,0.0,-1.0,0.2690225531227146
27048,2023-11-30,1,low_activity_cooling,0.0,0.0,0.2623692641864111
27048,2023-12-31,1,low_activity_cooling,0.0,0.0,0.1770704929734854
27050,2023-01-31,2,competitive_mid_market,0.0,-1.0,0.0066188927325937
27050,2023-02-28,2,competitive_mid_market,0.0,-1.0,0.024836937648882
27050,2023-03-31,2,competitive_mid_market,0.0,-1.0,0.0145869638693323
27050,2023-04-30,2,competitive_mid_market,0.0,0.0,0.0269436873204468
27050,2023-05-31,2,competitive_mid_market,0.0,0.0,0.2580025817916756
27050,2023-06-30,2,competitive_mid_market,0.0,0.0,0.2948344175619635
27050,2023-07-31,2,competitive_mid_market,0.0,0.0,0.2949102598612996
27050,2023-08-31,2,competitive_mid_market,0.0,-1.0,0.3944135725366789
27050,2023-09-30,2,competitive_mid_market,0.0,-1.0,0.3902197380941933
27050,2023-10-31,2,competitive_mid_market,0.0,-1.0,0.4797082570961453
27050,2023-11-30,2,competitive_mid_market,0.0,0.0,0.5968393542774618
27050,2023-12-31,2,competitive_mid_market,0.0,0.0,0.519057207283015
27051,2023-01-31,3,affordable_high_demand,0.0,-1.0,0.0094170596166777
27051,2023-02-28,3,affordable_high_demand,0.0,-1.0,0.016063619811098
27051,2023-03-31,3,affordable_high_demand,0.0,-1.0,0.0186437620461792
27051,2023-04-30,3,affordable_high_demand,0.0,-1.0,0.0780210094460961
27051,2023-05-31,3,affordable_high_demand,0.0,0.0,0.1234879943005054
27051,2023-06-30,3,affordable_high_demand,0.0,0.0,0.1080211378160712
27051,2023-07-31,3,affordable_high_demand,0.0,0.0,0.1607803285737443
27051,2023-08-31,3,affordable_high_demand,0.0,0.0,0.1251090343515344
27051,2023-09-30,3,affordable_high_demand,0.0,0.0,0.270610340400137
27051,2023-10-31,3,affordable_high_demand,0.0,0.0,0.4517758878481575
27051,2023-11-30,3,affordable_high_demand,0.0,0.0,0.2361443878930108
27051,2023-12-31,3,affordable_high_demand,0.0,0.0,0.09690450784333
27052,2023-01-31,2,competitive_mid_market,0.0,0.0,0.0095461102455543
27052,2023-02-28,2,competitive_mid_market,0.0,0.0,0.0202155056669091
27052,2023-03-31,2,competitive_mid_market,0.0,-1.0,0.0187907062823673
27052,2023-04-30,2,competitive_mid_market,0.0,0.0,0.0880475827307676
27052,2023-05-31,2,competitive_mid_market,0.0,0.0,0.2877412754003317
27052,2023-06-30,2,competitive_mid_market,0.0,0.0,0.2244138220054153
27052,2023-07-31,2,competitive_mid_market,0.0,0.0,0.0886103947342983
27052,2023-08-31,2,competitive_mid_market,0.0,0.0,0.1115718293953274
27052,2023-09-30,2,competitive_mid_market,0.0,0.0,0.248198901168984
27052,2023-10-31,2,competitive_mid_market,0.0,0.0,0.3264193244662787
27052,2023-11-30,2,competitive_mid_market,0.0,0.0,0.214414391628262
27052,2023-12-31,2,competitive_mid_market,0.0,-1.0,0.1020947791083421
27053,2023-01-31,1,low_activity_cooling,1.0,1.0,0.1869430567024043
27053,2023-02-28,1,low_activity_cooling,1.0,1.0,0.1813436853170525
27053,2023-03-31,1,low_activity_cooling,1.0,1.0,0.1005240102823958
27053,2023-04-30,1,low_activity_cooling,0.0,0.0,0.2548153951509924
27053,2023-05-31,1,low_activity_cooling,0.0,0.0,0.3309654439442024
27053,2023-06-30,1,low_activity_cooling,1.0,1.0,0.5144673256492672
27053,2023-07-31,1,low_activity_cooling,0.0,0.0,0.2830366181718647
27053,2023-08-31,1,low_activity_cooling,0.0,0.0,0.1285773900386196
27053,2023-09-30,1,low_activity_cooling,0.0,0.0,0.2329357074317931
27053,2023-10-31,1,low_activity_cooling,0.0,0.0,0.2981381764625425
27053,2023-11-30,1,low_activity_cooling,0.0,0.0,0.5611664043609041
27053,2023-12-31,1,low_activity_cooling,0.0,0.0,0.1888730783680985
27054,2023-01-31,1,low_activity_cooling,0.0,0.0,0.0149904869679438
27054,2023-02-28,1,low_activity_cooling,0.0,0.0,0.0242344687268219
27054,2023-03-31,1,low_activity_cooling,1.0,1.0,0.0455978386949443
27054,2023-04-30,1,low_activity_cooling,0.0,0.0,0.2902841033187257
27054,2023-05-31,1,low_activity_cooling,0.0,0.0,0.0918734512344649
27054,2023-06-30,1,low_activity_cooling,1.0,1.0,0.2266680235246378
27054,2023-07-31,1,low_activity_cooling,1.0,1.0,0.5162168138724447
27054,2023-08-31,1,low_activity_cooling,1.0,1.0,0.5479736375483596
27054,2023-09-30,1,low_activity_cooling,1.0,1.0,0.6711463670441813
27054,2023-10-31,1,low_activity_cooling,1.0,1.0,0.8032878321378351
27054,2023-11-30,1,low_activity_cooling,1.0,1.0,0.7603875106175424
27054,2023-12-31,1,low_activity_cooling,1.0,1.0,0.789609302268763
27055,2023-01-31,2,competitive_mid_market,0.0,-1.0,0.0055473052776776
27055,2023-02-28,2,competitive_mid_market,0.0,-1.0,0.0113303464756532
27055,2023-03-31,2,competitive_mid_market,0.0,-1.0,0.0109174809328992
27055,2023-04-30,2,competitive_mid_market,0.0,-1.0,0.0414514791641375
27055,2023-05-31,2,competitive_mid_market,0.0,-1.0,0.1341691852301741
27055,2023-06-30,2,competitive_mid_market,0.0,-1.0,0.1163254878417845
27055,2023-07-31,2,competitive_mid_market,0.0,-1.0,0.1543378535199277
27055,2023-08-31,2,competitive_mid_market,0.0,-1.0,0.4394448636529576
27055,2023-09-30,2,competitive_mid_market,0.0,0.0,0.5739015005262696
27055,2023-10-31,2,competitive_mid_market,0.0,0.0,0.1707872193371766
27055,2023-11-30,2,competitive_mid_market,0.0,-1.0,0.0594417301239197
27055,2023-12-31,2,competitive_mid_market,0.0,-1.0,0.0336087723705138
27101,2023-01-31,3,affordable_high_demand,0.0,0.0,0.0154121403406552
27101,2023-02-28,3,affordable_high_demand,0.0,0.0,0.0196086179965418
27101,2023-03-31,3,affordable_high_demand,0.0,0.0,0.0273693166896704
27101,2023-04-30,3,affordable_high_demand,0.0,-1.0,0.0489585376025299
27101,2023-05-31,3,affordable_high_demand,0.0,0.0,0.1075954695498941
27101,2023-06-30,3,affordable_high_demand,0.0,0.0,0.1283469290485294
27101,2023-07-31,3,affordable_high_demand,0.0,0.0,0.1806072611140515
27101,2023-08-31,3,affordable_high_demand,0.0,0.0,0.2750135432812279
27101,2023-09-30,3,affordable_high_demand,0.0,0.0,0.570427553499968
27101,2023-10-31,3,affordable_high_demand,0.0,0.0,0.4693171826338677
27101,2023-11-30,3,affordable_high_demand,0.0,0.0,0.3453082305760107
27101,2023-12-31,3,affordable_high_demand,0.0,0.0,0.2865523066573881
27103,2023-01-31,3,affordable_high_demand,0.0,0.0,0.0077245173928329
27103,2023-02-28,3,affordable_high_demand,0.0,-1.0,0.0129603078250466
27103,2023-03-31,3,affordable_high_demand,0.0,-1.0,0.0126698517319516
27103,2023-04-30,3,affordable_high_demand,0.0,-1.0,0.03251428318419
27103,2023-05-31,3,affordable_high_demand,0.0,-1.0,0.0950309259452381
27103,2023-06-30,3,affordable_high_demand,0.0,-1.0,0.5171338157982011
27103,2023-07-31,3,affordable_high_demand,0.0,-1.0,0.33692524776115
27103,2023-08-31,3,affordable_high_demand,0.0,-1.0,0.5078373777585437
27103,2023-09-30,3,affordable_high_demand,0.0,0.0,0.2521563883039484
27103,2023-10-31,3,affordable_high_demand,0.0,0.0,0.3042166589794977
27103,2023-11-30,3,affordable_high_demand,0.0,0.0,0.2635490671289544
27103,2023-12-31,3,affordable_high_demand,0.0,0.0,0.2612505617511358
27104,2023-01-31,2,competitive_mid_market,0.0,0.0,0.0107910046102682
27104,2023-02-28,2,competitive_mid_market,0.0,0.0,0.0149367188464261
27104,2023-03-31,2,competitive_mid_market,0.0,0.0,0.0218684584501272
27104,2023-04-30,2,competitive_mid_market,0.0,0.0,0.0660883787112997
27104,2023-05-31,2,competitive_mid_market,0.0,0.0,0.2245831434681459
27104,2023-06-30,2,competitive_mid_market,0.0,0.0,0.3312382262869899
27104,2023-07-31,2,competitive_mid_market,0.0,-1.0,0.5045383488725041
27104,2023-08-31,2,competitive_mid_market,0.0,0.0,0.445107157412259
27104,2023-09-30,2,competitive_mid_market,0.0,0.0,0.4644568637628711
27104,2023-10-31,2,competitive_mid_market,0.0,0.0,0.3858345530517191
27104,2023-11-30,2,competitive_mid_market,0.0,0.0,0.3632803311789956
27104,2023-12-31,2,competitive_mid_market,0.0,0.0,0.3600777292418771
27105,2023-01-31,3,affordable_high_demand,0.0,0.0,0.0324946105985212
27105,2023-02-28,3,affordable_high_demand,0.0,0.0,0.01986603773691
27105,2023-03-31,3,affordable_high_demand,0.0,0.0,0.0315459763797463
27105,2023-04-30,3,affordable_high_demand,0.0,0.0,0.2266088905552152
27105,2023-05-31,3,affordable_high_demand,0.0,0.0,0.4466738828125097
27105,2023-06-30,3,affordable_high_demand,0.0,0.0,0.5614767825266176
27105,2023-07-31,3,affordable_high_demand,0.0,0.0,0.3667295819837083
27105,2023-08-31,3,affordable_high_demand,0.0,0.0,0.36955425301708
27105,2023-09-30,3,affordable_high_demand,0.0,0.0,0.5946261943697478
27105,2023-10-31,3,affordable_high_demand,0.0,0.0,0.6276938183300999
27105,2023-11-30,3,affordable_high_demand,0.0,0.0,0.4112929606077988
27105,2023-12-31,3,affordable_high_demand,0.0,0.0,0.2340728776991356
27106,2023-01-31,2,competitive_mid_market,0.0,-1.0,0.007550807533891
27106,2023-02-28,2,competitive_mid_market,0.0,-1.0,0.0092872595383046
27106,2023-03-31,2,competitive_mid_market,0.0,-1.0,0.0145954770522594
27106,2023-04-30,2,competitive_mid_market,0.0,-1.0,0.0519666588957656
27106,2023-05-31,2,competitive_mid_market,0.0,-1.0,0.0822950757459721
27106,2023-06-30,2,competitive_mid_market,0.0,0.0,0.3459637094069054
27106,2023-07-31,2,competitive_mid_market,0.0,0.0,0.3028395572888966
27106,2023-08-31,2,competitive_mid_market,0.0,0.0,0.6211047665932573
27106,2023-09-30,2,competitive_mid_market,0.0,0.0,0.4001792687777241
27106,2023-10-31,2,competitive_mid_market,0.0,0.0,0.2735513444854483
27106,2023-11-30,2,competitive_mid_market,0.0,0.0,0.2631058151657287
27106,2023-12-31,2,competitive_mid_market,0.0,0.0,0.3626484658703366
27107,2023-01-31,3,affordable_high_demand,0.0,-1.0,0.0071012544960904
27107,2023-02-28,3,affordable_high_demand,0.0,-1.0,0.007473994357926
27107,2023-03-31,3,affordable_high_demand,0.0,-1.0,0.0182904497754702
27107,2023-04-30,3,affordable_high_demand,0.0,0.0,0.0153758028294068
27107,2023-05-31,3,affordable_high_demand,0.0,0.0,0.0497264203824768
27107,2023-06-30,3,affordable_high_demand,0.0,0.0,0.1289783247447049
27107,2023-07-31,3,affordable_high_demand,0.0,0.0,0.2538600766048125
27107,2023-08-31,3,affordable_high_demand,0.0,0.0,0.6096616708999321
27107,2023-09-30,3,affordable_high_demand,0.0,0.0,0.7654199562643903
27107,2023-10-31,3,affordable_high_demand,0.0,0.0,0.675386379076888
27107,2023-11-30,3,affordable_high_demand,0.0,0.0,0.5062443067015836
27107,2023-12-31,3,affordable_high_demand,0.0,0.0,0.4591289666153142
27127,2023-01-31,3,affordable_high_demand,0.0,-1.0,0.0053054969445964
27127,2023-02-28,3,affordable_high_demand,0.0,-1.0,0.0091086310193649
27127,2023-03-31,3,affordable_high_demand,0.0,-1.0,0.0095925050244424
27127,2023-04-30,3,affordable_high_demand,0.0,-1.0,0.0357399927994284
27127,2023-05-31,3,affordable_high_demand,0.0,-1.0,0.1315945347788744
27127,2023-06-30,3,affordable_high_demand,0.0,-1.0,0.2946919279796473
27127,2023-07-31,3,affordable_high_demand,0.0,-1.0,0.3897563975005958
27127,2023-08-31,3,affordable_high_demand,0.0,0.0,0.5890520990894735
27127,2023-09-30,3,affordable_high_demand,0.0,0.0,0.4442747127811075
27127,2023-10-31,3,affordable_high_demand,0.0,0.0,0.4916732722064202
27127,2023-11-30,3,affordable_high_demand,0.0,0.0,0.2443624984268893
27127,2023-12-31,3,affordable_high_demand,0.0,0.0,0.2683140190658994
27203,2023-01-31,3,affordable_high_demand,0.0,0.0,0.0299169968059539
27203,2023-02-28,3,affordable_high_demand,0.0,0.0,0.0406629813952413
27203,2023-03-31,3,affordable_high_demand,0.0,0.0,0.0886573231979474
27203,2023-04-30,3,affordable_high_demand,0.0,0.0,0.4301695051009072
27203,2023-05-31,3,affordable_high_demand,0.0,0.0,0.1374483468758937
27203,2023-06-30,3,affordable_high_demand,0.0,0.0,0.2538934146427709
27203,2023-07-31,3,affordable_high_demand,0.0,0.0,0.1776386458267898
27203,2023-08-31,3,affordable_high_demand,0.0,0.0,0.218645087900157
27203,2023-09-30,3,affordable_high_demand,0.0,0.0,0.3729735766440763
27203,2023-10-31,3,affordable_high_demand,0.0,0.0,0.4940622785501664
27203,2023-11-30,3,affordable_high_demand,0.0,0.0,0.5269500579762858
27203,2023-12-31,3,affordable_high_demand,0.0,0.0,0.4076716774947605
27205,2023-01-31,2,competitive_mid_market,0.0,-1.0,0.0212178394581873
27205,2023-02-28,2,competitive_mid_market,0.0,-1.0,0.0289103289982204
27205,2023-03-31,2,competitive_mid_market,0.0,-1.0,0.0362240097852259
27205,2023-04-30,2,competitive_mid_market,0.0,-1.0,0.1508740848975749
27205,2023-05-31,2,competitive_mid_market,0.0,-1.0,0.1898625148731815
27205,2023-06-30,2,competitive_mid_market,0.0,0.0,0.4041855898889727
27205,2023-07-31,2,competitive_mid_market,0.0,0.0,0.2841352253459751
27205,2023-08-31,2,competitive_mid_market,0.0,0.0,0.5326788654890413
27205,2023-09-30,2,competitive_mid_market,0.0,0.0,0.6640627500977049
27205,2023-10-31,2,competitive_mid_market,0.0,0.0,0.5083343612332153
27205,2023-11-30,2,competitive_mid_market,0.0,0.0,0.4245790798711056
27205,2023-12-31,2,competitive_mid_market,0.0,0.0,0.2469236806008032
27214,2023-01-31,3,affordable_high_demand,0.0,-1.0,0.008455469859915
27214,2023-02-28,3,affordable_high_demand,0.0,-1.0,0.0117223968815238
27214,2023-03-31,3,affordable_high_demand,0.0,-1.0,0.0060102793812707
27214,2023-04-30,3,affordable_high_demand,0.0,-1.0,0.0121458668727307
27214,2023-05-31,3,affordable_high_demand,0.0,-1.0,0.0482682235075936
27214,2023-06-30,3,affordable_high_demand,0.0,-1.0,0.0778828971637148
27214,2023-07-31,3,affordable_high_demand,0.0,-1.0,0.2351692814169793
27214,2023-08-31,3,affordable_high_demand,0.0,-1.0,0.3666171389783837
27214,2023-09-30,3,affordable_high_demand,0.0,0.0,0.4894504242921822
27214,2023-10-31,3,affordable_high_demand,0.0,0.0,0.4111325738372989
27214,2023-11-30,3,affordable_high_demand,0.0,0.0,0.3415152032549249
27214,2023-12-31,3,affordable_high_demand,0.0,0.0,0.1578329667541237
27215,2023-01-31,2,competitive_mid_market,0.0,-1.0,0.0057673252587711
27215,2023-02-28,2,competitive_mid_market,0.0,-1.0,0.0074182416437414
27215,2023-03-31,2,competitive_mid_market,0.0,-1.0,0.0172753765163034
27215,2023-04-30,2,competitive_mid_market,0.0,-1.0,0.0326327267175819
27215,2023-05-31,2,competitive_mid_market,0.0,-1.0,0.0272296910859187
27215,2023-06-30,2,competitive_mid_market,0.0,-1.0,0.0278114389822609
27215,2023-07-31,2,competitive_mid_market,0.0,-1.0,0.0511895591496033
27215,2023-08-31,2,competitive_mid_market,0.0,-1.0,0.1250073756701354
27215,2023-09-30,2,competitive_mid_market,0.0,-1.0,0.1519248625384166
27215,2023-10-31,2,competitive_mid_market,0.0,-1.0,0.1421372310544299
27215,2023-11-30,2,competitive_mid_market,0.0,-1.0,0.127659591616852
27215,2023-12-31,2,competitive_mid_market,0.0,-1.0,0.1106893846263191
27217,2023-01-31,3,affordable_high_demand,0.0,-1.0,0.0075293234357632
27217,2023-02-28,3,affordable_high_demand,0.0,-1.0,0.0085816841852418
27217,2023-03-31,3,affordable_high_demand,0.0,-1.0,0.0150725521750157
27217,2023-04-30,3,affordable_high_demand,0.0,0.0,0.0239797333889733
27217,2023-05-31,3,affordable_high_demand,0.0,0.0,0.0338205269413605
27217,2023-06-30,3,affordable_high_demand,0.0,-1.0,0.0605014190738705
27217,2023-07-31,3,affordable_high_demand,0.0,-1.0,0.0601215570623412
27217,2023-08-31,3,affordable_high_demand,0.0,-1.0,0.3388712218831324
27217,2023-09-30,3,affordable_high_demand,0.0,0.0,0.2111516259452719
27217,2023-10-31,3,affordable_high_demand,0.0,0.0,0.2487339409129891
27217,2023-11-30,3,affordable_high_demand,0.0,0.0,0.2268384634369811
27217,2023-12-31,3,affordable_high_demand,0.0,0.0,0.1496410007358984
27231,2023-01-31,4,moderate_supply_growing,0.0,-1.0,0.0189418388972034
27231,2023-02-28,4,moderate_supply_growing,0.0,0.0,0.0336845059300202
27231,2023-03-31,4,moderate_supply_growing,0.0,0.0,0.0521090912107579
27231,2023-04-30,4,moderate_supply_growing,1.0,1.0,0.249030077687742
27231,2023-05-31,4,moderate_supply_growing,1.0,1.0,0.3861564155598712
27231,2023-06-30,4,moderate_supply_growing,1.0,1.0,0.2589794551602283
27231,2023-07-31,4,moderate_supply_growing,1.0,1.0,0.4482394377765841
27231,2023-08-31,4,moderate_supply_growing,1.0,1.0,0.7546965876431694
27231,2023-09-30,4,moderate_supply_growing,1.0,1.0,0.5110018385542782
27231,2023-10-31,4,moderate_supply_growing,1.0,1.0,0.7427838104835929
27231,2023-11-30,4,moderate_supply_growing,1.0,1.0,0.8096722755530621
27231,2023-12-31,4,moderate_supply_growing,1.0,1.0,0.794800118259059
27233,2023-01-31,4,moderate_supply_growing,0.0,-1.0,0.0286689355580394
27233,2023-02-28,4,moderate_supply_growing,0.0,0.0,0.7041988679126224
27233,2023-03-31,4,moderate_supply_growing,1.0,1.0,0.6930978832548181
27233,2023-04-30,4,moderate_supply_growing,1.0,1.0,0.3810431724138434
27233,2023-05-31,4,moderate_supply_growing,0.0,0.0,0.0742039590197436
27233,2023-06-30,4,moderate_supply_growing,0.0,-1.0,0.1080289799655295
27233,2023-07-31,4,moderate_supply_growing,0.0,-1.0,0.1103312172377563
27233,2023-08-31,4,moderate_supply_growing,0.0,-1.0,0.2440640465540844
27233,2023-09-30,4,moderate_supply_growing,0.0,0.0,0.3017510831703564
27233,2023-10-31,4,moderate_supply_growing,0.0,0.0,0.8499927729367087
27233,2023-11-30,4,moderate_supply_growing,1.0,1.0,0.7741296015972892
27233,2023-12-31,4,moderate_supply_growing,1.0,1.0,0.7245375733265574
27235,2023-01-31,2,competitive_mid_market,0.0,-1.0,0.0125927310516037
27235,2023-02-28,2,competitive_mid_market,0.0,-1.0,0.0245787226117
27235,2023-03-31,2,competitive_mid_market,0.0,-1.0,0.0124893098734192
27235,2023-04-30,2,competitive_mid_market,0.0,-1.0,0.021722642851153
27235,2023-05-31,2,competitive_mid_market,0.0,-1.0,0.0527195649143321
27235,2023-06-30,2,competitive_mid_market,0.0,-1.0,0.029099160231223
27235,2023-07-31,2,competitive_mid_market,0.0,-1.0,0.0413313967316627
27235,2023-08-31,2,competitive_mid_market,0.0,-1.0,0.0519033767354613
27235,2023-09-30,2,competitive_mid_market,0.0,-1.0,0.270458848855543
27235,2023-10-31,2,competitive_mid_market,0.0,-1.0,0.311974138654255
27235,2023-11-30,2,competitive_mid_market,0.0,-1.0,0.3542966059838549
27235,2023-12-31,2,competitive_mid_market,0.0,-1.0,0.1797098174330414
27239,2023-01-31,3,affordable_high_demand,0.0,0.0,0.0276181584882954
27239,2023-02-28,3,affordable_high_demand,0.0,0.0,0.0305468712515358
27239,2023-03-31,3,affordable_high_demand,0.0,0.0,0.1322914134867035
27239,2023-04-30,3,affordable_high_demand,0.0,0.0,0.3024667398124396
27239,2023-05-31,3,affordable_high_demand,0.0,0.0,0.4134174698523891
27239,2023-06-30,3,affordable_high_demand,0.0,0.0,0.5676067841572823
27239,2023-07-31,3,affordable_high_demand,0.0,0.0,0.2688878849855058
27239,2023-08-31,3,affordable_high_demand,0.0,0.0,0.5517309880672749
27239,2023-09-30,3,affordable_high_demand,0.0,0.0,0.6434639654049576
27239,2023-10-31,3,affordable_high_demand,0.0,0.0,0.436486389650365
27239,2023-11-30,3,affordable_high_demand,0.0,0.0,0.1657498659569676
27239,2023-12-31,3,affordable_high_demand,0.0,0.0,0.0620392274925953
27243,2023-01-31,4,moderate_supply_growing,0.0,-1.0,0.020067518932685
27243,2023-02-28,4,moderate_supply_growing,0.0,-1.0,0.0303007664634549
27243,2023-03-31,4,moderate_supply_growing,0.0,-1.0,0.1014478826833575
27243,2023-04-30,4,moderate_supply_growing,0.0,-1.0,0.0290861333750465
27243,2023-05-31,4,moderate_supply_growing,0.0,-1.0,0.0852301083516144
27243,2023-06-30,4,moderate_supply_growing,0.0,-1.0,0.1969392529037606
27243,2023-07-31,4,moderate_supply_growing,0.0,-1.0,0.1071810863859269
27243,2023-08-31,4,moderate_supply_growing,0.0,-1.0,0.1543876004631784
27243,2023-09-30,4,moderate_supply_growing,0.0,-1.0,0.1172800502034187
27243,2023-10-31,4,moderate_supply_growing,0.0,-1.0,0.1688590469922825
27243,2023-11-30,4,moderate_supply_growing,0.0,-1.0,0.2858907373070925
27243,2023-12-31,4,moderate_supply_growing,0.0,-1.0,0.3027381839983151
27244,2023-01-31,2,competitive_mid_market,0.0,-1.0,0.022245181336642
27244,2023-02-28,2,competitive_mid_market,0.0,0.0,0.0292982403742857
27244,2023-03-31,2,competitive_mid_market,0.0,-1.0,0.0481751086047667
27244,2023-04-30,2,competitive_mid_market,0.0,-1.0,0.022956550281038
27244,2023-05-31,2,competitive_mid_market,0.0,-1.0,0.0363200650551078
27244,2023-06-30,2,competitive_mid_market,0.0,-1.0,0.178595893626679
27244,2023-07-31,2,competitive_mid_market,0.0,-1.0,0.2414393252548142
27244,2023-08-31,2,competitive_mid_market,0.0,-1.0,0.5688907020612294
27244,2023-09-30,2,competitive_mid_market,0.0,0.0,0.6391426725270409
27244,2023-10-31,2,competitive_mid_market,0.0,-1.0,0.2870169633631623
27244,2023-11-30,2,competitive_mid_market,0.0,-1.0,0.2239266268571091
27244,2023-12-31,2,competitive_mid_market,0.0,-1.0,0.1684141866150721
27248,2023-01-31,4,moderate_supply_growing,1.0,1.0,0.1643722542100957
27248,2023-02-28,4,moderate_supply_growing,0.0,0.0,0.1090371985304216
27248,2023-03-31,4,moderate_supply_growing,0.0,0.0,0.1499992833021189
27248,2023-04-30,4,moderate_supply_growing,0.0,0.0,0.1277896528845373
27248,2023-05-31,4,moderate_supply_growing,0.0,0.0,0.0099864994914282
27248,2023-06-30,4,moderate_supply_growing,0.0,0.0,0.2273391033592922
27248,2023-07-31,4,moderate_supply_growing,0.0,0.0,0.5039867596329951
27248,2023-08-31,4,moderate_supply_growing,0.0,0.0,0.5483027306298904
27248,2023-09-30,4,moderate_supply_growing,0.0,0.0,0.2208849474534429
27248,2023-10-31,4,moderate_supply_growing,0.0,0.0,0.4849068286105821
27248,2023-11-30,4,moderate_supply_growing,0.0,0.0,0.3693071107945538
27248,2023-12-31,4,moderate_supply_growing,0.0,0.0,0.3292865451618833
27249,2023-01-31,4,moderate_supply_growing,0.0,-1.0,0.005224320652095
27249,2023-02-28,4,moderate_supply_growing,0.0,-1.0,0.0118119296093263
27249,2023-03-31,4,moderate_supply_growing,0.0,-1.0,0.0179169523048502
27249,2023-04-30,4,moderate_supply_growing,0.0,-1.0,0.0224984050615543
27249,2023-05-31,4,moderate_supply_growing,0.0,-1.0,0.0487746735381195
27249,2023-06-30,4,moderate_supply_growing,0.0,-1.0,0.0394587283783088
27249,2023-07-31,4,moderate_supply_growing,0.0,-1.0,0.0903965898370496
27249,2023-08-31,4,moderate_supply_growing,0.0,-1.0,0.4122233086645669
27249,2023-09-30,4,moderate_supply_growing,0.0,0.0,0.6364942312284925
27249,2023-10-31,4,moderate_supply_growing,0.0,0.0,0.5619710473415738
27249,2023-11-30,4,moderate_supply_growing,0.0,0.0,0.4178896280373493
27249,2023-12-31,4,moderate_supply_growing,0.0,0.0,0.2202024521324269
27253,2023-01-31,3,affordable_high_demand,0.0,-1.0,0.0066559561755926
27253,2023-02-28,3,affordable_high_demand,0.0,-1.0,0.0079109074896624
27253,2023-03-31,3,affordable_high_demand,0.0,-1.0,0.0091641800498523
27253,2023-04-30,3,affordable_high_demand,0.0,-1.0,0.021682666015094
27253,2023-05-31,3,affordable_high_demand,0.0,-1.0,0.0425201849672523
27253,2023-06-30,3,affordable_high_demand,0.0,-1.0,0.1010062988290428
27253,2023-07-31,3,affordable_high_demand,0.0,-1.0,0.1261510802536313
27253,2023-08-31,3,affordable_high_demand,0.0,-1.0,0.3028297253304892
27253,2023-09-30,3,affordable_high_demand,0.0,-1.0,0.288663872623145
27253,2023-10-31,3,affordable_high_demand,0.0,0.0,0.3846738393831443
27253,2023-11-30,3,affordable_high_demand,0.0,0.0,0.2753534562339099
27253,2023-12-31,3,affordable_high_demand,0.0,0.0,0.3167332016353829
27258,2023-01-31,3,affordable_high_demand,0.0,-1.0,0.0072894422827013
27258,2023-02-28,3,affordable_high_demand,0.0,-1.0,0.0187456359320103
27258,2023-03-31,3,affordable_high_demand,0.0,-1.0,0.0282410578843724
27258,2023-04-30,3,affordable_high_demand,0.0,-1.0,0.0331151918648098
27258,2023-05-31,3,affordable_high_demand,0.0,-1.0,0.040711941586005
27258,2023-06-30,3,affordable_high_demand,0.0,-1.0,0.0739651562171219
27258,2023-07-31,3,affordable_high_demand,0.0,-1.0,0.464375488312988
27258,2023-08-31,3,affordable_high_demand,0.0,0.0,0.7828008480466478
27258,2023-09-30,3,affordable_high_demand,0.0,0.0,0.7335633015705246
27258,2023-10-31,3,affordable_high_demand,0.0,0.0,0.4102789095630615
27258,2023-11-30,3,affordable_high_demand,0.0,0.0,0.3224248989287057
27258,2023-12-31,3,affordable_high_demand,0.0,0.0,0.274234414024164
27260,2023-01-31,4,moderate_supply_growing,0.0,0.0,0.0281502774485251
27260,2023-02-28,4,moderate_supply_growing,0.0,0.0,0.0343580414806874
27260,2023-03-31,4,moderate_supply_growing,0.0,0.0,0.0328306505967734
27260,2023-04-30,4,moderate_supply_growing,0.0,0.0,0.2209321803275814
27260,2023-05-31,4,moderate_supply_growing,0.0,0.0,0.2997046263643432
27260,2023-06-30,4,moderate_supply_growing,0.0,-1.0,0.1101697339398881
27260,2023-07-31,4,moderate_supply_growing,0.0,0.0,0.2387734012496579
27260,2023-08-31,4,moderate_supply_growing,0.0,0.0,0.4319106316655885
27260,2023-09-30,4,moderate_supply_growing,0.0,0.0,0.4464651966732931
27260,2023-10-31,4,moderate_supply_growing,0.0,0.0,0.4119113789173163
27260,2023-11-30,4,moderate_supply_growing,0.0,0.0,0.4760759849288651
27260,2023-12-31,4,moderate_supply_growing,0.0,0.0,0.4783978536513621
27262,2023-01-31,3,affordable_high_demand,0.0,-1.0,0.0154124906007694
27262,2023-02-28,3,affordable_high_demand,0.0,0.0,0.0152049521505768
27262,2023-03-31,3,affordable_high_demand,0.0,0.0,0.0260631502800879
27262,2023-04-30,3,affordable_high_demand,0.0,0.0,0.1133359690501513
27262,2023-05-31,3,affordable_high_demand,0.0,0.0,0.1872898835289063
27262,2023-06-30,3,affordable_high_demand,0.0,0.0,0.3888885499140794
27262,2023-07-31,3,affordable_high_demand,0.0,0.0,0.2777360858544234
27262,2023-08-31,3,affordable_high_demand,0.0,0.0,0.5688527130881454
27262,2023-09-30,3,affordable_high_demand,0.0,0.0,0.5025948579699641
27262,2023-10-31,3,affordable_high_demand,0.0,0.0,0.5881321172417476
27262,2023-11-30,3,affordable_high_demand,0.0,0.0,0.2643352641764707
27262,2023-12-31,3,affordable_high_demand,0.0,0.0,0.204917478449735
27263,2023-01-31,3,affordable_high_demand,0.0,-1.0,0.010477955867109
27263,2023-02-28,3,affordable_high_demand,0.0,-1.0,0.0215368566659564
27263,2023-03-31,3,affordable_high_demand,0.0,-1.0,0.0186649772575902
27263,2023-04-30,3,affordable_high_demand,0.0,-1.0,0.0418884490560652
27263,2023-05-31,3,affordable_high_demand,0.0,-1.0,0.095355412468402
27263,2023-06-30,3,affordable_high_demand,0.0,-1.0,0.1839510460902523
27263,2023-07-31,3,affordable_high_demand,0.0,0.0,0.2544615344287336
27263,2023-08-31,3,affordable_high_demand,0.0,0.0,0.4200048529653526
27263,2023-09-30,3,affordable_high_demand,0.0,0.0,0.364816974727349
27263,2023-10-31,3,affordable_high_demand,0.0,0.0,0.3643073844114705
27263,2023-11-30,3,affordable_high_demand,0.0,0.0,0.2314101708047945
27263,2023-12-31,3,affordable_high_demand,0.0,0.0,0.198917764046327
27265,2023-01-31,3,affordable_high_demand,0.0,-1.0,0.0055663565138087
27265,2023-02-28,3,affordable_high_demand,0.0,-1.0,0.007434254808305
27265,2023-03-31,3,affordable_high_demand,0.0,-1.0,0.0102832057222122
27265,2023-04-30,3,affordable_high_demand,0.0,-1.0,0.0224315616915554
27265,2023-05-31,3,affordable_high_demand,0.0,-1.0,0.0946427555865964
27265,2023-06-30,3,affordable_high_demand,0.0,-1.0,0.2416328373323491
27265,2023-07-31,3,affordable_high_demand,0.0,-1.0,0.3415222812212559
27265,2023-08-31,3,affordable_high_demand,0.0,-1.0,0.5343275469304576
27265,2023-09-30,3,affordable_high_demand,0.0,0.0,0.4075491885842447
27265,2023-10-31,3,affordable_high_demand,0.0,0.0,0.3008369608235551
27265,2023-11-30,3,affordable_high_demand,0.0,0.0,0.2027074523257249
27265,2023-12-31,3,affordable_high_demand,0.0,0.0,0.1292014588829084
27278,2023-01-31,2,competitive_mid_market,0.0,0.0,0.005657039121285
27278,2023-02-28,2,competitive_mid_market,0.0,0.0,0.0098271014059822
27278,2023-03-31,2,competitive_mid_market,0.0,0.0,0.013014840893235
27278,2023-04-30,2,competitive_mid_market,0.0,0.0,0.0293613570493791
27278,2023-05-31,2,competitive_mid_market,0.0,0.0,0.0844984498224078
27278,2023-06-30,2,competitive_mid_market,0.0,0.0,0.1438627476134336
27278,2023-07-31,2,competitive_mid_market,0.0,0.0,0.2489621505892927
27278,2023-08-31,2,competitive_mid_market,0.0,0.0,0.331930793604819
27278,2023-09-30,2,competitive_mid_market,0.0,0.0,0.1885933724973796
27278,2023-10-31,2,competitive_mid_market,0.0,0.0,0.220029120829421
27278,2023-11-30,2,competitive_mid_market,0.0,0.0,0.249726842237091
27278,2023-12-31,2,competitive_mid_market,0.0,0.0,0.4564472804912734
27281,2023-01-31,4,moderate_supply_growing,0.0,-1.0,0.0067043456473199
27281,2023-02-28,4,moderate_supply_growing,0.0,-1.0,0.0124894797707366
27281,2023-03-31,4,moderate_supply_growing,0.0,-1.0,0.0585974089602192
27281,2023-04-30,4,moderate_supply_growing,0.0,-1.0,0.1573984319341068
27281,2023-05-31,4,moderate_supply_growing,0.0,0.0,0.2536392362300565
27281,2023-06-30,4,moderate_supply_growing,0.0,0.0,0.5592737416250646
27281,2023-07-31,4,moderate_supply_growing,0.0,0.0,0.4707552619260169
27281,2023-08-31,4,moderate_supply_growing,0.0,0.0,0.4925305703822609
27281,2023-09-30,4,moderate_supply_growing,0.0,0.0,0.5980397257760475
27281,2023-10-31,4,moderate_supply_growing,0.0,0.0,0.4559799160830937
27281,2023-11-30,4,moderate_supply_growing,0.0,0.0,0.4509740224313066
27281,2023-12-31,4,moderate_supply_growing,0.0,0.0,0.4691089891669957
27282,2023-01-31,2,competitive_mid_market,0.0,-1.0,0.021364108443533
27282,2023-02-28,2,competitive_mid_market,0.0,-1.0,0.0129507952038812
27282,2023-03-31,2,competitive_mid_market,0.0,-1.0,0.0177579999520564
27282,2023-04-30,2,competitive_mid_market,0.0,-1.0,0.0366459151156674
27282,2023-05-31,2,competitive_mid_market,0.0,-1.0,0.115193176601689
27282,2023-06-30,2,competitive_mid_market,0.0,-1.0,0.1869900384238029
27282,2023-07-31,2,competitive_mid_market,0.0,0.0,0.3324527848341847
27282,2023-08-31,2,competitive_mid_market,0.0,0.0,0.497943513160243
27282,2023-09-30,2,competitive_mid_market,0.0,0.0,0.4497844437679946
27282,2023-10-31,2,competitive_mid_market,0.0,0.0,0.6702934142952588
27282,2023-11-30,2,competitive_mid_market,0.0,0.0,0.1756514455578647
27282,2023-12-31,2,competitive_mid_market,0.0,0.0,0.2587746154498245
27283,2023-01-31,4,moderate_supply_growing,0.0,0.0,0.5523127068707817
27283,2023-02-28,4,moderate_supply_growing,1.0,1.0,0.2527204103257953
27283,2023-03-31,4,moderate_supply_growing,1.0,1.0,0.4486172281894048
27283,2023-04-30,4,moderate_supply_growing,1.0,1.0,0.6565489282802207
27283,2023-05-31,4,moderate_supply_growing,1.0,1.0,0.7577617162637711
27283,2023-06-30,4,moderate_supply_growing,1.0,1.0,0.866963762391403
27283,2023-07-31,4,moderate_supply_growing,1.0,1.0,0.7838359251584543
27283,2023-08-31,4,moderate_supply_growing,1.0,1.0,0.6757760989633229
27283,2023-09-30,4,moderate_supply_growing,1.0,1.0,0.77740152461983
27283,2023-10-31,4,moderate_supply_growing,1.0,1.0,0.7994204079450057
27283,2023-11-30,4,moderate_supply_growing,1.0,1.0,0.7330208571304198
27283,2023-12-31,4,moderate_supply_growing,0.0,0.0,0.208610661060857
27284,2023-01-31,2,competitive_mid_market,0.0,-1.0,0.0056988634663607
27284,2023-02-28,2,competitive_mid_market,0.0,-1.0,0.0092274035577107
27284,2023-03-31,2,competitive_mid_market,0.0,-1.0,0.0086939684583978
27284,2023-04-30,2,competitive_mid_market,0.0,-1.0,0.0219124606344371
27284,2023-05-31,2,competitive_mid_market,0.0,-1.0,0.0554993338248866
27284,2023-06-30,2,competitive_mid_market,0.0,-1.0,0.1180050086967313
27284,2023-07-31,2,competitive_mid_market,0.0,-1.0,0.2281718542084027
27284,2023-08-31,2,competitive_mid_market,0.0,-1.0,0.4311540463046283
27284,2023-09-30,2,competitive_mid_market,0.0,-1.0,0.2088641559306304
27284,2023-10-31,2,competitive_mid_market,0.0,0.0,0.2802221799405796
27284,2023-11-30,2,competitive_mid_market,0.0,0.0,0.2290190962747971
27284,2023-12-31,2,competitive_mid_market,0.0,0.0,0.2390105024897533
27288,2023-01-31,1,low_activity_cooling,0.0,0.0,0.0355630713703142
27288,2023-02-28,1,low_activity_cooling,0.0,0.0,0.0710967269051756
27288,2023-03-31,1,low_activity_cooling,0.0,0.0,0.4470705359311158
27288,2023-04-30,1,low_activity_cooling,0.0,0.0,0.3120907264283751
27288,2023-05-31,1,low_activity_cooling,0.0,0.0,0.3028315058151078
27288,2023-06-30,1,low_activity_cooling,0.0,0.0,0.3088831181910489
27288,2023-07-31,1,low_activity_cooling,0.0,0.0,0.633525122436381
27288,2023-08-31,1,low_activity_cooling,0.0,0.0,0.5785462219893455
27288,2023-09-30,1,low_activity_cooling,0.0,0.0,0.5361132264819661
27288,2023-10-31,1,low_activity_cooling,0.0,0.0,0.5277766348300053
27288,2023-11-30,1,low_activity_cooling,0.0,0.0,0.225245265657625
27288,2023-12-31,1,low_activity_cooling,0.0,0.0,0.0928968979933046
27292,2023-01-31,3,affordable_high_demand,0.0,-1.0,0.0116172374806118
27292,2023-02-28,3,affordable_high_demand,0.0,0.0,0.0115155481836585
27292,2023-03-31,3,affordable_high_demand,0.0,-1.0,0.0102044252706411
27292,2023-04-30,3,affordable_high_demand,0.0,-1.0,0.0196117500880332
27292,2023-05-31,3,affordable_high_demand,0.0,-1.0,0.0669504444053854
27292,2023-06-30,3,affordable_high_demand,0.0,-1.0,0.284114810792029
27292,2023-07-31,3,affordable_high_demand,0.0,-1.0,0.4329528234760587
27292,2023-08-31,3,affordable_high_demand,0.0,0.0,0.5519781369976148
27292,2023-09-30,3,affordable_high_demand,0.0,0.0,0.7436046054560113
27292,2023-10-31,3,affordable_high_demand,0.0,0.0,0.6274166903952024
27292,2023-11-30,3,affordable_high_demand,0.0,0.0,0.4030339815202301
27292,2023-12-31,3,affordable_high_demand,0.0,0.0,0.2103773655944152
27295,2023-01-31,3,affordable_high_demand,0.0,-1.0,0.0090685654780691
27295,2023-02-28,3,affordable_high_demand,0.0,-1.0,0.0110850515227905
27295,2023-03-31,3,affordable_high_demand,0.0,-1.0,0.0196613139422332
27295,2023-04-30,3,affordable_high_demand,0.0,-1.0,0.0218881949553642
27295,2023-05-31,3,affordable_high_demand,0.0,-1.0,0.1681206574329873
27295,2023-06-30,3,affordable_high_demand,0.0,-1.0,0.1807606771703416
27295,2023-07-31,3,affordable_high_demand,0.0,0.0,0.464702438957026
27295,2023-08-31,3,affordable_high_demand,0.0,0.0,0.4780019630556254
27295,2023-09-30,3,affordable_high_demand,0.0,0.0,0.6893790574257461
27295,2023-10-31,3,affordable_high_demand,0.0,0.0,0.51435386537397
27295,2023-11-30,3,affordable_high_demand,0.0,0.0,0.431926565881548
27295,2023-12-31,3,affordable_high_demand,0.0,0.0,0.2044308204309378
27298,2023-01-31,3,affordable_high_demand,0.0,0.0,0.0269792828436115
27298,2023-02-28,3,affordable_high_demand,0.0,0.0,0.0398435139673675
27298,2023-03-31,3,affordable_high_demand,0.0,0.0,0.0611713877927878
27298,2023-04-30,3,affordable_high_demand,0.0,0.0,0.065308338035962
27298,2023-05-31,3,affordable_high_demand,0.0,0.0,0.0655624817105288
27298,2023-06-30,3,affordable_high_demand,0.0,0.0,0.2872728013056457
27298,2023-07-31,3,affordable_high_demand,0.0,0.0,0.414010287360796
27298,2023-08-31,3,affordable_high_demand,0.0,0.0,0.6197871890098122
27298,2023-09-30,3,affordable_high_demand,0.0,0.0,0.720121857461628
27298,2023-10-31,3,affordable_high_demand,0.0,0.0,0.6587675286717787
27298,2023-11-30,3,affordable_high_demand,0.0,0.0,0.5775624618135532
27298,2023-12-31,3,affordable_high_demand,0.0,0.0,0.3373372638559537
27299,2023-01-31,3,affordable_high_demand,0.0,0.0,0.0199450486717435
27299,2023-02-28,3,affordable_high_demand,0.0,-1.0,0.0139172103658105
27299,2023-03-31,3,affordable_high_demand,0.0,-1.0,0.0257144976587875
27299,2023-04-30,3,affordable_high_demand,0.0,-1.0,0.022698185622623
27299,2023-05-31,3,affordable_high_demand,0.0,0.0,0.022965457333241
27299,2023-06-30,3,affordable_high_demand,0.0,0.0,0.0180096929710682
27299,2023-07-31,3,affordable_high_demand,0.0,0.0,0.086785965758088
27299,2023-08-31,3,affordable_high_demand,0.0,0.0,0.1741714694195922
27299,2023-09-30,3,affordable_high_demand,0.0,0.0,0.4949301436780273
27299,2023-10-31,3,affordable_high_demand,0.0,0.0,0.2296714810420044
27299,2023-11-30,3,affordable_high_demand,0.0,0.0,0.1260144605785607
27299,2023-12-31,3,affordable_high_demand,0.0,0.0,0.0470638241002343
27301,2023-01-31,4,moderate_supply_growing,0.0,-1.0,0.0069794223742204
27301,2023-02-28,4,moderate_supply_growing,0.0,-1.0,0.0134565379899498
27301,2023-03-31,4,moderate_supply_growing,0.0,-1.0,0.0330779401058566
27301,2023-04-30,4,moderate_supply_growing,0.0,-1.0,0.0281645021107666
27301,2023-05-31,4,moderate_supply_growing,0.0,-1.0,0.0834080666620028
27301,2023-06-30,4,moderate_supply_growing,0.0,-1.0,0.2176569477563207
27301,2023-07-31,4,moderate_supply_growing,0.0,-1.0,0.2149539637560831
27301,2023-08-31,4,moderate_supply_growing,0.0,-1.0,0.6688044830185101
27301,2023-09-30,4,moderate_supply_growing,0.0,0.0,0.2309327226088932
27301,2023-10-31,4,moderate_supply_growing,0.0,0.0,0.3010491552583579
27301,2023-11-30,4,moderate_supply_growing,0.0,0.0,0.1921089576151352
27301,2023-12-31,4,moderate_supply_growing,0.0,0.0,0.184899897931166
27302,2023-01-31,2,competitive_mid_market,0.0,-1.0,0.0060465813282009
27302,2023-02-28,2,competitive_mid_market,0.0,-1.0,0.0088151685249597
27302,2023-03-31,2,competitive_mid_market,0.0,-1.0,0.0074367730370308
27302,2023-04-30,2,competitive_mid_market,0.0,-1.0,0.0094040745235241
27302,2023-05-31,2,competitive_mid_market,0.0,-1.0,0.0283249382394127
27302,2023-06-30,2,competitive_mid_market,0.0,-1.0,0.0333953358318357
27302,2023-07-31,2,competitive_mid_market,0.0,-1.0,0.1326123743454915
27302,2023-08-31,2,competitive_mid_market,0.0,-1.0,0.2421934668322794
27302,2023-09-30,2,competitive_mid_market,0.0,0.0,0.2569220218099732
27302,2023-10-31,2,competitive_mid_market,0.0,0.0,0.3142004356399701
27302,2023-11-30,2,competitive_mid_market,0.0,0.0,0.2506020226498545
27302,2023-12-31,2,competitive_mid_market,0.0,0.0,0.2327420379634742
27310,2023-01-31,2,competitive_mid_market,0.0,-1.0,0.0125255123152474
27310,2023-02-28,2,competitive_mid_market,0.0,-1.0,0.0263654594960901
27310,2023-03-31,2,competitive_mid_market,0.0,0.0,0.0446599326677696
27310,2023-04-30,2,competitive_mid_market,0.0,-1.0,0.1452705776265621
27310,2023-05-31,2,competitive_mid_market,0.0,-1.0,0.317252037230884
27310,2023-06-30,2,competitive_mid_market,0.0,0.0,0.3140886816487516
27310,2023-07-31,2,competitive_mid_market,0.0,0.0,0.2238776425900165
27310,2023-08-31,2,competitive_mid_market,0.0,0.0,0.4448547788577849
27310,2023-09-30,2,competitive_mid_market,0.0,0.0,0.485151255687313
27310,2023-10-31,2,competitive_mid_market,0.0,0.0,0.3245313662777149
27310,2023-11-30,2,competitive_mid_market,0.0,0.0,0.1507131951061017
27310,2023-12-31,2,competitive_mid_market,0.0,-1.0,0.1108526626699029
27312,2023-01-31,2,competitive_mid_market,0.0,-1.0,0.0116733682069024
27312,2023-02-28,2,competitive_mid_market,0.0,-1.0,0.0173082022759917
27312,2023-03-31,2,competitive_mid_market,0.0,-1.0,0.0172534140038646
27312,2023-04-30,2,competitive_mid_market,0.0,-1.0,0.0297597813304914
27312,2023-05-31,2,competitive_mid_market,0.0,-1.0,0.1427375223986125
27312,2023-06-30,2,competitive_mid_market,0.0,-1.0,0.326267600601258
27312,2023-07-31,2,competitive_mid_market,0.0,-1.0,0.3300442741356712
27312,2023-08-31,2,competitive_mid_market,0.0,-1.0,0.4929633925877056
27312,2023-09-30,2,competitive_mid_market,0.0,0.0,0.3092164835636249
27312,2023-10-31,2,competitive_mid_market,0.0,0.0,0.3084452345538421
27312,2023-11-30,2,competitive_mid_market,0.0,0.0,0.3030030359714112
27312,2023-12-31,2,competitive_mid_market,0.0,0.0,0.1565167132741186
27313,2023-01-31,3,affordable_high_demand,0.0,0.0,0.0124898958464406
27313,2023-02-28,3,affordable_high_demand,0.0,0.0,0.0130771975327462
27313,2023-03-31,3,affordable_high_demand,0.0,-1.0,0.0198044051289029
27313,2023-04-30,3,affordable_high_demand,0.0,-1.0,0.0482247161981878
27313,2023-05-31,3,affordable_high_demand,0.0,-1.0,0.111888941080814
27313,2023-06-30,3,affordable_high_demand,0.0,-1.0,0.2152181961423525
27313,2023-07-31,3,affordable_high_demand,0.0,-1.0,0.1709137004634343
27313,2023-08-31,3,affordable_high_demand,0.0,-1.0,0.3498428878770463
27313,2023-09-30,3,affordable_high_demand,0.0,-1.0,0.2990174707169636
27313,2023-10-31,3,affordable_high_demand,0.0,-1.0,0.1739382542759723
27313,2023-11-30,3,affordable_high_demand,0.0,-1.0,0.1275475486049183
27313,2023-12-31,3,affordable_high_demand,0.0,-1.0,0.1006716828853476
27316,2023-01-31,4,moderate_supply_growing,0.0,-1.0,0.0442352010585196
27316,2023-02-28,4,moderate_supply_growing,0.0,0.0,0.1270577337842493
27316,2023-03-31,4,moderate_supply_growing,0.0,0.0,0.1806280140168165
27316,2023-04-30,4,moderate_supply_growing,0.0,0.0,0.1152608132238159
27316,2023-05-31,4,moderate_supply_growing,0.0,-1.0,0.2123968756365473
27316,2023-06-30,4,moderate_supply_growing,0.0,0.0,0.4955475197962053
27316,2023-07-31,4,moderate_supply_growing,0.0,0.0,0.4829136506570801
27316,2023-08-31,4,moderate_supply_growing,0.0,0.0,0.4705794324213393
27316,2023-09-30,4,moderate_supply_growing,0.0,0.0,0.3876233087331157
27316,2023-10-31,4,moderate_supply_growing,0.0,0.0,0.3589482563855163
27316,2023-11-30,4,moderate_supply_growing,0.0,0.0,0.3933384029248336
27316,2023-12-31,4,moderate_supply_growing,0.0,0.0,0.1554862591541809
27317,2023-01-31,3,affordable_high_demand,0.0,-1.0,0.0109272969584398
27317,2023-02-28,3,affordable_high_demand,0.0,-1.0,0.0131400142723422
27317,2023-03-31,3,affordable_high_demand,0.0,-1.0,0.0102516456161359
27317,2023-04-30,3,affordable_high_demand,0.0,-1.0,0.0794718036565916
27317,2023-05-31,3,affordable_high_demand,0.0,-1.0,0.2104614104844079
27317,2023-06-30,3,affordable_high_demand,0.0,0.0,0.4197212966126035
27317,2023-07-31,3,affordable_high_demand,0.0,0.0,0.5795588901585305
27317,2023-08-31,3,affordable_high_demand,0.0,0.0,0.4375050066231454
27317,2023-09-30,3,affordable_high_demand,0.0,0.0,0.4882239795419164
27317,2023-10-31,3,affordable_high_demand,0.0,0.0,0.331426377332268
27317,2023-11-30,3,affordable_high_demand,0.0,0.0,0.2568323925654163
27317,2023-12-31,3,affordable_high_demand,0.0,0.0,0.179342749975973
27320,2023-01-31,1,low_activity_cooling,0.0,0.0,0.0253463365320125
27320,2023-02-28,1,low_activity_cooling,0.0,0.0,0.0368844238770725
27320,2023-03-31,1,low_activity_cooling,0.0,0.0,0.0904158978047793
27320,2023-04-30,1,low_activity_cooling,0.0,0.0,0.2249610891616817
27320,2023-05-31,1,low_activity_cooling,0.0,0.0,0.2669586080852407
27320,2023-06-30,1,low_activity_cooling,0.0,0.0,0.4517970509774539
27320,2023-07-31,1,low_activity_cooling,0.0,0.0,0.4035523044577436
27320,2023-08-31,1,low_activity_cooling,0.0,0.0,0.4501671003836714
27320,2023-09-30,1,low_activity_cooling,0.0,0.0,0.5130328535063535
27320,2023-10-31,1,low_activity_cooling,0.0,0.0,0.3294371836670993
27320,2023-11-30,1,low_activity_cooling,0.0,0.0,0.2594832144775334
27320,2023-12-31,1,low_activity_cooling,0.0,0.0,0.1646360959306033
27325,2023-01-31,4,moderate_supply_growing,0.0,-1.0,0.2342957271583804
27325,2023-02-28,4,moderate_supply_growing,0.0,0.0,0.6112469602638044
27325,2023-03-31,4,moderate_supply_growing,1.0,1.0,0.5673184137327955
27325,2023-04-30,4,moderate_supply_growing,0.0,0.0,0.4811566448764952
27325,2023-05-31,4,moderate_supply_growing,0.0,0.0,0.9015191482287688
27325,2023-06-30,4,moderate_supply_growing,0.0,0.0,0.5123782699659429
27325,2023-07-31,4,moderate_supply_growing,0.0,0.0,0.3686162888938952
27325,2023-08-31,4,moderate_supply_growing,1.0,1.0,0.5974910800290749
27325,2023-09-30,4,moderate_supply_growing,1.0,1.0,0.6201052149388997
27325,2023-10-31,4,moderate_supply_growing,1.0,1.0,0.7229142439437
27325,2023-11-30,4,moderate_supply_growing,1.0,1.0,0.6803944178369338
27325,2023-12-31,4,moderate_supply_growing,1.0,1.0,0.7161133528586262
27330,2023-01-31,3,affordable_high_demand,0.0,-1.0,0.0073963237201579
27330,2023-02-28,3,affordable_high_demand,0.0,-1.0,0.009437320137593
27330,2023-03-31,3,affordable_high_demand,0.0,-1.0,0.013888007699253
27330,2023-04-30,3,affordable_high_demand,0.0,-1.0,0.0225799570195218
27330,2023-05-31,3,affordable_high_demand,0.0,-1.0,0.0291239960973834
27330,2023-06-30,3,affordable_high_demand,0.0,-1.0,0.0853467625824292
27330,2023-07-31,3,affordable_high_demand,0.0,-1.0,0.1553372674758109
27330,2023-08-31,3,affordable_high_demand,0.0,-1.0,0.3015092451587665
27330,2023-09-30,3,affordable_high_demand,0.0,-1.0,0.2980646952008574
27330,2023-10-31,3,affordable_high_demand,0.0,-1.0,0.2475136559790947
27330,2023-11-30,3,affordable_high_demand,0.0,0.0,0.1927461643636305
27330,2023-12-31,3,affordable_high_demand,0.0,0.0,0.0953644134606082
27332,2023-01-31,3,affordable_high_demand,0.0,-1.0,0.0063991385261566
27332,2023-02-28,3,affordable_high_demand,0.0,-1.0,0.0095891147119436
27332,2023-03-31,3,affordable_high_demand,0.0,-1.0,0.0097610010630036
27332,2023-04-30,3,affordable_high_demand,0.0,-1.0,0.0171191685222528
27332,2023-05-31,3,affordable_high_demand,0.0,-1.0,0.0415192160800878
27332,2023-06-30,3,affordable_high_demand,0.0,-1.0,0.0703881130259995
27332,2023-07-31,3,affordable_high_demand,0.0,-1.0,0.1564153500603987
27332,2023-08-31,3,affordable_high_demand,0.0,0.0,0.2300423583818929
27332,2023-09-30,3,affordable_high_demand,0.0,0.0,0.2388794816177825
27332,2023-10-31,3,affordable_high_demand,0.0,0.0,0.2437282225717648
27332,2023-11-30,3,affordable_high_demand,0.0,0.0,0.2143485992187373
27332,2023-12-31,3,affordable_high_demand,0.0,0.0,0.2783968821423477
27343,2023-01-31,4,moderate_supply_growing,0.0,-1.0,0.0278869413011213
27343,2023-02-28,4,moderate_supply_growing,0.0,-1.0,0.0171870940908375
27343,2023-03-31,4,moderate_supply_growing,0.0,-1.0,0.0121806549121493
27343,2023-04-30,4,moderate_supply_growing,0.0,-1.0,0.0284590285729674
27343,2023-05-31,4,moderate_supply_growing,0.0,-1.0,0.0676486012606389
27343,2023-06-30,4,moderate_supply_growing,0.0,0.0,0.1665248955456724
27343,2023-07-31,4,moderate_supply_growing,0.0,0.0,0.1178605333943998
27343,2023-08-31,4,moderate_supply_growing,0.0,0.0,0.2513668566575765
27343,2023-09-30,4,moderate_supply_growing,0.0,-1.0,0.1704923256031406
27343,2023-10-31,4,moderate_supply_growing,0.0,-1.0,0.6088357765572133
27343,2023-11-30,4,moderate_supply_growing,0.0,-1.0,0.4773387493426294
27343,2023-12-31,4,moderate_supply_growing,0.0,-1.0,0.4188123656778695
27344,2023-01-31,3,affordable_high_demand,0.0,0.0,0.0175411591496365
27344,2023-02-28,3,affordable_high_demand,0.0,-1.0,0.0275227964044656
27344,2023-03-31,3,affordable_high_demand,0.0,-1.0,0.0334282869373697
27344,2023-04-30,3,affordable_high_demand,0.0,-1.0,0.1318679872028745
27344,2023-05-31,3,affordable_high_demand,0.0,-1.0,0.243580906799478
27344,2023-06-30,3,affordable_high_demand,0.0,-1.0,0.3937938417291579
27344,2023-07-31,3,affordable_high_demand,0.0,-1.0,0.2438109249323124
27344,2023-08-31,3,affordable_high_demand,0.0,-1.0,0.4629118589274493
27344,2023-09-30,3,affordable_high_demand,0.0,-1.0,0.3282127321471506
27344,2023-10-31,3,affordable_high_demand,0.0,-1.0,0.2445925694217579
27344,2023-11-30,3,affordable_high_demand,0.0,0.0,0.1898973076277233
27344,2023-12-31,3,affordable_high_demand,0.0,0.0,0.1565432302349366
27349,2023-01-31,4,moderate_supply_growing,0.0,-1.0,0.0089048628797254
27349,2023-02-28,4,moderate_supply_growing,0.0,-1.0,0.019063411215993
27349,2023-03-31,4,moderate_supply_growing,0.0,-1.0,0.0355441687223313
27349,2023-04-30,4,moderate_supply_growing,0.0,-1.0,0.0453018977005688
27349,2023-05-31,4,moderate_supply_growing,0.0,-1.0,0.1279370919217961
27349,2023-06-30,4,moderate_supply_growing,0.0,-1.0,0.1403971739670224
27349,2023-07-31,4,moderate_supply_growing,0.0,-1.0,0.7650259890584448
27349,2023-08-31,4,moderate_supply_growing,0.0,0.0,0.7293778184113056
27349,2023-09-30,4,moderate_supply_growing,0.0,0.0,0.8037032442479783
27349,2023-10-31,4,moderate_supply_growing,0.0,0.0,0.6068832743992097
27349,2023-11-30,4,moderate_supply_growing,0.0,0.0,0.4265272196077994
27349,2023-12-31,4,moderate_supply_growing,0.0,0.0,0.1630213507622447
27350,2023-01-31,4,moderate_supply_growing,0.0,-1.0,0.0339692719584911
27350,2023-02-28,4,moderate_supply_growing,0.0,0.0,0.036577615936609
27350,2023-03-31,4,moderate_supply_growing,0.0,-1.0,0.0392480315374345
27350,2023-04-30,4,moderate_supply_growing,0.0,-1.0,0.1636576415477232
27350,2023-05-31,4,moderate_supply_growing,0.0,0.0,0.1901093816217867
27350,2023-06-30,4,moderate_supply_growing,0.0,0.0,0.2211011587819848
27350,2023-07-31,4,moderate_supply_growing,0.0,0.0,0.4057860327569468
27350,2023-08-31,4,moderate_supply_growing,0.0,0.0,0.5731874574117494
27350,2023-09-30,4,moderate_supply_growing,0.0,0.0,0.8084980321181693
27350,2023-10-31,4,moderate_supply_growing,0.0,0.0,0.6342540026845147
27350,2023-11-30,4,moderate_supply_growing,0.0,0.0,0.2615172073778849
27350,2023-12-31,4,moderate_supply_growing,0.0,0.0,0.3965598179302613
27357,2023-01-31,2,competitive_mid_market,0.0,-1.0,0.0151626475290368
27357,2023-02-28,2,competitive_mid_market,0.0,-1.0,0.0159581275764242
27357,2023-03-31,2,competitive_mid_market,0.0,-1.0,0.0119046511869186
27357,2023-04-30,2,competitive_mid_market,0.0,-1.0,0.0322621536091229
27357,2023-05-31,2,competitive_mid_market,0.0,-1.0,0.0479644061725324
27357,2023-06-30,2,competitive_mid_market,0.0,-1.0,0.0517980977101206
27357,2023-07-31,2,competitive_mid_market,0.0,-1.0,0.1739956752258789
27357,2023-08-31,2,competitive_mid_market,0.0,-1.0,0.4773128011172774
27357,2023-09-30,2,competitive_mid_market,0.0,-1.0,0.6816966909043711
27357,2023-10-31,2,competitive_mid_market,0.0,-1.0,0.5292950165205333
27357,2023-11-30,2,competitive_mid_market,0.0,-1.0,0.2821822943600606
27357,2023-12-31,2,competitive_mid_market,0.0,-1.0,0.1508930054333078
27358,2023-01-31,2,competitive_mid_market,0.0,0.0,0.0223682079424185
27358,2023-02-28,2,competitive_mid_market,0.0,-1.0,0.0213073795339889
27358,2023-03-31,2,competitive_mid_market,0.0,-1.0,0.0219214166960972
27358,2023-04-30,2,competitive_mid_market,0.0,-1.0,0.0353367813778401
27358,2023-05-31,2,competitive_mid_market,0.0,-1.0,0.074250870913837
27358,2023-06-30,2,competitive_mid_market,0.0,0.0,0.2275540069731833
27358,2023-07-31,2,competitive_mid_market,0.0,0.0,0.3399927262221168
27358,2023-08-31,2,competitive_mid_market,0.0,0.0,0.4250251171553398
27358,2023-09-30,2,competitive_mid_market,0.0,0.0,0.4353605441839297
27358,2023-10-31,2,competitive_mid_market,0.0,0.0,0.2950074239323239
27358,2023-11-30,2,competitive_mid_market,0.0,0.0,0.2079587377791455
27358,2023-12-31,2,competitive_mid_market,0.0,0.0,0.130282363577989
27360,2023-01-31,3,affordable_high_demand,0.0,0.0,0.0108979072877084
27360,2023-02-28,3,affordable_high_demand,0.0,0.0,0.0116354930038183
27360,2023-03-31,3,affordable_high_demand,0.0,0.0,0.0223898715645744
27360,2023-04-30,3,affordable_high_demand,0.0,0.0,0.0469975203938339
27360,2023-05-31,3,affordable_high_demand,0.0,0.0,0.2604442213309139
27360,2023-06-30,3,affordable_high_demand,0.0,0.0,0.2415225731729598
27360,2023-07-31,3,affordable_high_demand,0.0,-1.0,0.431380465298914
27360,2023-08-31,3,affordable_high_demand,0.0,-1.0,0.5287425921496531
27360,2023-09-30,3,affordable_high_demand,0.0,0.0,0.5238264036537325
27360,2023-10-31,3,affordable_high_demand,0.0,0.0,0.6117659154062254
27360,2023-11-30,3,affordable_high_demand,0.0,0.0,0.321734333333045
27360,2023-12-31,3,affordable_high_demand,0.0,0.0,0.1541752857674024
27370,2023-01-31,4,moderate_supply_growing,0.0,-1.0,0.0207273611039496
27370,2023-02-28,4,moderate_supply_growing,0.0,-1.0,0.0652377286282896
27370,2023-03-31,4,moderate_supply_growing,0.0,0.0,0.0871869822200501
27370,2023-04-30,4,moderate_supply_growing,0.0,-1.0,0.0779382284878109
27370,2023-05-31,4,moderate_supply_growing,0.0,-1.0,0.1360452879442533
27370,2023-06-30,4,moderate_supply_growing,0.0,0.0,0.1260069925094548
27370,2023-07-31,4,moderate_supply_growing,0.0,0.0,0.38130261541426
27370,2023-08-31,4,moderate_supply_growing,0.0,0.0,0.5381787437761701
27370,2023-09-30,4,moderate_supply_growing,0.0,0.0,0.5745494350449657
27370,2023-10-31,4,moderate_supply_growing,0.0,0.0,0.6850137552858048
27370,2023-11-30,4,moderate_supply_growing,0.0,0.0,0.7382496464225321
27370,2023-12-31,4,moderate_supply_growing,0.0,0.0,0.7964571792825841
27376,2023-01-31,3,affordable_high_demand,0.0,-1.0,0.0062071490820052
27376,2023-02-28,3,affordable_high_demand,0.0,-1.0,0.0083344612251014
27376,2023-03-31,3,affordable_high_demand,0.0,-1.0,0.0124168243856934
27376,2023-04-30,3,affordable_high_demand,0.0,-1.0,0.0178176874453566
27376,2023-05-31,3,affordable_high_demand,0.0,-1.0,0.0434005979362845
27376,2023-06-30,3,affordable_high_demand,0.0,-1.0,0.1720327823604457
27376,2023-07-31,3,affordable_high_demand,0.0,-1.0,0.1219677243474511
27376,2023-08-31,3,affordable_high_demand,0.0,-1.0,0.1485651296286181
27376,2023-09-30,3,affordable_high_demand,0.0,-1.0,0.2041839500323622
27376,2023-10-31,3,affordable_high_demand,0.0,-1.0,0.1794597601315318
27376,2023-11-30,3,affordable_high_demand,0.0,0.0,0.3885209207058165
27376,2023-12-31,3,affordable_high_demand,0.0,0.0,0.2494148250030808
27377,2023-01-31,2,competitive_mid_market,0.0,-1.0,0.0057435087491548
27377,2023-02-28,2,competitive_mid_market,0.0,-1.0,0.0124914277181645
27377,2023-03-31,2,competitive_mid_market,0.0,-1.0,0.007462970730389
27377,2023-04-30,2,competitive_mid_market,0.0,-1.0,0.0135350236588425
27377,2023-05-31,2,competitive_mid_market,0.0,-1.0,0.0483472579612017
27377,2023-06-30,2,competitive_mid_market,0.0,-1.0,0.0471367240899283
27377,2023-07-31,2,competitive_mid_market,0.0,-1.0,0.1937973674010527
27377,2023-08-31,2,competitive_mid_market,0.0,-1.0,0.3697207191804355
27377,2023-09-30,2,competitive_mid_market,0.0,-1.0,0.2700207007866442
27377,2023-10-31,2,competitive_mid_market,0.0,-1.0,0.2241033479498708
27377,2023-11-30,2,competitive_mid_market,0.0,0.0,0.1857084571741948
27377,2023-12-31,2,competitive_mid_market,0.0,0.0,0.2567847502682058
27401,2023-01-31,3,affordable_high_demand,0.0,0.0,0.0121284406612232
27401,2023-02-28,3,affordable_high_demand,0.0,-1.0,0.0147705851253487
27401,2023-03-31,3,affordable_high_demand,0.0,0.0,0.0277473788168904
27401,2023-04-30,3,affordable_high_demand,0.0,0.0,0.0466475155312897
27401,2023-05-31,3,affordable_high_demand,0.0,0.0,0.053151313486296
27401,2023-06-30,3,affordable_high_demand,0.0,0.0,0.0944859340519937
27401,2023-07-31,3,affordable_high_demand,0.0,0.0,0.1095221024636784
27401,2023-08-31,3,affordable_high_demand,0.0,0.0,0.1646875923823956
27401,2023-09-30,3,affordable_high_demand,0.0,0.0,0.3317125707867904
27401,2023-10-31,3,affordable_high_demand,0.0,0.0,0.4267885667125455
27401,2023-11-30,3,affordable_high_demand,0.0,0.0,0.3590643894546697
27401,2023-12-31,3,affordable_high_demand,0.0,0.0,0.3556417895397853
27403,2023-01-31,2,competitive_mid_market,0.0,-1.0,0.0117345222995939
27403,2023-02-28,2,competitive_mid_market,0.0,-1.0,0.0116062005850398
27403,2023-03-31,2,competitive_mid_market,0.0,-1.0,0.0119151701303929
27403,2023-04-30,2,competitive_mid_market,0.0,-1.0,0.048503114687086
27403,2023-05-31,2,competitive_mid_market,0.0,-1.0,0.1284555583857148
27403,2023-06-30,2,competitive_mid_market,0.0,-1.0,0.315272594828848
27403,2023-07-31,2,competitive_mid_market,0.0,-1.0,0.2591059039110805
27403,2023-08-31,2,competitive_mid_market,0.0,-1.0,0.3693831362572156
27403,2023-09-30,2,competitive_mid_market,0.0,0.0,0.3290647433620011
27403,2023-10-31,2,competitive_mid_market,0.0,-1.0,0.2375613291137243
27403,2023-11-30,2,competitive_mid_market,0.0,0.0,0.2932691550928902
27403,2023-12-31,2,competitive_mid_market,0.0,0.0,0.2234340889286512
27405,2023-01-31,3,affordable_high_demand,0.0,-1.0,0.0125418745216942
27405,2023-02-28,3,affordable_high_demand,0.0,-1.0,0.0131524541716098
27405,2023-03-31,3,affordable_high_demand,0.0,-1.0,0.0172660642190674
27405,2023-04-30,3,affordable_high_demand,0.0,-1.0,0.0694126294855425
27405,2023-05-31,3,affordable_high_demand,0.0,-1.0,0.1617074196994306
27405,2023-06-30,3,affordable_high_demand,0.0,-1.0,0.4339636572822183
27405,2023-07-31,3,affordable_high_demand,0.0,-1.0,0.5158360111742961
27405,2023-08-31,3,affordable_high_demand,0.0,0.0,0.6524919106026583
27405,2023-09-30,3,affordable_high_demand,0.0,0.0,0.5558631162689168
27405,2023-10-31,3,affordable_high_demand,0.0,0.0,0.5617585859853825
27405,2023-11-30,3,affordable_high_demand,0.0,0.0,0.2571622359589826
27405,2023-12-31,3,affordable_high_demand,0.0,0.0,0.1610603390431136
27406,2023-01-31,3,affordable_high_demand,0.0,-1.0,0.0094466147772553
27406,2023-02-28,3,affordable_high_demand,0.0,-1.0,0.0109574054747392
27406,2023-03-31,3,affordable_high_demand,0.0,-1.0,0.0197009340743513
27406,2023-04-30,3,affordable_high_demand,0.0,-1.0,0.0596058519842336
27406,2023-05-31,3,affordable_high_demand,0.0,-1.0,0.1000649275324813
27406,2023-06-30,3,affordable_high_demand,0.0,0.0,0.3296665492050224
27406,2023-07-31,3,affordable_high_demand,0.0,0.0,0.4286617529707656
27406,2023-08-31,3,affordable_high_demand,0.0,0.0,0.667309730564134
27406,2023-09-30,3,affordable_high_demand,0.0,0.0,0.757790127607312
27406,2023-10-31,3,affordable_high_demand,0.0,0.0,0.5183844644311937
27406,2023-11-30,3,affordable_high_demand,0.0,0.0,0.2569089989798875
27406,2023-12-31,3,affordable_high_demand,0.0,0.0,0.1315497389344557
27407,2023-01-31,3,affordable_high_demand,0.0,-1.0,0.0074954280114528
27407,2023-02-28,3,affordable_high_demand,0.0,-1.0,0.0119021339202108
27407,2023-03-31,3,affordable_high_demand,0.0,-1.0,0.0189395030334597
27407,2023-04-30,3,affordable_high_demand,0.0,0.0,0.0343260226937722
27407,2023-05-31,3,affordable_high_demand,0.0,-1.0,0.0645928246347982
27407,2023-06-30,3,affordable_high_demand,0.0,-1.0,0.1978969536777493
27407,2023-07-31,3,affordable_high_demand,0.0,-1.0,0.1933534876300371
27407,2023-08-31,3,affordable_high_demand,0.0,-1.0,0.4556772243681402
27407,2023-09-30,3,affordable_high_demand,0.0,0.0,0.2991793523084516
27407,2023-10-31,3,affordable_high_demand,0.0,-1.0,0.2809309632892123
27407,2023-11-30,3,affordable_high_demand,0.0,0.0,0.2557788182137114
27407,2023-12-31,3,affordable_high_demand,0.0,0.0,0.2885409844576549
27408,2023-01-31,2,competitive_mid_market,0.0,0.0,0.0190518369865303
27408,2023-02-28,2,competitive_mid_market,0.0,0.0,0.010674050223205
27408,2023-03-31,2,competitive_mid_market,0.0,0.0,0.0210229442463583
27408,2023-04-30,2,competitive_mid_market,0.0,0.0,0.0553356414862167
27408,2023-05-31,2,competitive_mid_market,0.0,0.0,0.2417638486388814
27408,2023-06-30,2,competitive_mid_market,0.0,0.0,0.4651234901147882
27408,2023-07-31,2,competitive_mid_market,0.0,0.0,0.4374344238895362
27408,2023-08-31,2,competitive_mid_market,0.0,0.0,0.3409161165112899
27408,2023-09-30,2,competitive_mid_market,0.0,0.0,0.1983973031277432
27408,2023-10-31,2,competitive_mid_market,0.0,0.0,0.2410243798511198
27408,2023-11-30,2,competitive_mid_market,0.0,0.0,0.2311849208770664
27408,2023-12-31,2,competitive_mid_market,0.0,0.0,0.2383740109632066
27409,2023-01-31,3,affordable_high_demand,0.0,-1.0,0.0047592994554723
27409,2023-02-28,3,affordable_high_demand,0.0,-1.0,0.0072383929474953
27409,2023-03-31,3,affordable_high_demand,0.0,-1.0,0.0119470532424442
27409,2023-04-30,3,affordable_high_demand,0.0,-1.0,0.0229199302540809
27409,2023-05-31,3,affordable_high_demand,0.0,-1.0,0.0408788674940697
27409,2023-06-30,3,affordable_high_demand,0.0,-1.0,0.0441141813105936
27409,2023-07-31,3,affordable_high_demand,0.0,-1.0,0.1388049253450639
27409,2023-08-31,3,affordable_high_demand,0.0,-1.0,0.3016007217038368
27409,2023-09-30,3,affordable_high_demand,0.0,-1.0,0.2290293832943668
27409,2023-10-31,3,affordable_high_demand,0.0,0.0,0.116553814076187
27409,2023-11-30,3,affordable_high_demand,0.0,-1.0,0.0730100495183364
27409,2023-12-31,3,affordable_high_demand,0.0,-1.0,0.084313269914674
27410,2023-01-31,2,competitive_mid_market,0.0,-1.0,0.0095430052184061
27410,2023-02-28,2,competitive_mid_market,0.0,-1.0,0.0102716400459478
27410,2023-03-31,2,competitive_mid_market,0.0,-1.0,0.0203704964753168
27410,2023-04-30,2,competitive_mid_market,0.0,-1.0,0.0767902903938147
27410,2023-05-31,2,competitive_mid_market,0.0,-1.0,0.2909422849735912
27410,2023-06-30,2,competitive_mid_market,0.0,-1.0,0.5238145265905761
27410,2023-07-31,2,competitive_mid_market,0.0,-1.0,0.8130050017447009
27410,2023-08-31,2,competitive_mid_market,0.0,0.0,0.7821297765067008
27410,2023-09-30,2,competitive_mid_market,0.0,0.0,0.6242090351598834
27410,2023-10-31,2,competitive_mid_market,0.0,0.0,0.4023877978535699
27410,2023-11-30,2,competitive_mid_market,0.0,0.0,0.4307027518425882
27410,2023-12-31,2,competitive_mid_market,0.0,0.0,0.3142000069226466
27455,2023-01-31,2,competitive_mid_market,0.0,-1.0,0.008899936570876
27455,2023-02-28,2,competitive_mid_market,0.0,-1.0,0.0090591888479746
27455,2023-03-31,2,competitive_mid_market,0.0,-1.0,0.0132393707703404
27455,2023-04-30,2,competitive_mid_market,0.0,-1.0,0.0529557078917218
27455,2023-05-31,2,competitive_mid_market,0.0,-1.0,0.1119489164101671
27455,2023-06-30,2,competitive_mid_market,0.0,-1.0,0.1120854648604643
27455,2023-07-31,2,competitive_mid_market,0.0,-1.0,0.3122269374395466
27455,2023-08-31,2,competitive_mid_market,0.0,-1.0,0.3152924925754233
27455,2023-09-30,2,competitive_mid_market,0.0,0.0,0.2565064778404487
27455,2023-10-31,2,competitive_mid_market,0.0,0.0,0.1276777438127487
27455,2023-11-30,2,competitive_mid_market,0.0,0.0,0.1701312580185756
27455,2023-12-31,2,competitive_mid_market,0.0,0.0,0.3330007763406317
27501,2023-01-31,3,affordable_high_demand,0.0,-1.0,0.0348704262982375
27501,2023-02-28,3,affordable_high_demand,0.0,-1.0,0.0430541664071031
27501,2023-03-31,3,affordable_high_demand,0.0,-1.0,0.0205811176857658
27501,2023-04-30,3,affordable_high_demand,0.0,-1.0,0.0469461476103838
27501,2023-05-31,3,affordable_high_demand,0.0,-1.0,0.0610244275819303
27501,2023-06-30,3,affordable_high_demand,0.0,-1.0,0.1673077753676411
27501,2023-07-31,3,affordable_high_demand,0.0,-1.0,0.1508184172036195
27501,2023-08-31,3,affordable_high_demand,0.0,-1.0,0.4916742761212245
27501,2023-09-30,3,affordable_high_demand,0.0,0.0,0.4559498691096786
27501,2023-10-31,3,affordable_high_demand,0.0,0.0,0.501128587976184
27501,2023-11-30,3,affordable_high_demand,0.0,0.0,0.4986367934017046
27501,2023-12-31,3,affordable_high_demand,0.0,0.0,0.5161807777800798
27502,2023-01-31,2,competitive_mid_market,0.0,-1.0,0.0082510425397303
27502,2023-02-28,2,competitive_mid_market,0.0,-1.0,0.0052338336124622
27502,2023-03-31,2,competitive_mid_market,0.0,-1.0,0.0113922590445676
27502,2023-04-30,2,competitive_mid_market,0.0,-1.0,0.198074998982709
27502,2023-05-31,2,competitive_mid_market,0.0,-1.0,0.6406526181071726
27502,2023-06-30,2,competitive_mid_market,0.0,-1.0,0.3622249808008034
27502,2023-07-31,2,competitive_mid_market,0.0,-1.0,0.6394200596290834
27502,2023-08-31,2,competitive_mid_market,0.0,-1.0,0.7357997965914713
27502,2023-09-30,2,competitive_mid_market,0.0,0.0,0.3166628887662946
27502,2023-10-31,2,competitive_mid_market,0.0,0.0,0.4836310169769129
27502,2023-11-30,2,competitive_mid_market,0.0,0.0,0.6255084546624032
27502,2023-12-31,2,competitive_mid_market,0.0,0.0,0.773925307331085
27503,2023-01-31,4,moderate_supply_growing,0.0,0.0,0.0326259140856588
27503,2023-02-28,4,moderate_supply_growing,0.0,0.0,0.0406724399821849
27503,2023-03-31,4,moderate_supply_growing,0.0,-1.0,0.0202440889134203
27503,2023-04-30,4,moderate_supply_growing,0.0,-1.0,0.1374531206498271
27503,2023-05-31,4,moderate_supply_growing,0.0,0.0,0.537532081253978
27503,2023-06-30,4,moderate_supply_growing,0.0,0.0,0.231293610811811
27503,2023-07-31,4,moderate_supply_growing,0.0,-1.0,0.1568420347343871
27503,2023-08-31,4,moderate_supply_growing,0.0,-1.0,0.2229993682511176
27503,2023-09-30,4,moderate_supply_growing,0.0,-1.0,0.2658485543479686
27503,2023-10-31,4,moderate_supply_growing,0.0,-1.0,0.4698598404765656
27503,2023-11-30,4,moderate_supply_growing,0.0,0.0,0.1504239282516702
27503,2023-12-31,4,moderate_supply_growing,0.0,-1.0,0.2459836692574082
27504,2023-01-31,3,affordable_high_demand,0.0,-1.0,0.0056361567559427
27504,2023-02-28,3,affordable_high_demand,0.0,-1.0,0.0109171749177626
27504,2023-03-31,3,affordable_high_demand,0.0,-1.0,0.0101638982795246
27504,2023-04-30,3,affordable_high_demand,0.0,-1.0,0.0290245586566054
27504,2023-05-31,3,affordable_high_demand,0.0,-1.0,0.0520809411617716
27504,2023-06-30,3,affordable_high_demand,0.0,-1.0,0.0899361765659413
27504,2023-07-31,3,affordable_high_demand,0.0,-1.0,0.1514398697470068
27504,2023-08-31,3,affordable_high_demand,0.0,0.0,0.3816850693183187
27504,2023-09-30,3,affordable_high_demand,0.0,0.0,0.4813498995058173
27504,2023-10-31,3,affordable_high_demand,0.0,0.0,0.5529975633497474
27504,2023-11-30,3,affordable_high_demand,0.0,0.0,0.5217533221376692
27504,2023-12-31,3,affordable_high_demand,0.0,0.0,0.3863419443867135
27505,2023-01-31,2,competitive_mid_market,0.0,-1.0,0.0038632024697817
27505,2023-02-28,2,competitive_mid_market,0.0,-1.0,0.0039886273109291
27505,2023-03-31,2,competitive_mid_market,0.0,-1.0,0.0050417132956147
27505,2023-04-30,2,competitive_mid_market,0.0,-1.0,0.0223181132126506
27505,2023-05-31,2,competitive_mid_market,0.0,-1.0,0.1204863227309201
27505,2023-06-30,2,competitive_mid_market,0.0,-1.0,0.2426609061328917
27505,2023-07-31,2,competitive_mid_market,0.0,-1.0,0.2914410409026118
27505,2023-08-31,2,competitive_mid_market,0.0,0.0,0.2656221965468323
27505,2023-09-30,2,competitive_mid_market,0.0,0.0,0.2442189025373395
27505,2023-10-31,2,competitive_mid_market,0.0,-1.0,0.1001697457775101
27505,2023-11-30,2,competitive_mid_market,0.0,0.0,0.0952803130758919
27505,2023-12-31,2,competitive_mid_market,0.0,0.0,0.243680142677903
27509,2023-01-31,3,affordable_high_demand,0.0,0.0,0.0494133156020208
27509,2023-02-28,3,affordable_high_demand,0.0,0.0,0.0487876376237014
27509,2023-03-31,3,affordable_high_demand,0.0,0.0,0.0429972659929456
27509,2023-04-30,3,affordable_high_demand,0.0,0.0,0.1632128388162525
27509,2023-05-31,3,affordable_high_demand,0.0,0.0,0.2032413092873563
27509,2023-06-30,3,affordable_high_demand,0.0,0.0,0.2917575224839976
27509,2023-07-31,3,affordable_high_demand,0.0,0.0,0.4098093170016234
27509,2023-08-31,3,affordable_high_demand,0.0,0.0,0.2509052396093162
27509,2023-09-30,3,affordable_high_demand,0.0,-1.0,0.2150594657233098
27509,2023-10-31,3,affordable_high_demand,0.0,-1.0,0.1024228148558164
27509,2023-11-30,3,affordable_high_demand,0.0,-1.0,0.118853742599366
27509,2023-12-31,3,affordable_high_demand,0.0,-1.0,0.1350957065583277
27510,2023-01-31,2,competitive_mid_market,0.0,0.0,0.0069079863803755
27510,2023-02-28,2,competitive_mid_market,0.0,0.0,0.020136499542385
27510,2023-03-31,2,competitive_mid_market,0.0,0.0,0.0087524508015912
27510,2023-04-30,2,competitive_mid_market,0.0,-1.0,0.0324778714512965
27510,2023-05-31,2,competitive_mid_market,0.0,-1.0,0.081805244075565
27510,2023-06-30,2,competitive_mid_market,0.0,-1.0,0.1452292817765504
27510,2023-07-31,2,competitive_mid_market,0.0,-1.0,0.1368053235468134
27510,2023-08-31,2,competitive_mid_market,0.0,-1.0,0.1115892306628127
27510,2023-09-30,2,competitive_mid_market,0.0,-1.0,0.0651248074138572
27510,2023-10-31,2,competitive_mid_market,0.0,-1.0,0.0559088902855874
27510,2023-11-30,2,competitive_mid_market,0.0,-1.0,0.0715689459198912
27510,2023-12-31,2,competitive_mid_market,0.0,-1.0,0.0642397768579682
27511,2023-01-31,2,competitive_mid_market,0.0,-1.0,0.0083894683527309
27511,2023-02-28,2,competitive_mid_market,0.0,-1.0,0.0063859363770374
27511,2023-03-31,2,competitive_mid_market,0.0,-1.0,0.0119218916427019
27511,2023-04-30,2,competitive_mid_market,0.0,-1.0,0.0467556484531035
27511,2023-05-31,2,competitive_mid_market,0.0,0.0,0.1845637247664275
27511,2023-06-30,2,competitive_mid_market,0.0,0.0,0.211065188715361
27511,2023-07-31,2,competitive_mid_market,0.0,0.0,0.218054433499
27511,2023-08-31,2,competitive_mid_market,0.0,0.0,0.1731645338936122
27511,2023-09-30,2,competitive_mid_market,0.0,0.0,0.2280127728725968
27511,2023-10-31,2,competitive_mid_market,0.0,0.0,0.2209795720767335
27511,2023-11-30,2,competitive_mid_market,0.0,0.0,0.2822886387804738
27511,2023-12-31,2,competitive_mid_market,0.0,0.0,0.328451249228616
27513,2023-01-31,2,competitive_mid_market,0.0,-1.0,0.0094365410308475
27513,2023-02-28,2,competitive_mid_market,0.0,-1.0,0.0079695152501543
27513,2023-03-31,2,competitive_mid_market,0.0,-1.0,0.0114307123449398
27513,2023-04-30,2,competitive_mid_market,0.0,-1.0,0.0393226696473068
27513,2023-05-31,2,competitive_mid_market,0.0,-1.0,0.2756717570031549
27513,2023-06-30,2,competitive_mid_market,0.0,0.0,0.3626320379806814
27513,2023-07-31,2,competitive_mid_market,0.0,0.0,0.239984903726236
27513,2023-08-31,2,competitive_mid_market,0.0,0.0,0.1251557889320573
27513,2023-09-30,2,competitive_mid_market,0.0,0.0,0.3250016531600199
27513,2023-10-31,2,competitive_mid_market,0.0,0.0,0.320379723503585
27513,2023-11-30,2,competitive_mid_market,0.0,0.0,0.2562323312078863
27513,2023-12-31,2,competitive_mid_market,0.0,0.0,0.4709608342961351
27514,2023-01-31,2,competitive_mid_market,0.0,-1.0,0.0050505201519327
27514,2023-02-28,2,competitive_mid_market,0.0,-1.0,0.0096599794376694
27514,2023-03-31,2,competitive_mid_market,0.0,-1.0,0.0090786807525246
27514,2023-04-30,2,competitive_mid_market,0.0,-1.0,0.0289572810324534
27514,2023-05-31,2,competitive_mid_market,0.0,-1.0,0.1662655448235889
27514,2023-06-30,2,competitive_mid_market,0.0,0.0,0.3599392812390312
27514,2023-07-31,2,competitive_mid_market,0.0,0.0,0.4883995361558081
27514,2023-08-31,2,competitive_mid_market,0.0,0.0,0.451712805236023
27514,2023-09-30,2,competitive_mid_market,0.0,0.0,0.2201702405915929
27514,2023-10-31,2,competitive_mid_market,0.0,-1.0,0.2513506994937555
27514,2023-11-30,2,competitive_mid_market,0.0,0.0,0.1653591552622478
27514,2023-12-31,2,competitive_mid_market,0.0,0.0,0.1251927041057241
27516,2023-01-31,2,competitive_mid_market,0.0,-1.0,0.0049794307723386
27516,2023-02-28,2,competitive_mid_market,0.0,-1.0,0.010123502319536
27516,2023-03-31,2,competitive_mid_market,0.0,0.0,0.0119598606610815
27516,2023-04-30,2,competitive_mid_market,0.0,0.0,0.0262203568645813
27516,2023-05-31,2,competitive_mid_market,0.0,-1.0,0.2378883743737017
27516,2023-06-30,2,competitive_mid_market,0.0,0.0,0.4474166312152086
27516,2023-07-31,2,competitive_mid_market,0.0,0.0,0.478546731826489
27516,2023-08-31,2,competitive_mid_market,0.0,0.0,0.3850188821818221
27516,2023-09-30,2,competitive_mid_market,0.0,0.0,0.3416402521484623
27516,2023-10-31,2,competitive_mid_market,0.0,0.0,0.1920802223884988
27516,2023-11-30,2,competitive_mid_market,0.0,0.0,0.1515001911199474
27516,2023-12-31,2,competitive_mid_market,0.0,0.0,0.2630615732016216
27517,2023-01-31,2,competitive_mid_market,0.0,-1.0,0.0056871953272616
27517,2023-02-28,2,competitive_mid_market,0.0,-1.0,0.0067403836619244
27517,2023-03-31,2,competitive_mid_market,0.0,-1.0,0.0094288195251288
27517,2023-04-30,2,competitive_mid_market,0.0,-1.0,0.0185904248677218
27517,2023-05-31,2,competitive_mid_market,0.0,-1.0,0.1803658333037845
27517,2023-06-30,2,competitive_mid_market,0.0,-1.0,0.1713061755799373
27517,2023-07-31,2,competitive_mid_market,0.0,-1.0,0.293783523470636
27517,2023-08-31,2,competitive_mid_market,0.0,0.0,0.2236943819256261
27517,2023-09-30,2,competitive_mid_market,0.0,0.0,0.2509813687949034
27517,2023-10-31,2,competitive_mid_market,0.0,0.0,0.2571851084875199
27517,2023-11-30,2,competitive_mid_market,0.0,0.0,0.2734623776498825
27517,2023-12-31,2,competitive_mid_market,0.0,0.0,0.3055266428244607
27518,2023-01-31,2,competitive_mid_market,0.0,-1.0,0.0070497621942084
27518,2023-02-28,2,competitive_mid_market,0.0,-1.0,0.0094355739578659
27518,2023-03-31,2,competitive_mid_market,0.0,-1.0,0.0072943947864004
27518,2023-04-30,2,competitive_mid_market,0.0,-1.0,0.0417597464447969
27518,2023-05-31,2,competitive_mid_market,0.0,0.0,0.1873839662275661
27518,2023-06-30,2,competitive_mid_market,0.0,0.0,0.1690154051539209
27518,2023-07-31,2,competitive_mid_market,0.0,0.0,0.1410029437449908
27518,2023-08-31,2,competitive_mid_market,0.0,0.0,0.2244404321577318
27518,2023-09-30,2,competitive_mid_market,0.0,0.0,0.1891037243024021
27518,2023-10-31,2,competitive_mid_market,0.0,0.0,0.2537016282714364
27518,2023-11-30,2,competitive_mid_market,0.0,0.0,0.2931115838043637
27518,2023-12-31,2,competitive_mid_market,0.0,0.0,0.2980455586447008
27519,2023-01-31,2,competitive_mid_market,0.0,-1.0,0.0082907066723547
27519,2023-02-28,2,competitive_mid_market,0.0,-1.0,0.0094396955497011
27519,2023-03-31,2,competitive_mid_market,0.0,-1.0,0.0081753788473566
27519,2023-04-30,2,competitive_mid_market,0.0,-1.0,0.0394620087112947
27519,2023-05-31,2,competitive_mid_market,0.0,-1.0,0.3090477553169703
27519,2023-06-30,2,competitive_mid_market,0.0,-1.0,0.5936029456777081
27519,2023-07-31,2,competitive_mid_market,0.0,-1.0,0.3986325317316721
27519,2023-08-31,2,competitive_mid_market,0.0,-1.0,0.6045256913260659
27519,2023-09-30,2,competitive_mid_market,0.0,0.0,0.5932862952072857
27519,2023-10-31,2,competitive_mid_market,0.0,0.0,0.7220211447607727
27519,2023-11-30,2,competitive_mid_market,0.0,0.0,0.5739426141987232
27519,2023-12-31,2,competitive_mid_market,0.0,0.0,0.7412178265126647
27520,2023-01-31,3,affordable_high_demand,0.0,-1.0,0.0101666544514718
27520,2023-02-28,3,affordable_high_demand,0.0,-1.0,0.0089540441460311
27520,2023-03-31,3,affordable_high_demand,0.0,-1.0,0.0120561258351146
27520,2023-04-30,3,affordable_high_demand,0.0,-1.0,0.0152505886129141
27520,2023-05-31,3,affordable_high_demand,0.0,-1.0,0.0745680719434149
27520,2023-06-30,3,affordable_high_demand,0.0,-1.0,0.2701346180499381
27520,2023-07-31,3,affordable_high_demand,0.0,-1.0,0.2220609537165108
27520,2023-08-31,3,affordable_high_demand,0.0,-1.0,0.1240124121596914
27520,2023-09-30,3,affordable_high_demand,0.0,0.0,0.1635231247917051
27520,2023-10-31,3,affordable_high_demand,0.0,0.0,0.2179200301162633
27520,2023-11-30,3,affordable_high_demand,0.0,0.0,0.2314261653171561
27520,2023-12-31,3,affordable_high_demand,0.0,0.0,0.1561262453731702
27521,2023-01-31,4,moderate_supply_growing,0.0,0.0,0.0221732534309333
27521,2023-02-28,4,moderate_supply_growing,0.0,0.0,0.0368796603830049
27521,2023-03-31,4,moderate_supply_growing,0.0,0.0,0.0811866936476631
27521,2023-04-30,4,moderate_supply_growing,0.0,0.0,0.4982733619018101
27521,2023-05-31,4,moderate_supply_growing,0.0,0.0,0.5455414808644988
27521,2023-06-30,4,moderate_supply_growing,0.0,0.0,0.3622085506997825
27521,2023-07-31,4,moderate_supply_growing,0.0,0.0,0.1871216864199933
27521,2023-08-31,4,moderate_supply_growing,0.0,-1.0,0.3396892976784456
27521,2023-09-30,4,moderate_supply_growing,0.0,0.0,0.7282709810042165
27521,2023-10-31,4,moderate_supply_growing,0.0,0.0,0.484048514159016
27521,2023-11-30,4,moderate_supply_growing,0.0,0.0,0.527349283662844
27521,2023-12-31,4,moderate_supply_growing,0.0,0.0,0.4476306135813113
27522,2023-01-31,3,affordable_high_demand,0.0,-1.0,0.0077803457392339
27522,2023-02-28,3,affordable_high_demand,0.0,-1.0,0.0100227536925966
27522,2023-03-31,3,affordable_high_demand,0.0,-1.0,0.0200272396722579
27522,2023-04-30,3,affordable_high_demand,0.0,-1.0,0.0095834633173271
27522,2023-05-31,3,affordable_high_demand,0.0,-1.0,0.0273508165770664
27522,2023-06-30,3,affordable_high_demand,0.0,-1.0,0.1754286566888716
27522,2023-07-31,3,affordable_high_demand,0.0,-1.0,0.2958297841612566
27522,2023-08-31,3,affordable_high_demand,0.0,-1.0,0.2664070246457344
27522,2023-09-30,3,affordable_high_demand,0.0,-1.0,0.1979037753662147
27522,2023-10-31,3,affordable_high_demand,0.0,-1.0,0.2900937733542045
27522,2023-11-30,3,affordable_high_demand,0.0,-1.0,0.3727090163146206
27522,2023-12-31,3,affordable_high_demand,0.0,-1.0,0.4421993048500038
27523,2023-01-31,2,competitive_mid_market,0.0,-1.0,0.0136131572474597
27523,2023-02-28,2,competitive_mid_market,0.0,-1.0,0.0087022785387158
27523,2023-03-31,2,competitive_mid_market,0.0,-1.0,0.0041270561068374
27523,2023-04-30,2,competitive_mid_market,0.0,-1.0,0.0277596146879437
27523,2023-05-31,2,competitive_mid_market,0.0,-1.0,0.0648521909338463
27523,2023-06-30,2,competitive_mid_market,0.0,0.0,0.2005507933765876
27523,2023-07-31,2,competitive_mid_market,0.0,0.0,0.2426765313130588
27523,2023-08-31,2,competitive_mid_market,0.0,0.0,0.432093803234037
27523,2023-09-30,2,competitive_mid_market,0.0,0.0,0.4954415980995308
27523,2023-10-31,2,competitive_mid_market,0.0,0.0,0.5051121219673583
27523,2023-11-30,2,competitive_mid_market,0.0,0.0,0.4516771094459443
27523,2023-12-31,2,competitive_mid_market,0.0,0.0,0.5709755474513678
27524,2023-01-31,3,affordable_high_demand,0.0,-1.0,0.0105058274623997
27524,2023-02-28,3,affordable_high_demand,0.0,-1.0,0.0104110399938854
27524,2023-03-31,3,affordable_high_demand,0.0,-1.0,0.0144411393947361
27524,2023-04-30,3,affordable_high_demand,0.0,-1.0,0.0259004197569882
27524,2023-05-31,3,affordable_high_demand,0.0,-1.0,0.1418350283313522
27524,2023-06-30,3,affordable_high_demand,0.0,-1.0,0.2968473910118261
27524,2023-07-31,3,affordable_high_demand,0.0,-1.0,0.2874226131889451
27524,2023-08-31,3,affordable_high_demand,0.0,0.0,0.323435194460086
27524,2023-09-30,3,affordable_high_demand,0.0,0.0,0.5512192681837792
27524,2023-10-31,3,affordable_high_demand,0.0,0.0,0.525066138115827
27524,2023-11-30,3,affordable_high_demand,0.0,0.0,0.4780216989958108
27524,2023-12-31,3,affordable_high_demand,0.0,0.0,0.2930901926924582
27525,2023-01-31,3,affordable_high_demand,0.0,-1.0,0.0110900698926344
27525,2023-02-28,3,affordable_high_demand,0.0,-1.0,0.0204547057545105
27525,2023-03-31,3,affordable_high_demand,0.0,-1.0,0.0178796286049164
27525,2023-04-30,3,affordable_high_demand,0.0,-1.0,0.0337663092839498
27525,2023-05-31,3,affordable_high_demand,0.0,-1.0,0.0316493858092104
27525,2023-06-30,3,affordable_high_demand,0.0,0.0,0.0355581452618868
27525,2023-07-31,3,affordable_high_demand,0.0,0.0,0.082893665273556
27525,2023-08-31,3,affordable_high_demand,0.0,0.0,0.1548271412917705
27525,2023-09-30,3,affordable_high_demand,0.0,0.0,0.2865429243104171
27525,2023-10-31,3,affordable_high_demand,0.0,0.0,0.3475355287250828
27525,2023-11-30,3,affordable_high_demand,0.0,0.0,0.22718236398561
27525,2023-12-31,3,affordable_high_demand,0.0,0.0,0.4674572750356667
27526,2023-01-31,2,competitive_mid_market,0.0,-1.0,0.0065605595476123
27526,2023-02-28,2,competitive_mid_market,0.0,-1.0,0.0074513928945654
27526,2023-03-31,2,competitive_mid_market,0.0,-1.0,0.0221739066156702
27526,2023-04-30,2,competitive_mid_market,0.0,-1.0,0.0233812914371736
27526,2023-05-31,2,competitive_mid_market,0.0,-1.0,0.036855520300079
27526,2023-06-30,2,competitive_mid_market,0.0,-1.0,0.2359281245557834
27526,2023-07-31,2,competitive_mid_market,0.0,0.0,0.1635703970908065
27526,2023-08-31,2,competitive_mid_market,0.0,0.0,0.3190489501440601
27526,2023-09-30,2,competitive_mid_market,0.0,0.0,0.2900276658430038
27526,2023-10-31,2,competitive_mid_market,0.0,0.0,0.3492606461800477
27526,2023-11-30,2,competitive_mid_market,0.0,0.0,0.2187288001256518
27526,2023-12-31,2,competitive_mid_market,0.0,0.0,0.1560388757274545
27527,2023-01-31,2,competitive_mid_market,0.0,-1.0,0.0093985922937883
27527,2023-02-28,2,competitive_mid_market,0.0,-1.0,0.0099903918120112
27527,2023-03-31,2,competitive_mid_market,0.0,-1.0,0.0096183426240788
27527,2023-04-30,2,competitive_mid_market,0.0,-1.0,0.0182190248332184
27527,2023-05-31,2,competitive_mid_market,0.0,-1.0,0.0416626375748774
27527,2023-06-30,2,competitive_mid_market,0.0,-1.0,0.2296784059537083
27527,2023-07-31,2,competitive_mid_market,0.0,-1.0,0.1209385964524976
27527,2023-08-31,2,competitive_mid_market,0.0,-1.0,0.1457928860943637
27527,2023-09-30,2,competitive_mid_market,0.0,0.0,0.2812269750045788
27527,2023-10-31,2,competitive_mid_market,0.0,0.0,0.2765994014707188
27527,2023-11-30,2,competitive_mid_market,0.0,0.0,0.2539662890622455
27527,2023-12-31,2,competitive_mid_market,0.0,0.0,0.2092391320173669
27529,2023-01-31,3,affordable_high_demand,0.0,-1.0,0.0103848809662201
27529,2023-02-28,3,affordable_high_demand,0.0,-1.0,0.0095604956628651
27529,2023-03-31,3,affordable_high_demand,0.0,-1.0,0.0104065287064035
27529,2023-04-30,3,affordable_high_demand,0.0,-1.0,0.0210923223652996
27529,2023-05-31,3,affordable_high_demand,0.0,-1.0,0.0424203410696699
27529,2023-06-30,3,affordable_high_demand,0.0,-1.0,0.3542259899719522
27529,2023-07-31,3,affordable_high_demand,0.0,0.0,0.3476555567668276
27529,2023-08-31,3,affordable_high_demand,0.0,0.0,0.3512702935020474
27529,2023-09-30,3,affordable_high_demand,0.0,0.0,0.3359873871000176
27529,2023-10-31,3,affordable_high_demand,0.0,0.0,0.3751769929485298
27529,2023-11-30,3,affordable_high_demand,0.0,0.0,0.3375168305463881
27529,2023-12-31,3,affordable_high_demand,0.0,0.0,0.2961249343564184
27530,2023-01-31,2,competitive_mid_market,0.0,-1.0,0.0096400231262956
27530,2023-02-28,2,competitive_mid_market,0.0,-1.0,0.0097774438526673
27530,2023-03-31,2,competitive_mid_market,0.0,-1.0,0.0216454992553312
27530,2023-04-30,2,competitive_mid_market,0.0,-1.0,0.0376164032968722
27530,2023-05-31,2,competitive_mid_market,0.0,-1.0,0.1070279348522641
27530,2023-06-30,2,competitive_mid_market,0.0,-1.0,0.1219466766029621
27530,2023-07-31,2,competitive_mid_market,0.0,-1.0,0.1479846439974759
27530,2023-08-31,2,competitive_mid_market,0.0,-1.0,0.1238471935308113
27530,2023-09-30,2,competitive_mid_market,0.0,-1.0,0.1421283881068314
27530,2023-10-31,2,competitive_mid_market,0.0,0.0,0.0755437868204051
27530,2023-11-30,2,competitive_mid_market,0.0,0.0,0.0860789547611312
27530,2023-12-31,2,competitive_mid_market,0.0,0.0,0.042343009098555
27534,2023-01-31,2,competitive_mid_market,0.0,-1.0,0.0075631838133883
27534,2023-02-28,2,competitive_mid_market,0.0,-1.0,0.0052096526064558
27534,2023-03-31,2,competitive_mid_market,0.0,-1.0,0.0132480986828507
27534,2023-04-30,2,competitive_mid_market,0.0,-1.0,0.0190136663890972
27534,2023-05-31,2,competitive_mid_market,0.0,-1.0,0.0320574477901154
27534,2023-06-30,2,competitive_mid_market,0.0,-1.0,0.0310981324982891
27534,2023-07-31,2,competitive_mid_market,0.0,-1.0,0.0943189171776228
27534,2023-08-31,2,competitive_mid_market,0.0,-1.0,0.1966425142870344
27534,2023-09-30,2,competitive_mid_market,0.0,0.0,0.3806877517241746
27534,2023-10-31,2,competitive_mid_market,0.0,0.0,0.2859529496445864
27534,2023-11-30,2,competitive_mid_market,0.0,0.0,0.0940410451180133
27534,2023-12-31,2,competitive_mid_market,0.0,0.0,0.0533080967781977
27536,2023-01-31,3,affordable_high_demand,0.0,0.0,0.0222163151897108
27536,2023-02-28,3,affordable_high_demand,0.0,0.0,0.1156255576761614
27536,2023-03-31,3,affordable_high_demand,0.0,0.0,0.13732578619551
27536,2023-04-30,3,affordable_high_demand,0.0,0.0,0.1965817107629788
27536,2023-05-31,3,affordable_high_demand,0.0,0.0,0.2569939555993657
27536,2023-06-30,3,affordable_high_demand,0.0,0.0,0.3110369812277003
27536,2023-07-31,3,affordable_high_demand,0.0,0.0,0.7185154488489655
27536,2023-08-31,3,affordable_high_demand,0.0,0.0,0.2816845597300029
27536,2023-09-30,3,affordable_high_demand,0.0,0.0,0.0497724712051636
27536,2023-10-31,3,affordable_high_demand,0.0,0.0,0.0490109855497166
27536,2023-11-30,3,affordable_high_demand,0.0,0.0,0.0642392539071799
27536,2023-12-31,3,affordable_high_demand,0.0,0.0,0.0201323383078729
27537,2023-01-31,1,low_activity_cooling,0.0,0.0,0.0791277277401359
27537,2023-02-28,1,low_activity_cooling,0.0,0.0,0.3868868908450759
27537,2023-03-31,1,low_activity_cooling,0.0,0.0,0.2294939755816046
27537,2023-04-30,1,low_activity_cooling,0.0,0.0,0.313495568457435
27537,2023-05-31,1,low_activity_cooling,0.0,0.0,0.2738449722489794
27537,2023-06-30,1,low_activity_cooling,0.0,0.0,0.5106247399995162
27537,2023-07-31,1,low_activity_cooling,0.0,0.0,0.6873718374196812
27537,2023-08-31,1,low_activity_cooling,0.0,0.0,0.3333630686134504
27537,2023-09-30,1,low_activity_cooling,0.0,0.0,0.2466365624599187
27537,2023-10-31,1,low_activity_cooling,0.0,0.0,0.4265714637755879
27537,2023-11-30,1,low_activity_cooling,0.0,0.0,0.2748350649896232
27537,2023-12-31,1,low_activity_cooling,0.0,0.0,0.0500043066361038
27539,2023-01-31,2,competitive_mid_market,0.0,-1.0,0.0085498046338067
27539,2023-02-28,2,competitive_mid_market,0.0,-1.0,0.0080546673030956
27539,2023-03-31,2,competitive_mid_market,0.0,-1.0,0.0077019619973743
27539,2023-04-30,2,competitive_mid_market,0.0,-1.0,0.0366991589579365
27539,2023-05-31,2,competitive_mid_market,0.0,-1.0,0.1172232130877359
27539,2023-06-30,2,competitive_mid_market,0.0,-1.0,0.255787446971144
27539,2023-07-31,2,competitive_mid_market,0.0,-1.0,0.1457090590579612
27539,2023-08-31,2,competitive_mid_market,0.0,0.0,0.4736217672633712
27539,2023-09-30,2,competitive_mid_market,0.0,-1.0,0.4169684828243679
27539,2023-10-31,2,competitive_mid_market,0.0,-1.0,0.3896240363190794
27539,2023-11-30,2,competitive_mid_market,0.0,-1.0,0.4116041983107908
27539,2023-12-31,2,competitive_mid_market,0.0,-1.0,0.4519346576662016
27540,2023-01-31,2,competitive_mid_market,0.0,-1.0,0.0078062881185965
27540,2023-02-28,2,competitive_mid_market,0.0,-1.0,0.0086574073287088
27540,2023-03-31,2,competitive_mid_market,0.0,-1.0,0.014367373031225
27540,2023-04-30,2,competitive_mid_market,0.0,-1.0,0.0433748444435012
27540,2023-05-31,2,competitive_mid_market,0.0,-1.0,0.1523522323830186
27540,2023-06-30,2,competitive_mid_market,0.0,-1.0,0.6078243205264221
27540,2023-07-31,2,competitive_mid_market,0.0,0.0,0.2554064909934486
27540,2023-08-31,2,competitive_mid_market,0.0,0.0,0.3083620057582675
27540,2023-09-30,2,competitive_mid_market,0.0,0.0,0.3937355390915952
27540,2023-10-31,2,competitive_mid_market,0.0,0.0,0.4069822909715783
27540,2023-11-30,2,competitive_mid_market,0.0,0.0,0.4106789386752233
27540,2023-12-31,2,competitive_mid_market,0.0,0.0,0.4584767056708777
27541,2023-01-31,4,moderate_supply_growing,0.0,-1.0,0.012950993928772
27541,2023-02-28,4,moderate_supply_growing,0.0,-1.0,0.0270534685007079
27541,2023-03-31,4,moderate_supply_growing,0.0,-1.0,0.0178232788257965
27541,2023-04-30,4,moderate_supply_growing,0.0,-1.0,0.0921712529645132
27541,2023-05-31,4,moderate_supply_growing,0.0,0.0,0.3120293083495879
27541,2023-06-30,4,moderate_supply_growing,0.0,0.0,0.3842108176754698
27541,2023-07-31,4,moderate_supply_growing,0.0,0.0,0.4526001293930861
27541,2023-08-31,4,moderate_supply_growing,0.0,0.0,0.591672397781141
27541,2023-09-30,4,moderate_supply_growing,0.0,0.0,0.6023969289796071
27541,2023-10-31,4,moderate_supply_growing,1.0,1.0,0.8583748579006059
27541,2023-11-30,4,moderate_supply_growing,1.0,1.0,0.766875323390027
27541,2023-12-31,4,moderate_supply_growing,0.0,0.0,0.2847366672160589
27542,2023-01-31,3,affordable_high_demand,0.0,0.0,0.0138019014035387
27542,2023-02-28,3,affordable_high_demand,0.0,-1.0,0.0167661568015066
27542,2023-03-31,3,affordable_high_demand,0.0,-1.0,0.0623135650085337
27542,2023-04-30,3,affordable_high_demand,0.0,0.0,0.0507086089081781
27542,2023-05-31,3,affordable_high_demand,0.0,-1.0,0.0733413999937964
27542,2023-06-30,3,affordable_high_demand,0.0,0.0,0.1022114215150787
27542,2023-07-31,3,affordable_high_demand,0.0,0.0,0.208102733641933
27542,2023-08-31,3,affordable_high_demand,0.0,0.0,0.1824493924064109
27542,2023-09-30,3,affordable_high_demand,0.0,0.0,0.5249149711036188
27542,2023-10-31,3,affordable_high_demand,0.0,0.0,0.588282892799799
27542,2023-11-30,3,affordable_high_demand,0.0,0.0,0.2899005824385779
27542,2023-12-31,3,affordable_high_demand,0.0,0.0,0.0771831511067923
27545,2023-01-31,3,affordable_high_demand,0.0,-1.0,0.0074322678002711
27545,2023-02-28,3,affordable_high_demand,0.0,-1.0,0.0093143839086613
27545,2023-03-31,3,affordable_high_demand,0.0,-1.0,0.0081282943948576
27545,2023-04-30,3,affordable_high_demand,0.0,-1.0,0.0190394336994371
27545,2023-05-31,3,affordable_high_demand,0.0,-1.0,0.0338114829822829
27545,2023-06-30,3,affordable_high_demand,0.0,-1.0,0.1558608005376838
27545,2023-07-31,3,affordable_high_demand,0.0,-1.0,0.2112017598407922
27545,2023-08-31,3,affordable_high_demand,0.0,-1.0,0.1619335863681556
27545,2023-09-30,3,affordable_high_demand,0.0,-1.0,0.1825446333966251
27545,2023-10-31,3,affordable_high_demand,0.0,0.0,0.2253991449610913
27545,2023-11-30,3,affordable_high_demand,0.0,-1.0,0.2519001642330809
27545,2023-12-31,3,affordable_high_demand,0.0,-1.0,0.2191086158243278
27546,2023-01-31,3,affordable_high_demand,0.0,-1.0,0.0108327565727539
27546,2023-02-28,3,affordable_high_demand,0.0,-1.0,0.0118420203945205
27546,2023-03-31,3,affordable_high_demand,0.0,-1.0,0.0165037703693019
27546,2023-04-30,3,affordable_high_demand,0.0,-1.0,0.0431002161322983
27546,2023-05-31,3,affordable_high_demand,0.0,-1.0,0.0711409783858207
27546,2023-06-30,3,affordable_high_demand,0.0,-1.0,0.1339503668881684
27546,2023-07-31,3,affordable_high_demand,0.0,-1.0,0.1920359125138066
27546,2023-08-31,3,affordable_high_demand,0.0,0.0,0.4198525957835361
27546,2023-09-30,3,affordable_high_demand,0.0,0.0,0.4229415027287048
27546,2023-10-31,3,affordable_high_demand,0.0,0.0,0.2417024775185188
27546,2023-11-30,3,affordable_high_demand,0.0,0.0,0.3645945087139353
27546,2023-12-31,3,affordable_high_demand,0.0,0.0,0.2570152365864587
27549,2023-01-31,3,affordable_high_demand,0.0,-1.0,0.0458730784671187
27549,2023-02-28,3,affordable_high_demand,0.0,-1.0,0.0490513276723167
27549,2023-03-31,3,affordable_high_demand,0.0,-1.0,0.0163482981449242
27549,2023-04-30,3,affordable_high_demand,0.0,-1.0,0.0228765776679873
27549,2023-05-31,3,affordable_high_demand,0.0,-1.0,0.0389880904048702
27549,2023-06-30,3,affordable_high_demand,0.0,-1.0,0.0714332312016203
27549,2023-07-31,3,affordable_high_demand,0.0,-1.0,0.0804105663531871
27549,2023-08-31,3,affordable_high_demand,0.0,0.0,0.3467072255615784
27549,2023-09-30,3,affordable_high_demand,0.0,-1.0,0.3109509541449756
27549,2023-10-31,3,affordable_high_demand,0.0,-1.0,0.3912298443332573
27549,2023-11-30,3,affordable_high_demand,0.0,0.0,0.4893087094905667
27549,2023-12-31,3,affordable_high_demand,0.0,0.0,0.2953846926581567
27557,2023-01-31,3,affordable_high_demand,0.0,-1.0,0.0099605209449988
27557,2023-02-28,3,affordable_high_demand,0.0,-1.0,0.0122969060579207
27557,2023-03-31,3,affordable_high_demand,0.0,-1.0,0.0134267488086593
27557,2023-04-30,3,affordable_high_demand,0.0,-1.0,0.1190943122670126
27557,2023-05-31,3,affordable_high_demand,0.0,0.0,0.3202038962161401
27557,2023-06-30,3,affordable_high_demand,0.0,0.0,0.5646043019436684
27557,2023-07-31,3,affordable_high_demand,0.0,0.0,0.3156944894368605
27557,2023-08-31,3,affordable_high_demand,0.0,0.0,0.3830286211587824
27557,2023-09-30,3,affordable_high_demand,0.0,0.0,0.4510869899513467
27557,2023-10-31,3,affordable_high_demand,0.0,0.0,0.6596094483759796
27557,2023-11-30,3,affordable_high_demand,0.0,0.0,0.393864418749295
27557,2023-12-31,3,affordable_high_demand,0.0,0.0,0.2210230537443031
27560,2023-01-31,2,competitive_mid_market,0.0,-1.0,0.0118131305255258
27560,2023-02-28,2,competitive_mid_market,0.0,-1.0,0.0089708032584134
27560,2023-03-31,2,competitive_mid_market,0.0,-1.0,0.0094234951765335
27560,2023-04-30,2,competitive_mid_market,0.0,-1.0,0.0221111269514013
27560,2023-05-31,2,competitive_mid_market,0.0,-1.0,0.1166205346910655
27560,2023-06-30,2,competitive_mid_market,0.0,-1.0,0.2801741938742631
27560,2023-07-31,2,competitive_mid_market,0.0,0.0,0.2570350551383564
27560,2023-08-31,2,competitive_mid_market,0.0,0.0,0.4223420074291304
27560,2023-09-30,2,competitive_mid_market,0.0,0.0,0.3519676570508244
27560,2023-10-31,2,competitive_mid_market,0.0,0.0,0.3950514393716847
27560,2023-11-30,2,competitive_mid_market,0.0,0.0,0.430975679181746
27560,2023-12-31,2,competitive_mid_market,0.0,0.0,0.5233826799597212
27562,2023-01-31,2,competitive_mid_market,0.0,-1.0,0.017923875795933
27562,2023-02-28,2,competitive_mid_market,0.0,-1.0,0.0193396698574349
27562,2023-03-31,2,competitive_mid_market,0.0,-1.0,0.0175891058992301
27562,2023-04-30,2,competitive_mid_market,0.0,-1.0,0.0783018338678025
27562,2023-05-31,2,competitive_mid_market,0.0,-1.0,0.1162392635403204
27562,2023-06-30,2,competitive_mid_market,0.0,-1.0,0.2072040686958285
27562,2023-07-31,2,competitive_mid_market,0.0,0.0,0.137088932782652
27562,2023-08-31,2,competitive_mid_market,0.0,0.0,0.3544496743355744
27562,2023-09-30,2,competitive_mid_market,0.0,0.0,0.2852996016490707
27562,2023-10-31,2,competitive_mid_market,0.0,0.0,0.3138093520767748
27562,2023-11-30,2,competitive_mid_market,0.0,0.0,0.3315634041162157
27562,2023-12-31,2,competitive_mid_market,0.0,0.0,0.5463185991173212
27565,2023-01-31,3,affordable_high_demand,0.0,0.0,0.0152932831136834
27565,2023-02-28,3,affordable_high_demand,0.0,-1.0,0.0140121782101697
27565,2023-03-31,3,affordable_high_demand,0.0,-1.0,0.0125192485028043
27565,2023-04-30,3,affordable_high_demand,0.0,-1.0,0.0945000777283161
27565,2023-05-31,3,affordable_high_demand,0.0,-1.0,0.27073176424098
27565,2023-06-30,3,affordable_high_demand,0.0,-1.0,0.2130234034974743
27565,2023-07-31,3,affordable_high_demand,0.0,-1.0,0.2244639275981106
27565,2023-08-31,3,affordable_high_demand,0.0,-1.0,0.2348383831006454
27565,2023-09-30,3,affordable_high_demand,0.0,0.0,0.2876355362407876
27565,2023-10-31,3,affordable_high_demand,0.0,0.0,0.3510305898655015
27565,2023-11-30,3,affordable_high_demand,0.0,-1.0,0.3257070233976964
27565,2023-12-31,3,affordable_high_demand,0.0,-1.0,0.1529528054329378
27569,2023-01-31,3,affordable_high_demand,0.0,-1.0,0.0104968284013319
27569,2023-02-28,3,affordable_high_demand,0.0,-1.0,0.0125016243969493
27569,2023-03-31,3,affordable_high_demand,0.0,-1.0,0.0178978464757239
27569,2023-04-30,3,affordable_high_demand,0.0,-1.0,0.0290658941719999
27569,2023-05-31,3,affordable_high_demand,0.0,-1.0,0.1454740935572261
27569,2023-06-30,3,affordable_high_demand,0.0,-1.0,0.1422806722611654
27569,2023-07-31,3,affordable_high_demand,0.0,-1.0,0.2492308564736212
27569,2023-08-31,3,affordable_high_demand,0.0,0.0,0.2749051972601629
27569,2023-09-30,3,affordable_high_demand,0.0,0.0,0.5013752779205118
27569,2023-10-31,3,affordable_high_demand,0.0,0.0,0.3661980828343662
27569,2023-11-30,3,affordable_high_demand,0.0,0.0,0.3457527293312666
27569,2023-12-31,3,affordable_high_demand,0.0,0.0,0.1408230411643256
27571,2023-01-31,2,competitive_mid_market,0.0,-1.0,0.0103804779324375
27571,2023-02-28,2,competitive_mid_market,0.0,-1.0,0.0110362361452573
27571,2023-03-31,2,competitive_mid_market,0.0,-1.0,0.0101489414159855
27571,2023-04-30,2,competitive_mid_market,0.0,-1.0,0.0335741552189173
27571,2023-05-31,2,competitive_mid_market,0.0,-1.0,0.0359005826091113
27571,2023-06-30,2,competitive_mid_market,0.0,0.0,0.1438801555185208
27571,2023-07-31,2,competitive_mid_market,0.0,0.0,0.086084893093793
27571,2023-08-31,2,competitive_mid_market,0.0,0.0,0.2432137217359874
27571,2023-09-30,2,competitive_mid_market,0.0,0.0,0.2630303154595792
27571,2023-10-31,2,competitive_mid_market,0.0,0.0,0.1672621247385821
27571,2023-11-30,2,competitive_mid_market,0.0,0.0,0.1793909048458201
27571,2023-12-31,2,competitive_mid_market,0.0,0.0,0.1469604150684745
27572,2023-01-31,2,competitive_mid_market,0.0,-1.0,0.0082350295537441
27572,2023-02-28,2,competitive_mid_market,0.0,-1.0,0.0257102255395047
27572,2023-03-31,2,competitive_mid_market,0.0,-1.0,0.0259141207882634
27572,2023-04-30,2,competitive_mid_market,0.0,-1.0,0.0229358396463226
27572,2023-05-31,2,competitive_mid_market,0.0,-1.0,0.1547908860854394
27572,2023-06-30,2,competitive_mid_market,0.0,0.0,0.1081640218972142
27572,2023-07-31,2,competitive_mid_market,0.0,-1.0,0.1185009708373676
27572,2023-08-31,2,competitive_mid_market,0.0,0.0,0.2679320678298715
27572,2023-09-30,2,competitive_mid_market,0.0,0.0,0.2998924928930767
27572,2023-10-31,2,competitive_mid_market,0.0,0.0,0.3900673497408426
27572,2023-11-30,2,competitive_mid_market,0.0,0.0,0.1517579701209867
27572,2023-12-31,2,competitive_mid_market,0.0,0.0,0.2474676987461453
27573,2023-01-31,3,affordable_high_demand,0.0,0.0,0.0310263538754273
27573,2023-02-28,3,affordable_high_demand,0.0,0.0,0.0567767055617829
27573,2023-03-31,3,affordable_high_demand,0.0,0.0,0.0679267189815794
27573,2023-04-30,3,affordable_high_demand,0.0,0.0,0.1032315334650306
27573,2023-05-31,3,affordable_high_demand,0.0,0.0,0.2202487327268397
27573,2023-06-30,3,affordable_high_demand,0.0,-1.0,0.3214486068959509
27573,2023-07-31,3,affordable_high_demand,0.0,-1.0,0.3163037983986128
27573,2023-08-31,3,affordable_high_demand,0.0,-1.0,0.3090704152715152
27573,2023-09-30,3,affordable_high_demand,0.0,-1.0,0.4091101489113231
27573,2023-10-31,3,affordable_high_demand,0.0,-1.0,0.4448637856624403
27573,2023-11-30,3,affordable_high_demand,0.0,-1.0,0.3632198312804141
27573,2023-12-31,3,affordable_high_demand,0.0,0.0,0.1560368283730385
27574,2023-01-31,4,moderate_supply_growing,0.0,0.0,0.0884878359901222
27574,2023-02-28,4,moderate_supply_growing,0.0,0.0,0.0248091858733677
27574,2023-03-31,4,moderate_supply_growing,0.0,0.0,0.1452744600063881
27574,2023-04-30,4,moderate_supply_growing,0.0,0.0,0.4019390293426558
27574,2023-05-31,4,moderate_supply_growing,0.0,0.0,0.6668831464427885
27574,2023-06-30,4,moderate_supply_growing,0.0,0.0,0.743798525949869
27574,2023-07-31,4,moderate_supply_growing,0.0,0.0,0.6262832861752019
27574,2023-08-31,4,moderate_supply_growing,0.0,0.0,0.6977176377124622
27574,2023-09-30,4,moderate_supply_growing,0.0,0.0,0.8259921695512482
27574,2023-10-31,4,moderate_supply_growing,0.0,0.0,0.7397851980485914
27574,2023-11-30,4,moderate_supply_growing,0.0,0.0,0.6644869985385072
27574,2023-12-31,4,moderate_supply_growing,0.0,0.0,0.2575427508057284
27576,2023-01-31,3,affordable_high_demand,0.0,-1.0,0.0096670623709205
27576,2023-02-28,3,affordable_high_demand,0.0,-1.0,0.0149179451148122
27576,2023-03-31,3,affordable_high_demand,0.0,-1.0,0.0199907122294572
27576,2023-04-30,3,affordable_high_demand,0.0,-1.0,0.043974841143843
27576,2023-05-31,3,affordable_high_demand,0.0,0.0,0.0526612671049912
27576,2023-06-30,3,affordable_high_demand,0.0,0.0,0.1073637546347732
27576,2023-07-31,3,affordable_high_demand,0.0,0.0,0.1744304887255994
27576,2023-08-31,3,affordable_high_demand,0.0,0.0,0.2901922382875009
27576,2023-09-30,3,affordable_high_demand,0.0,0.0,0.4050568076132897
27576,2023-10-31,3,affordable_high_demand,0.0,0.0,0.5473887183749906
27576,2023-11-30,3,affordable_high_demand,0.0,0.0,0.4950724375103365
27576,2023-12-31,3,affordable_high_demand,0.0,0.0,0.4459589031513718
27577,2023-01-31,3,affordable_high_demand,0.0,-1.0,0.0066381907433595
27577,2023-02-28,3,affordable_high_demand,0.0,-1.0,0.0091355099625541
27577,2023-03-31,3,affordable_high_demand,0.0,-1.0,0.0130326854776142
27577,2023-04-30,3,affordable_high_demand,0.0,-1.0,0.0418288676744136
27577,2023-05-31,3,affordable_high_demand,0.0,-1.0,0.0391988571045292
27577,2023-06-30,3,affordable_high_demand,0.0,-1.0,0.0524211744869414
27577,2023-07-31,3,affordable_high_demand,0.0,-1.0,0.0953884051156226
27577,2023-08-31,3,affordable_high_demand,0.0,-1.0,0.2528335225794047
27577,2023-09-30,3,affordable_high_demand,0.0,-1.0,0.3755795392001512
27577,2023-10-31,3,affordable_high_demand,0.0,-1.0,0.462430176233253
27577,2023-11-30,3,affordable_high_demand,0.0,-1.0,0.3749158850949404
27577,2023-12-31,3,affordable_high_demand,0.0,-1.0,0.4866206590769804
27581,2023-01-31,4,moderate_supply_growing,0.0,-1.0,0.0103794017549084
27581,2023-02-28,4,moderate_supply_growing,0.0,-1.0,0.0188601710541057
27581,2023-03-31,4,moderate_supply_growing,0.0,-1.0,0.019566593589663
27581,2023-04-30,4,moderate_supply_growing,0.0,-1.0,0.0182650353441151
27581,2023-05-31,4,moderate_supply_growing,0.0,-1.0,0.1200951535369792
27581,2023-06-30,4,moderate_supply_growing,0.0,-1.0,0.0786454974144642
27581,2023-07-31,4,moderate_supply_growing,0.0,-1.0,0.1043641972919077
27581,2023-08-31,4,moderate_supply_growing,0.0,-1.0,0.5411297250272418
27581,2023-09-30,4,moderate_supply_growing,0.0,-1.0,0.7476216968480137
27581,2023-10-31,4,moderate_supply_growing,0.0,-1.0,0.5980399767223763
27581,2023-11-30,4,moderate_supply_growing,0.0,-1.0,0.6967067154578215
27581,2023-12-31,4,moderate_supply_growing,0.0,-1.0,0.4125513371508967
27583,2023-01-31,2,competitive_mid_market,0.0,-1.0,0.0096608256237572
27583,2023-02-28,2,competitive_mid_market,0.0,-1.0,0.0135155610302652
27583,2023-03-31,2,competitive_mid_market,0.0,-1.0,0.0387054308163992
27583,2023-04-30,2,competitive_mid_market,0.0,-1.0,0.0454745508335823
27583,2023-05-31,2,competitive_mid_market,0.0,-1.0,0.1148037189188214
27583,2023-06-30,2,competitive_mid_market,0.0,-1.0,0.1867848771116776
27583,2023-07-31,2,competitive_mid_market,0.0,-1.0,0.2814170314458448
27583,2023-08-31,2,competitive_mid_market,0.0,0.0,0.3823857222831901
27583,2023-09-30,2,competitive_mid_market,0.0,-1.0,0.1417980982544761
27583,2023-10-31,2,competitive_mid_market,0.0,-1.0,0.2342660606801503
27583,2023-11-30,2,competitive_mid_market,0.0,0.0,0.4029053411245354
27583,2023-12-31,2,competitive_mid_market,0.0,-1.0,0.2378849250668096
27587,2023-01-31,2,competitive_mid_market,0.0,-1.0,0.0064171270456583
27587,2023-02-28,2,competitive_mid_market,0.0,-1.0,0.0071887822829021
27587,2023-03-31,2,competitive_mid_market,0.0,-1.0,0.0115164646399357
27587,2023-04-30,2,competitive_mid_market,0.0,-1.0,0.0551893511542668
27587,2023-05-31,2,competitive_mid_market,0.0,-1.0,0.0939945257736449
27587,2023-06-30,2,competitive_mid_market,0.0,-1.0,0.4764773179020422
27587,2023-07-31,2,competitive_mid_market,0.0,-1.0,0.2378998271075529
27587,2023-08-31,2,competitive_mid_market,0.0,0.0,0.1841461107550646
27587,2023-09-30,2,competitive_mid_market,0.0,0.0,0.2533831247303212
27587,2023-10-31,2,competitive_mid_market,0.0,0.0,0.2528716070595371
27587,2023-11-30,2,competitive_mid_market,0.0,0.0,0.2779488743051274
27587,2023-12-31,2,competitive_mid_market,0.0,0.0,0.2540731678809593
27591,2023-01-31,3,affordable_high_demand,0.0,-1.0,0.0073079627004391
27591,2023-02-28,3,affordable_high_demand,0.0,-1.0,0.0092036474376984
27591,2023-03-31,3,affordable_high_demand,0.0,-1.0,0.0104309608036897
27591,2023-04-30,3,affordable_high_demand,0.0,-1.0,0.040393359862231
27591,2023-05-31,3,affordable_high_demand,0.0,-1.0,0.0171391018699733
27591,2023-06-30,3,affordable_high_demand,0.0,-1.0,0.145610230274313
27591,2023-07-31,3,affordable_high_demand,0.0,-1.0,0.1217281681094535
27591,2023-08-31,3,affordable_high_demand,0.0,0.0,0.1162763334845519
27591,2023-09-30,3,affordable_high_demand,0.0,0.0,0.1598130683069201
27591,2023-10-31,3,affordable_high_demand,0.0,0.0,0.1845206783123955
27591,2023-11-30,3,affordable_high_demand,0.0,0.0,0.2325953689159175
27591,2023-12-31,3,affordable_high_demand,0.0,0.0,0.221569462181278
27592,2023-01-31,3,affordable_high_demand,0.0,-1.0,0.0124231161955788
27592,2023-02-28,3,affordable_high_demand,0.0,-1.0,0.0152940551280623
27592,2023-03-31,3,affordable_high_demand,0.0,-1.0,0.0281107784206727
27592,2023-04-30,3,affordable_high_demand,0.0,-1.0,0.0349032452526475
27592,2023-05-31,3,affordable_high_demand,0.0,-1.0,0.0258785128426236
27592,2023-06-30,3,affordable_high_demand,0.0,-1.0,0.0640829365240772
27592,2023-07-31,3,affordable_high_demand,0.0,-1.0,0.0857822601792817
27592,2023-08-31,3,affordable_high_demand,0.0,-1.0,0.1787941032012463
27592,2023-09-30,3,affordable_high_demand,0.0,0.0,0.0744650228302863
27592,2023-10-31,3,affordable_high_demand,0.0,0.0,0.1110585999147072
27592,2023-11-30,3,affordable_high_demand,0.0,0.0,0.1711175826816358
27592,2023-12-31,3,affordable_high_demand,0.0,0.0,0.2694800979157924
27596,2023-01-31,2,competitive_mid_market,0.0,-1.0,0.0088220279248609
27596,2023-02-28,2,competitive_mid_market,0.0,-1.0,0.013523024951389
27596,2023-03-31,2,competitive_mid_market,0.0,-1.0,0.0140975472579588
27596,2023-04-30,2,competitive_mid_market,0.0,-1.0,0.0125609865018338
27596,2023-05-31,2,competitive_mid_market,0.0,-1.0,0.0166369062240432
27596,2023-06-30,2,competitive_mid_market,0.0,-1.0,0.0527454760583197
27596,2023-07-31,2,competitive_mid_market,0.0,-1.0,0.2351775317195839
27596,2023-08-31,2,competitive_mid_market,0.0,-1.0,0.1425579042487513
27596,2023-09-30,2,competitive_mid_market,0.0,0.0,0.0758298818879782
27596,2023-10-31,2,competitive_mid_market,0.0,0.0,0.1107021006345482
27596,2023-11-30,2,competitive_mid_market,0.0,0.0,0.1251046258488912
27596,2023-12-31,2,competitive_mid_market,0.0,-1.0,0.0734581170356428
27597,2023-01-31,3,affordable_high_demand,0.0,-1.0,0.008180106104122
27597,2023-02-28,3,affordable_high_demand,0.0,-1.0,0.0090017334750471
27597,2023-03-31,3,affordable_high_demand,0.0,-1.0,0.0060624974625987
27597,2023-04-30,3,affordable_high_demand,0.0,-1.0,0.0146599764989321
27597,2023-05-31,3,affordable_high_demand,0.0,-1.0,0.0172872804379046
27597,2023-06-30,3,affordable_high_demand,0.0,-1.0,0.0611883662601175
27597,2023-07-31,3,affordable_high_demand,0.0,-1.0,0.1097845033454505
27597,2023-08-31,3,affordable_high_demand,0.0,-1.0,0.2034386435327223
27597,2023-09-30,3,affordable_high_demand,0.0,-1.0,0.3025676048327161
27597,2023-10-31,3,affordable_high_demand,0.0,-1.0,0.4270790924125132
27597,2023-11-30,3,affordable_high_demand,0.0,0.0,0.3863704726814513
27597,2023-12-31,3,affordable_high_demand,0.0,0.0,0.44039255339472
27601,2023-01-31,2,competitive_mid_market,0.0,-1.0,0.0177305189406745
27601,2023-02-28,2,competitive_mid_market,0.0,-1.0,0.0301831483688521
27601,2023-03-31,2,competitive_mid_market,0.0,-1.0,0.0283973299523366
27601,2023-04-30,2,competitive_mid_market,0.0,-1.0,0.055252273636852
27601,2023-05-31,2,competitive_mid_market,0.0,-1.0,0.0210069123485133
27601,2023-06-30,2,competitive_mid_market,0.0,-1.0,0.075128601093498
27601,2023-07-31,2,competitive_mid_market,0.0,-1.0,0.1661704400425136
27601,2023-08-31,2,competitive_mid_market,0.0,-1.0,0.1854715380019798
27601,2023-09-30,2,competitive_mid_market,0.0,-1.0,0.1174150594750854
27601,2023-10-31,2,competitive_mid_market,0.0,-1.0,0.0923897235825149
27601,2023-11-30,2,competitive_mid_market,0.0,-1.0,0.1131939676323383
27601,2023-12-31,2,competitive_mid_market,0.0,0.0,0.4041216261878376
27603,2023-01-31,2,competitive_mid_market,0.0,-1.0,0.0076741242843071
27603,2023-02-28,2,competitive_mid_market,0.0,-1.0,0.0074966588452471
27603,2023-03-31,2,competitive_mid_market,0.0,-1.0,0.0110127051181317
27603,2023-04-30,2,competitive_mid_market,0.0,-1.0,0.0273257047002483
27603,2023-05-31,2,competitive_mid_market,0.0,-1.0,0.0517256837143717
27603,2023-06-30,2,competitive_mid_market,0.0,-1.0,0.3218704196980968
27603,2023-07-31,2,competitive_mid_market,0.0,-1.0,0.3957795201888681
27603,2023-08-31,2,competitive_mid_market,0.0,0.0,0.1647440052151745
27603,2023-09-30,2,competitive_mid_market,0.0,0.0,0.2933636291523209
27603,2023-10-31,2,competitive_mid_market,0.0,0.0,0.2575155519585159
27603,2023-11-30,2,competitive_mid_market,0.0,0.0,0.2050568097417034
27603,2023-12-31,2,competitive_mid_market,0.0,0.0,0.2765111481186075
27604,2023-01-31,3,affordable_high_demand,0.0,-1.0,0.0066665754817517
27604,2023-02-28,3,affordable_high_demand,0.0,-1.0,0.0110011550111078
27604,2023-03-31,3,affordable_high_demand,0.0,-1.0,0.0095002350935528
27604,2023-04-30,3,affordable_high_demand,0.0,-1.0,0.0529471058105158
27604,2023-05-31,3,affordable_high_demand,0.0,-1.0,0.1127523817639227
27604,2023-06-30,3,affordable_high_demand,0.0,-1.0,0.4337310812577917
27604,2023-07-31,3,affordable_high_demand,0.0,-1.0,0.2129282394525109
27604,2023-08-31,3,affordable_high_demand,0.0,0.0,0.2549278703828906
27604,2023-09-30,3,affordable_high_demand,0.0,0.0,0.2796087762732177
27604,2023-10-31,3,affordable_high_demand,0.0,0.0,0.2478639535128162
27604,2023-11-30,3,affordable_high_demand,0.0,0.0,0.1749369417168782
27604,2023-12-31,3,affordable_high_demand,0.0,0.0,0.1291560334648962
27605,2023-01-31,1,low_activity_cooling,0.0,-1.0,0.0247050494076685
27605,2023-02-28,1,low_activity_cooling,0.0,-1.0,0.0319577400316426
27605,2023-03-31,1,low_activity_cooling,0.0,-1.0,0.1128409837546988
27605,2023-04-30,1,low_activity_cooling,0.0,0.0,0.024340177094987
27605,2023-05-31,1,low_activity_cooling,0.0,-1.0,0.4892820714259832
27605,2023-06-30,1,low_activity_cooling,0.0,0.0,0.298773431156829
27605,2023-07-31,1,low_activity_cooling,0.0,-1.0,0.316833830475107
27605,2023-08-31,1,low_activity_cooling,0.0,-1.0,0.1456658568655315
27605,2023-09-30,1,low_activity_cooling,0.0,0.0,0.1377584282683298
27605,2023-10-31,1,low_activity_cooling,0.0,0.0,0.0816997263170785
27605,2023-11-30,1,low_activity_cooling,0.0,0.0,0.3678091921452803
27605,2023-12-31,1,low_activity_cooling,0.0,0.0,0.4779720160855945
27606,2023-01-31,2,competitive_mid_market,0.0,-1.0,0.0112260447176923
27606,2023-02-28,2,competitive_mid_market,0.0,-1.0,0.0079030282182964
27606,2023-03-31,2,competitive_mid_market,0.0,-1.0,0.0090624201691331
27606,2023-04-30,2,competitive_mid_market,0.0,-1.0,0.0811103387056355
27606,2023-05-31,2,competitive_mid_market,0.0,-1.0,0.3067683754279891
27606,2023-06-30,2,competitive_mid_market,0.0,-1.0,0.3205122925880047
27606,2023-07-31,2,competitive_mid_market,0.0,0.0,0.1677259833425517
27606,2023-08-31,2,competitive_mid_market,0.0,0.0,0.258835207747867
27606,2023-09-30,2,competitive_mid_market,0.0,0.0,0.3529579583226899
27606,2023-10-31,2,competitive_mid_market,0.0,0.0,0.3407169844505549
27606,2023-11-30,2,competitive_mid_market,0.0,0.0,0.3793868826649907
27606,2023-12-31,2,competitive_mid_market,0.0,0.0,0.5519908857648079
27607,2023-01-31,2,competitive_mid_market,0.0,-1.0,0.010067884630874
27607,2023-02-28,2,competitive_mid_market,0.0,-1.0,0.006830645792257
27607,2023-03-31,2,competitive_mid_market,0.0,-1.0,0.0086341760109087
27607,2023-04-30,2,competitive_mid_market,0.0,-1.0,0.1050182518522531
27607,2023-05-31,2,competitive_mid_market,0.0,-1.0,0.1788129979739945
27607,2023-06-30,2,competitive_mid_market,0.0,0.0,0.1642110369365328
27607,2023-07-31,2,competitive_mid_market,0.0,0.0,0.1830783878703002
27607,2023-08-31,2,competitive_mid_market,0.0,0.0,0.1524191336759126
27607,2023-09-30,2,competitive_mid_market,0.0,0.0,0.3894911449758346
27607,2023-10-31,2,competitive_mid_market,0.0,0.0,0.255299309757016
27607,2023-11-30,2,competitive_mid_market,0.0,0.0,0.1730475609274332
27607,2023-12-31,2,competitive_mid_market,0.0,0.0,0.2378924216922208
27608,2023-01-31,2,competitive_mid_market,0.0,-1.0,0.012395499012747
27608,2023-02-28,2,competitive_mid_market,0.0,-1.0,0.0161738058451951
27608,2023-03-31,2,competitive_mid_market,0.0,-1.0,0.0262480827231575
27608,2023-04-30,2,competitive_mid_market,0.0,0.0,0.1062360820399614
27608,2023-05-31,2,competitive_mid_market,0.0,0.0,0.2476259713683912
27608,2023-06-30,2,competitive_mid_market,0.0,0.0,0.5266482666004585
27608,2023-07-31,2,competitive_mid_market,0.0,0.0,0.3453734645662889
27608,2023-08-31,2,competitive_mid_market,0.0,0.0,0.3078974912780294
27608,2023-09-30,2,competitive_mid_market,0.0,0.0,0.3435554539512907
27608,2023-10-31,2,competitive_mid_market,0.0,0.0,0.3246448876299653
27608,2023-11-30,2,competitive_mid_market,0.0,0.0,0.2561547677289877
27608,2023-12-31,2,competitive_mid_market,0.0,0.0,0.1753287892997647
27609,2023-01-31,2,competitive_mid_market,0.0,-1.0,0.0091616992867008
27609,2023-02-28,2,competitive_mid_market,0.0,-1.0,0.0088480661029592
27609,2023-03-31,2,competitive_mid_market,0.0,-1.0,0.0186511657878492
27609,2023-04-30,2,competitive_mid_market,0.0,-1.0,0.0651619327003709
27609,2023-05-31,2,competitive_mid_market,0.0,-1.0,0.250761547601635
27609,2023-06-30,2,competitive_mid_market,0.0,-1.0,0.3496426581382775
27609,2023-07-31,2,competitive_mid_market,0.0,0.0,0.3256646180368336
27609,2023-08-31,2,competitive_mid_market,0.0,0.0,0.2252147375261338
27609,2023-09-30,2,competitive_mid_market,0.0,0.0,0.2617800298776581
27609,2023-10-31,2,competitive_mid_market,0.0,0.0,0.2710828985449967
27609,2023-11-30,2,competitive_mid_market,0.0,0.0,0.3168873131532328
27609,2023-12-31,2,competitive_mid_market,0.0,0.0,0.5061036524241315
27610,2023-01-31,3,affordable_high_demand,0.0,-1.0,0.0071519528708369
27610,2023-02-28,3,affordable_high_demand,0.0,-1.0,0.0076562361169106
27610,2023-03-31,3,affordable_high_demand,0.0,-1.0,0.0117178222536702
27610,2023-04-30,3,affordable_high_demand,0.0,-1.0,0.0300583150139806
27610,2023-05-31,3,affordable_high_demand,0.0,-1.0,0.0602297034316277
27610,2023-06-30,3,affordable_high_demand,0.0,-1.0,0.3415190799112736
27610,2023-07-31,3,affordable_high_demand,0.0,-1.0,0.2101334894934584
27610,2023-08-31,3,affordable_high_demand,0.0,-1.0,0.3336313763820006
27610,2023-09-30,3,affordable_high_demand,0.0,-1.0,0.5389623411893184
27610,2023-10-31,3,affordable_high_demand,0.0,-1.0,0.3817104234991384
27610,2023-11-30,3,affordable_high_demand,0.0,-1.0,0.3623196415070804
27610,2023-12-31,3,affordable_high_demand,0.0,-1.0,0.406575543293744
27612,2023-01-31,2,competitive_mid_market,0.0,-1.0,0.0098384669090825
27612,2023-02-28,2,competitive_mid_market,0.0,-1.0,0.0087247355263612
27612,2023-03-31,2,competitive_mid_market,0.0,-1.0,0.0104947761239356
27612,2023-04-30,2,competitive_mid_market,0.0,-1.0,0.1408202016221365
27612,2023-05-31,2,competitive_mid_market,0.0,-1.0,0.3730984239696477
27612,2023-06-30,2,competitive_mid_market,0.0,-1.0,0.2238454499801736
27612,2023-07-31,2,competitive_mid_market,0.0,-1.0,0.2127915358195423
27612,2023-08-31,2,competitive_mid_market,0.0,0.0,0.2380800188407752
27612,2023-09-30,2,competitive_mid_market,0.0,0.0,0.3866971499063289
27612,2023-10-31,2,competitive_mid_market,0.0,0.0,0.3802996886566351
27612,2023-11-30,2,competitive_mid_market,0.0,0.0,0.2948679844758419
27612,2023-12-31,2,competitive_mid_market,0.0,0.0,0.3796435949365385
27613,2023-01-31,2,competitive_mid_market,0.0,-1.0,0.0108245926090733
27613,2023-02-28,2,competitive_mid_market,0.0,-1.0,0.0108532190403961
27613,2023-03-31,2,competitive_mid_market,0.0,-1.0,0.00773808289669
27613,2023-04-30,2,competitive_mid_market,0.0,-1.0,0.1012707349475049
27613,2023-05-31,2,competitive_mid_market,0.0,-1.0,0.5644932552404752
27613,2023-06-30,2,competitive_mid_market,0.0,-1.0,0.3302101050673221
27613,2023-07-31,2,competitive_mid_market,0.0,0.0,0.2072884945905391
27613,2023-08-31,2,competitive_mid_market,0.0,0.0,0.3679717623488356
27613,2023-09-30,2,competitive_mid_market,0.0,0.0,0.4729711130326662
27613,2023-10-31,2,competitive_mid_market,0.0,0.0,0.3592665843927589
27613,2023-11-30,2,competitive_mid_market,0.0,0.0,0.2178364994707548
27613,2023-12-31,2,competitive_mid_market,0.0,0.0,0.3228507483356912
27614,2023-01-31,2,competitive_mid_market,0.0,-1.0,0.0116863351602276
27614,2023-02-28,2,competitive_mid_market,0.0,-1.0,0.0100357938504859
27614,2023-03-31,2,competitive_mid_market,0.0,-1.0,0.0078702477752271
27614,2023-04-30,2,competitive_mid_market,0.0,-1.0,0.0323611931277273
27614,2023-05-31,2,competitive_mid_market,0.0,-1.0,0.3313688438593505
27614,2023-06-30,2,competitive_mid_market,0.0,-1.0,0.3373373460598952
27614,2023-07-31,2,competitive_mid_market,0.0,-1.0,0.4318466948632095
27614,2023-08-31,2,competitive_mid_market,0.0,0.0,0.3364753273394248
27614,2023-09-30,2,competitive_mid_market,0.0,0.0,0.5713243030184911
27614,2023-10-31,2,competitive_mid_market,0.0,0.0,0.5048937369366656
27614,2023-11-30,2,competitive_mid_market,0.0,0.0,0.3278198222658983
27614,2023-12-31,2,competitive_mid_market,0.0,0.0,0.3562220324496407
27615,2023-01-31,2,competitive_mid_market,0.0,-1.0,0.0085226777842321
27615,2023-02-28,2,competitive_mid_market,0.0,-1.0,0.0071721327551992
27615,2023-03-31,2,competitive_mid_market,0.0,-1.0,0.0078552859100182
27615,2023-04-30,2,competitive_mid_market,0.0,-1.0,0.0595689374203765
27615,2023-05-31,2,competitive_mid_market,0.0,-1.0,0.3488524557804334
27615,2023-06-30,2,competitive_mid_market,0.0,-1.0,0.2084084406711113
27615,2023-07-31,2,competitive_mid_market,0.0,-1.0,0.1895925248534432
27615,2023-08-31,2,competitive_mid_market,0.0,0.0,0.0971696974644169
27615,2023-09-30,2,competitive_mid_market,0.0,0.0,0.24786319537429
27615,2023-10-31,2,competitive_mid_market,0.0,0.0,0.1489365725256174
27615,2023-11-30,2,competitive_mid_market,0.0,0.0,0.1809138421763226
27615,2023-12-31,2,competitive_mid_market,0.0,0.0,0.2809133448856601
27616,2023-01-31,3,affordable_high_demand,0.0,-1.0,0.0085795526158976
27616,2023-02-28,3,affordable_high_demand,0.0,-1.0,0.0080408576893177
27616,2023-03-31,3,affordable_high_demand,0.0,-1.0,0.0098900206716324
27616,2023-04-30,3,affordable_high_demand,0.0,-1.0,0.0365796877238231
27616,2023-05-31,3,affordable_high_demand,0.0,-1.0,0.1655580954796663
27616,2023-06-30,3,affordable_high_demand,0.0,-1.0,0.3720517699216452
27616,2023-07-31,3,affordable_high_demand,0.0,-1.0,0.2182757390948946
27616,2023-08-31,3,affordable_high_demand,0.0,-1.0,0.4346199372478058
27616,2023-09-30,3,affordable_high_demand,0.0,-1.0,0.3777055801314763
27616,2023-10-31,3,affordable_high_demand,0.0,-1.0,0.264937288250354
27616,2023-11-30,3,affordable_high_demand,0.0,-1.0,0.2399900276166839
27616,2023-12-31,3,affordable_high_demand,0.0,-1.0,0.2810621344024574
27617,2023-01-31,2,competitive_mid_market,0.0,-1.0,0.0124384971671041
27617,2023-02-28,2,competitive_mid_market,0.0,-1.0,0.0212096884539828
27617,2023-03-31,2,competitive_mid_market,0.0,-1.0,0.0240525033578476
27617,2023-04-30,2,competitive_mid_market,0.0,-1.0,0.0492561428178997
27617,2023-05-31,2,competitive_mid_market,0.0,-1.0,0.0887887625830707
27617,2023-06-30,2,competitive_mid_market,0.0,-1.0,0.2304385564522426
27617,2023-07-31,2,competitive_mid_market,0.0,-1.0,0.1639833076256164
27617,2023-08-31,2,competitive_mid_market,0.0,0.0,0.111317113870645
27617,2023-09-30,2,competitive_mid_market,0.0,0.0,0.2919407801384278
27617,2023-10-31,2,competitive_mid_market,0.0,0.0,0.4001438112621246
27617,2023-11-30,2,competitive_mid_market,0.0,0.0,0.3402194222140076
27617,2023-12-31,2,competitive_mid_market,0.0,0.0,0.1745448360186511
27701,2023-01-31,2,competitive_mid_market,0.0,-1.0,0.0078693392360948
27701,2023-02-28,2,competitive_mid_market,0.0,-1.0,0.0053799844569439
27701,2023-03-31,2,competitive_mid_market,0.0,-1.0,0.0078312000750564
27701,2023-04-30,2,competitive_mid_market,0.0,-1.0,0.0237925721649896
27701,2023-05-31,2,competitive_mid_market,0.0,-1.0,0.0481005773463505
27701,2023-06-30,2,competitive_mid_market,0.0,-1.0,0.1445926597342286
27701,2023-07-31,2,competitive_mid_market,0.0,-1.0,0.0680730871692071
27701,2023-08-31,2,competitive_mid_market,0.0,-1.0,0.1523242256619441
27701,2023-09-30,2,competitive_mid_market,0.0,0.0,0.2090045501323743
27701,2023-10-31,2,competitive_mid_market,0.0,0.0,0.1754919158823664
27701,2023-11-30,2,competitive_mid_market,0.0,0.0,0.3658228506553715
27701,2023-12-31,2,competitive_mid_market,0.0,0.0,0.3592841814882874
27703,2023-01-31,3,affordable_high_demand,0.0,-1.0,0.0118194314111605
27703,2023-02-28,3,affordable_high_demand,0.0,-1.0,0.0093711975422111
27703,2023-03-31,3,affordable_high_demand,0.0,-1.0,0.0133392559947398
27703,2023-04-30,3,affordable_high_demand,0.0,-1.0,0.0346691668625391
27703,2023-05-31,3,affordable_high_demand,0.0,-1.0,0.1593346398335612
27703,2023-06-30,3,affordable_high_demand,0.0,-1.0,0.5425352193562399
27703,2023-07-31,3,affordable_high_demand,0.0,-1.0,0.3097355696717715
27703,2023-08-31,3,affordable_high_demand,0.0,-1.0,0.506386871254613
27703,2023-09-30,3,affordable_high_demand,0.0,-1.0,0.4556384739147757
27703,2023-10-31,3,affordable_high_demand,0.0,-1.0,0.3209226794742637
27703,2023-11-30,3,affordable_high_demand,0.0,0.0,0.3778592436368063
27703,2023-12-31,3,affordable_high_demand,0.0,0.0,0.4754482337491614
27704,2023-01-31,3,affordable_high_demand,0.0,-1.0,0.0064974582098586
27704,2023-02-28,3,affordable_high_demand,0.0,-1.0,0.0107619739318265
27704,2023-03-31,3,affordable_high_demand,0.0,-1.0,0.012175533891584
27704,2023-04-30,3,affordable_high_demand,0.0,-1.0,0.0423281899958516
27704,2023-05-31,3,affordable_high_demand,0.0,-1.0,0.058457723033804
27704,2023-06-30,3,affordable_high_demand,0.0,-1.0,0.198365089121275
27704,2023-07-31,3,affordable_high_demand,0.0,0.0,0.1774600923597006
27704,2023-08-31,3,affordable_high_demand,0.0,0.0,0.2667487572949998
27704,2023-09-30,3,affordable_high_demand,0.0,0.0,0.287062667697971
27704,2023-10-31,3,affordable_high_demand,0.0,0.0,0.3029579354609637
27704,2023-11-30,3,affordable_high_demand,0.0,0.0,0.2889848954081684
27704,2023-12-31,3,affordable_high_demand,0.0,-1.0,0.3304915151262828
27705,2023-01-31,2,competitive_mid_market,0.0,-1.0,0.0093007177194228
27705,2023-02-28,2,competitive_mid_market,0.0,-1.0,0.0095085936775269
27705,2023-03-31,2,competitive_mid_market,0.0,-1.0,0.0059582951286416
27705,2023-04-30,2,competitive_mid_market,0.0,-1.0,0.0186009688193318
27705,2023-05-31,2,competitive_mid_market,0.0,-1.0,0.144197218503329
27705,2023-06-30,2,competitive_mid_market,0.0,0.0,0.229772522476722
27705,2023-07-31,2,competitive_mid_market,0.0,0.0,0.1802893568873398
27705,2023-08-31,2,competitive_mid_market,0.0,0.0,0.128912286493833
27705,2023-09-30,2,competitive_mid_market,0.0,0.0,0.3347730807216731
27705,2023-10-31,2,competitive_mid_market,0.0,0.0,0.2694697030664287
27705,2023-11-30,2,competitive_mid_market,0.0,0.0,0.3621957991780113
27705,2023-12-31,2,competitive_mid_market,0.0,0.0,0.2272586387363233
27707,2023-01-31,2,competitive_mid_market,0.0,-1.0,0.0068956642115886
27707,2023-02-28,2,competitive_mid_market,0.0,-1.0,0.0085300318342512
27707,2023-03-31,2,competitive_mid_market,0.0,-1.0,0.0067926950421431
27707,2023-04-30,2,competitive_mid_market,0.0,-1.0,0.0164623166209834
27707,2023-05-31,2,competitive_mid_market,0.0,-1.0,0.0608488210722673
27707,2023-06-30,2,competitive_mid_market,0.0,0.0,0.2204712453146128
27707,2023-07-31,2,competitive_mid_market,0.0,0.0,0.1305660425326361
27707,2023-08-31,2,competitive_mid_market,0.0,0.0,0.2607663118993011
27707,2023-09-30,2,competitive_mid_market,0.0,0.0,0.3389804982824006
27707,2023-10-31,2,competitive_mid_market,0.0,0.0,0.2647247339840622
27707,2023-11-30,2,competitive_mid_market,0.0,0.0,0.2176237679946901
27707,2023-12-31,2,competitive_mid_market,0.0,0.0,0.2946358082235011
27712,2023-01-31,2,competitive_mid_market,0.0,-1.0,0.0065181101991699
27712,2023-02-28,2,competitive_mid_market,0.0,-1.0,0.0151425653929057
27712,2023-03-31,2,competitive_mid_market,0.0,-1.0,0.0073424277244449
27712,2023-04-30,2,competitive_mid_market,0.0,-1.0,0.0223822462194888
27712,2023-05-31,2,competitive_mid_market,0.0,-1.0,0.0817692148331672
27712,2023-06-30,2,competitive_mid_market,0.0,-1.0,0.2386868244943362
27712,2023-07-31,2,competitive_mid_market,0.0,-1.0,0.1982509275459257
27712,2023-08-31,2,competitive_mid_market,0.0,0.0,0.320944198523178
27712,2023-09-30,2,competitive_mid_market,0.0,0.0,0.2140826903155064
27712,2023-10-31,2,competitive_mid_market,0.0,0.0,0.1596306602546557
27712,2023-11-30,2,competitive_mid_market,0.0,0.0,0.1614454144281224
27712,2023-12-31,2,competitive_mid_market,0.0,0.0,0.1192952363518871
27713,2023-01-31,2,competitive_mid_market,0.0,-1.0,0.0084619725763009
27713,2023-02-28,2,competitive_mid_market,0.0,-1.0,0.0081310963857474
27713,2023-03-31,2,competitive_mid_market,0.0,-1.0,0.0088238304735892
27713,2023-04-30,2,competitive_mid_market,0.0,-1.0,0.0288359964287965
27713,2023-05-31,2,competitive_mid_market,0.0,-1.0,0.2184425119065446
27713,2023-06-30,2,competitive_mid_market,0.0,-1.0,0.6093032185816476
27713,2023-07-31,2,competitive_mid_market,0.0,-1.0,0.2699284291246083
27713,2023-08-31,2,competitive_mid_market,0.0,0.0,0.4766208332661719
27713,2023-09-30,2,competitive_mid_market,0.0,0.0,0.2025147444832309
27713,2023-10-31,2,competitive_mid_market,0.0,0.0,0.1717998234278986
27713,2023-11-30,2,competitive_mid_market,0.0,0.0,0.1330163042776654
27713,2023-12-31,2,competitive_mid_market,0.0,0.0,0.5466803850456673
27801,2023-01-31,0,high_value_appreciating,0.0,-1.0,0.0100649450507582
27801,2023-02-28,0,high_value_appreciating,0.0,-1.0,0.0084212904093011
27801,2023-03-31,0,high_value_appreciating,0.0,-1.0,0.0102112605264188
27801,2023-04-30,0,high_value_appreciating,0.0,-1.0,0.0132094723455677
27801,2023-05-31,0,high_value_appreciating,0.0,-1.0,0.0219323360016677
27801,2023-06-30,0,high_value_appreciating,0.0,-1.0,0.0362867095895964
27801,2023-07-31,0,high_value_appreciating,0.0,-1.0,0.0621817068530795
27801,2023-08-31,0,high_value_appreciating,0.0,-1.0,0.0550026668026044
27801,2023-09-30,0,high_value_appreciating,0.0,-1.0,0.1278932731507984
27801,2023-10-31,0,high_value_appreciating,0.0,-1.0,0.0775466547169821
27801,2023-11-30,0,high_value_appreciating,0.0,-1.0,0.2416618862409524
27801,2023-12-31,0,high_value_appreciating,0.0,0.0,0.2669442267321011
27803,2023-01-31,3,affordable_high_demand,0.0,-1.0,0.0059776828350892
27803,2023-02-28,3,affordable_high_demand,0.0,-1.0,0.0062776661306059
27803,2023-03-31,3,affordable_high_demand,0.0,-1.0,0.0094265669972743
27803,2023-04-30,3,affordable_high_demand,0.0,-1.0,0.0121073345049898
27803,2023-05-31,3,affordable_high_demand,0.0,-1.0,0.0242066886870579
27803,2023-06-30,3,affordable_high_demand,0.0,-1.0,0.0273535632932682
27803,2023-07-31,3,affordable_high_demand,0.0,-1.0,0.0759588730310732
27803,2023-08-31,3,affordable_high_demand,0.0,-1.0,0.1403718856059524
27803,2023-09-30,3,affordable_high_demand,0.0,-1.0,0.3192927695716623
27803,2023-10-31,3,affordable_high_demand,0.0,0.0,0.3331290677999725
27803,2023-11-30,3,affordable_high_demand,0.0,0.0,0.4293279764956473
27803,2023-12-31,3,affordable_high_demand,0.0,0.0,0.3917317105796302
27804,2023-01-31,3,affordable_high_demand,0.0,-1.0,0.008905052544357
27804,2023-02-28,3,affordable_high_demand,0.0,-1.0,0.0110086194938746
27804,2023-03-31,3,affordable_high_demand,0.0,-1.0,0.0151112004520192
27804,2023-04-30,3,affordable_high_demand,0.0,-1.0,0.0409438834090641
27804,2023-05-31,3,affordable_high_demand,0.0,-1.0,0.0622752842371958
27804,2023-06-30,3,affordable_high_demand,0.0,-1.0,0.0342172104287162
27804,2023-07-31,3,affordable_high_demand,0.0,0.0,0.0902909542730478
27804,2023-08-31,3,affordable_high_demand,0.0,0.0,0.1131418004279148
27804,2023-09-30,3,affordable_high_demand,0.0,0.0,0.465458743408301
27804,2023-10-31,3,affordable_high_demand,0.0,0.0,0.4441850914039085
27804,2023-11-30,3,affordable_high_demand,0.0,0.0,0.2931008307592525
27804,2023-12-31,3,affordable_high_demand,0.0,0.0,0.1832830375760739
27806,2023-01-31,4,moderate_supply_growing,0.0,-1.0,0.0078756126207337
27806,2023-02-28,4,moderate_supply_growing,0.0,-1.0,0.0106408103932814
27806,2023-03-31,4,moderate_supply_growing,0.0,-1.0,0.0074248626927525
27806,2023-04-30,4,moderate_supply_growing,0.0,-1.0,0.0068676888524614
27806,2023-05-31,4,moderate_supply_growing,0.0,-1.0,0.0097003456637793
27806,2023-06-30,4,moderate_supply_growing,0.0,-1.0,0.044407806160447
27806,2023-07-31,4,moderate_supply_growing,0.0,-1.0,0.2289434004948108
27806,2023-08-31,4,moderate_supply_growing,0.0,-1.0,0.2287517153651939
27806,2023-09-30,4,moderate_supply_growing,0.0,-1.0,0.0757870269255574
27806,2023-10-31,4,moderate_supply_growing,0.0,-1.0,0.2297174275041101
27806,2023-11-30,4,moderate_supply_growing,0.0,0.0,0.1768389692979629
27806,2023-12-31,4,moderate_supply_growing,0.0,0.0,0.7787685023485114
27807,2023-01-31,3,affordable_high_demand,0.0,-1.0,0.0092238235907177
27807,2023-02-28,3,affordable_high_demand,0.0,-1.0,0.0160308102885451
27807,2023-03-31,3,affordable_high_demand,0.0,0.0,0.1393550152804857
27807,2023-04-30,3,affordable_high_demand,0.0,0.0,0.3129593118193864
27807,2023-05-31,3,affordable_high_demand,0.0,0.0,0.2176292120221566
27807,2023-06-30,3,affordable_high_demand,0.0,0.0,0.1661446183114678
27807,2023-07-31,3,affordable_high_demand,0.0,0.0,0.3188749437848166
27807,2023-08-31,3,affordable_high_demand,0.0,0.0,0.3969000376678176
27807,2023-09-30,3,affordable_high_demand,0.0,0.0,0.5760106571762396
27807,2023-10-31,3,affordable_high_demand,0.0,0.0,0.7247512586767846
27807,2023-11-30,3,affordable_high_demand,0.0,0.0,0.572114913508215
27807,2023-12-31,3,affordable_high_demand,0.0,0.0,0.2670776740774516
27808,2023-01-31,4,moderate_supply_growing,0.0,0.0,0.0102968900029136
27808,2023-02-28,4,moderate_supply_growing,0.0,-1.0,0.0107100224017387
27808,2023-03-31,4,moderate_supply_growing,0.0,-1.0,0.0200761200526274
27808,2023-04-30,4,moderate_supply_growing,0.0,-1.0,0.0758087707932906
27808,2023-05-31,4,moderate_supply_growing,0.0,-1.0,0.1064683357838731
27808,2023-06-30,4,moderate_supply_growing,0.0,-1.0,0.117709527276971
27808,2023-07-31,4,moderate_supply_growing,0.0,-1.0,0.0371792777837331
27808,2023-08-31,4,moderate_supply_growing,0.0,-1.0,0.098005281618676
27808,2023-09-30,4,moderate_supply_growing,0.0,-1.0,0.1320193647071458
27808,2023-10-31,4,moderate_supply_growing,0.0,-1.0,0.2590763246166997
27808,2023-11-30,4,moderate_supply_growing,0.0,-1.0,0.3305092464955079
27808,2023-12-31,4,moderate_supply_growing,0.0,0.0,0.5082205485445537
27817,2023-01-31,4,moderate_supply_growing,0.0,-1.0,0.0150788542184683
27817,2023-02-28,4,moderate_supply_growing,0.0,-1.0,0.0285747722006452
27817,2023-03-31,4,moderate_supply_growing,0.0,-1.0,0.0096692033781479
27817,2023-04-30,4,moderate_supply_growing,0.0,-1.0,0.0630540502509831
27817,2023-05-31,4,moderate_supply_growing,0.0,-1.0,0.0439755357331031
27817,2023-06-30,4,moderate_supply_growing,0.0,-1.0,0.1793088051799425
27817,2023-07-31,4,moderate_supply_growing,0.0,0.0,0.1117688950192454
27817,2023-08-31,4,moderate_supply_growing,0.0,0.0,0.1204193590782296
27817,2023-09-30,4,moderate_supply_growing,0.0,0.0,0.2487693109445334
27817,2023-10-31,4,moderate_supply_growing,0.0,0.0,0.5315038214338133
27817,2023-11-30,4,moderate_supply_growing,0.0,0.0,0.5614870048562615
27817,2023-12-31,4,moderate_supply_growing,0.0,0.0,0.807483735768012
27822,2023-01-31,3,affordable_high_demand,0.0,-1.0,0.0072496189654048
27822,2023-02-28,3,affordable_high_demand,0.0,-1.0,0.0106384053000848
27822,2023-03-31,3,affordable_high_demand,0.0,-1.0,0.0186545897756051
27822,2023-04-30,3,affordable_high_demand,0.0,-1.0,0.0300678749189194
27822,2023-05-31,3,affordable_high_demand,0.0,-1.0,0.0505424261197354
27822,2023-06-30,3,affordable_high_demand,0.0,-1.0,0.0503398954222884
27822,2023-07-31,3,affordable_high_demand,0.0,-1.0,0.0527929013458231
27822,2023-08-31,3,affordable_high_demand,0.0,-1.0,0.1844606709102426
27822,2023-09-30,3,affordable_high_demand,0.0,-1.0,0.150791549290371
27822,2023-10-31,3,affordable_high_demand,0.0,-1.0,0.2468914001374531
27822,2023-11-30,3,affordable_high_demand,0.0,-1.0,0.2013509426164894
27822,2023-12-31,3,affordable_high_demand,0.0,-1.0,0.3152841342207321
27828,2023-01-31,3,affordable_high_demand,0.0,0.0,0.0072737294717632
27828,2023-02-28,3,affordable_high_demand,0.0,0.0,0.010573954381566
27828,2023-03-31,3,affordable_high_demand,0.0,0.0,0.0354067072672622
27828,2023-04-30,3,affordable_high_demand,0.0,0.0,0.0357344071153134
27828,2023-05-31,3,affordable_high_demand,0.0,0.0,0.0305821442676219
27828,2023-06-30,3,affordable_high_demand,0.0,-1.0,0.0587148933253808
27828,2023-07-31,3,affordable_high_demand,0.0,0.0,0.1375371927421567
27828,2023-08-31,3,affordable_high_demand,0.0,-1.0,0.1361168109462535
27828,2023-09-30,3,affordable_high_demand,0.0,-1.0,0.0492335334759713
27828,2023-10-31,3,affordable_high_demand,0.0,-1.0,0.0730305910361408
27828,2023-11-30,3,affordable_high_demand,0.0,-1.0,0.0952967244304795
27828,2023-12-31,3,affordable_high_demand,0.0,-1.0,0.0845360045954978
27830,2023-01-31,4,moderate_supply_growing,0.0,-1.0,0.0125528446086642
27830,2023-02-28,4,moderate_supply_growing,0.0,-1.0,0.0079911513006713
27830,2023-03-31,4,moderate_supply_growing,0.0,-1.0,0.0092382888420159
27830,2023-04-30,4,moderate_supply_growing,0.0,0.0,0.1147134166450864
27830,2023-05-31,4,moderate_supply_growing,0.0,0.0,0.2832273275608847
27830,2023-06-30,4,moderate_supply_growing,0.0,0.0,0.1934415251294635
27830,2023-07-31,4,moderate_supply_growing,0.0,0.0,0.4560294796996565
27830,2023-08-31,4,moderate_supply_growing,1.0,1.0,0.6700489566637908
27830,2023-09-30,4,moderate_supply_growing,0.0,0.0,0.6527795781166158
27830,2023-10-31,4,moderate_supply_growing,0.0,0.0,0.7329050508281881
27830,2023-11-30,4,moderate_supply_growing,0.0,0.0,0.8008765110530927
27830,2023-12-31,4,moderate_supply_growing,0.0,0.0,0.5989029880361851
27834,2023-01-31,3,affordable_high_demand,0.0,-1.0,0.0082798018918708
27834,2023-02-28,3,affordable_high_demand,0.0,-1.0,0.0085647886304646
27834,2023-03-31,3,affordable_high_demand,0.0,-1.0,0.0123369478084257
27834,2023-04-30,3,affordable_high_demand,0.0,-1.0,0.0116977986717242
27834,2023-05-31,3,affordable_high_demand,0.0,-1.0,0.0244478721933659
27834,2023-06-30,3,affordable_high_demand,0.0,-1.0,0.0436577673656179
27834,2023-07-31,3,affordable_high_demand,0.0,-1.0,0.054574661914259
27834,2023-08-31,3,affordable_high_demand,0.0,-1.0,0.1248231884791258
27834,2023-09-30,3,affordable_high_demand,0.0,-1.0,0.1426465471868124
27834,2023-10-31,3,affordable_high_demand,0.0,-1.0,0.1374565520436051
27834,2023-11-30,3,affordable_high_demand,0.0,0.0,0.1449225890029143
27834,2023-12-31,3,affordable_high_demand,0.0,0.0,0.2303501946961065
27837,2023-01-31,2,competitive_mid_market,0.0,0.0,0.0721541318771405
27837,2023-02-28,2,competitive_mid_market,0.0,0.0,0.0620474341712161
27837,2023-03-31,2,competitive_mid_market,0.0,0.0,0.0980648731093339
27837,2023-04-30,2,competitive_mid_market,0.0,0.0,0.1506250626489019
27837,2023-05-31,2,competitive_mid_market,0.0,0.0,0.1003789364985398
27837,2023-06-30,2,competitive_mid_market,0.0,-1.0,0.1213785634088226
27837,2023-07-31,2,competitive_mid_market,0.0,-1.0,0.1055292548512433
27837,2023-08-31,2,competitive_mid_market,0.0,-1.0,0.1874379090578945
27837,2023-09-30,2,competitive_mid_market,0.0,-1.0,0.2137860851337812
27837,2023-10-31,2,competitive_mid_market,0.0,-1.0,0.2264125196184865
27837,2023-11-30,2,competitive_mid_market,0.0,-1.0,0.1256120493478923
27837,2023-12-31,2,competitive_mid_market,0.0,-1.0,0.2221754734077194
27851,2023-01-31,4,moderate_supply_growing,0.0,0.0,0.0093208158781855
27851,2023-02-28,4,moderate_supply_growing,0.0,-1.0,0.0063907641145044
27851,2023-03-31,4,moderate_supply_growing,0.0,-1.0,0.0351392491975614
27851,2023-04-30,4,moderate_supply_growing,0.0,0.0,0.0480137813645106
27851,2023-05-31,4,moderate_supply_growing,0.0,0.0,0.0592361726059903
27851,2023-06-30,4,moderate_supply_growing,0.0,-1.0,0.0484481891562465
27851,2023-07-31,4,moderate_supply_growing,0.0,-1.0,0.1362474704646358
27851,2023-08-31,4,moderate_supply_growing,0.0,-1.0,0.1136961880416528
27851,2023-09-30,4,moderate_supply_growing,0.0,-1.0,0.2218036368641112
27851,2023-10-31,4,moderate_supply_growing,0.0,-1.0,0.1420274700946649
27851,2023-11-30,4,moderate_supply_growing,0.0,-1.0,0.2377067720592538
27851,2023-12-31,4,moderate_supply_growing,0.0,-1.0,0.1107676016184801
27856,2023-01-31,3,affordable_high_demand,0.0,-1.0,0.0058639826358431
27856,2023-02-28,3,affordable_high_demand,0.0,-1.0,0.0129050829254453
27856,2023-03-31,3,affordable_high_demand,0.0,-1.0,0.0098058328180873
27856,2023-04-30,3,affordable_high_demand,0.0,-1.0,0.0494435324873084
27856,2023-05-31,3,affordable_high_demand,0.0,-1.0,0.0778352528132238
27856,2023-06-30,3,affordable_high_demand,0.0,-1.0,0.1045882965551929
27856,2023-07-31,3,affordable_high_demand,0.0,-1.0,0.1369932377050693
27856,2023-08-31,3,affordable_high_demand,0.0,0.0,0.2772597440269997
27856,2023-09-30,3,affordable_high_demand,0.0,0.0,0.267107953456924
27856,2023-10-31,3,affordable_high_demand,0.0,0.0,0.3524256912225438
27856,2023-11-30,3,affordable_high_demand,0.0,0.0,0.3550828877017722
27856,2023-12-31,3,affordable_high_demand,0.0,0.0,0.3223234774339042
27858,2023-01-31,2,competitive_mid_market,0.0,-1.0,0.0084236308905453
27858,2023-02-28,2,competitive_mid_market,0.0,-1.0,0.0106884237823396
27858,2023-03-31,2,competitive_mid_market,0.0,-1.0,0.0178624170906655
27858,2023-04-30,2,competitive_mid_market,0.0,-1.0,0.039259176440014
27858,2023-05-31,2,competitive_mid_market,0.0,-1.0,0.1079668794880048
27858,2023-06-30,2,competitive_mid_market,0.0,-1.0,0.2191285563683603
27858,2023-07-31,2,competitive_mid_market,0.0,-1.0,0.2297766050869322
27858,2023-08-31,2,competitive_mid_market,0.0,-1.0,0.2703582182209679
27858,2023-09-30,2,competitive_mid_market,0.0,-1.0,0.11024183717651
27858,2023-10-31,2,competitive_mid_market,0.0,-1.0,0.0760223214896421
27858,2023-11-30,2,competitive_mid_market,0.0,-1.0,0.0969773470707097
27858,2023-12-31,2,competitive_mid_market,0.0,-1.0,0.0772151425848113
27863,2023-01-31,2,competitive_mid_market,0.0,-1.0,0.0093178630793492
27863,2023-02-28,2,competitive_mid_market,0.0,-1.0,0.0152014199564538
27863,2023-03-31,2,competitive_mid_market,0.0,-1.0,0.0116874733182803
27863,2023-04-30,2,competitive_mid_market,0.0,-1.0,0.0345953090101287
27863,2023-05-31,2,competitive_mid_market,0.0,-1.0,0.0314967808262683
27863,2023-06-30,2,competitive_mid_market,0.0,-1.0,0.0193767608845475
27863,2023-07-31,2,competitive_mid_market,0.0,-1.0,0.0544686814858766
27863,2023-08-31,2,competitive_mid_market,0.0,-1.0,0.252889590627029
27863,2023-09-30,2,competitive_mid_market,0.0,-1.0,0.2734091007538199
27863,2023-10-31,2,competitive_mid_market,0.0,-1.0,0.2685976738628996
27863,2023-11-30,2,competitive_mid_market,0.0,-1.0,0.1458319346421966
27863,2023-12-31,2,competitive_mid_market,0.0,-1.0,0.0634534095266325
27870,2023-01-31,1,low_activity_cooling,0.0,0.0,0.0377362866048372
27870,2023-02-28,1,low_activity_cooling,0.0,0.0,0.054098932439031
27870,2023-03-31,1,low_activity_cooling,0.0,0.0,0.0571378820535264
27870,2023-04-30,1,low_activity_cooling,0.0,0.0,0.0835255874438698
27870,2023-05-31,1,low_activity_cooling,0.0,0.0,0.1014884175954888
27870,2023-06-30,1,low_activity_cooling,0.0,0.0,0.0807338187940166
27870,2023-07-31,1,low_activity_cooling,0.0,0.0,0.0553246023597117
27870,2023-08-31,1,low_activity_cooling,0.0,0.0,0.0246988174332003
27870,2023-09-30,1,low_activity_cooling,0.0,0.0,0.0683435098846838
27870,2023-10-31,1,low_activity_cooling,0.0,-1.0,0.0459902364951838
27870,2023-11-30,1,low_activity_cooling,0.0,-1.0,0.2054670512630577
27870,2023-12-31,1,low_activity_cooling,0.0,-1.0,0.1920058614746926
27880,2023-01-31,4,moderate_supply_growing,0.0,-1.0,0.0347711752447167
27880,2023-02-28,4,moderate_supply_growing,0.0,-1.0,0.0496476850625197
27880,2023-03-31,4,moderate_supply_growing,0.0,0.0,0.0610226126639358
27880,2023-04-30,4,moderate_supply_growing,0.0,-1.0,0.0840797455412721
27880,2023-05-31,4,moderate_supply_growing,0.0,-1.0,0.1063931795730443
27880,2023-06-30,4,moderate_supply_growing,0.0,-1.0,0.1493051570198147
27880,2023-07-31,4,moderate_supply_growing,0.0,-1.0,0.0657711986792465
27880,2023-08-31,4,moderate_supply_growing,0.0,-1.0,0.4490640722685225
27880,2023-09-30,4,moderate_supply_growing,0.0,-1.0,0.4998230967929989
27880,2023-10-31,4,moderate_supply_growing,0.0,-1.0,0.2489426562578767
27880,2023-11-30,4,moderate_supply_growing,0.0,-1.0,0.2087144296739922
27880,2023-12-31,4,moderate_supply_growing,0.0,0.0,0.1989160369560078
27882,2023-01-31,3,affordable_high_demand,0.0,0.0,0.0518756226383823
27882,2023-02-28,3,affordable_high_demand,0.0,0.0,0.0150720997656126
27882,2023-03-31,3,affordable_high_demand,0.0,-1.0,0.0132387765856293
27882,2023-04-30,3,affordable_high_demand,0.0,-1.0,0.0666531694578291
27882,2023-05-31,3,affordable_high_demand,0.0,0.0,0.2757309582674883
27882,2023-06-30,3,affordable_high_demand,0.0,0.0,0.231930831307264
27882,2023-07-31,3,affordable_high_demand,0.0,0.0,0.2543522672231427
27882,2023-08-31,3,affordable_high_demand,0.0,0.0,0.3506968223878363
27882,2023-09-30,3,affordable_high_demand,0.0,0.0,0.7259873111839065
27882,2023-10-31,3,affordable_high_demand,0.0,0.0,0.5710187685505108
27882,2023-11-30,3,affordable_high_demand,0.0,0.0,0.5561482181923761
27882,2023-12-31,3,affordable_high_demand,0.0,0.0,0.3590160979387123
27883,2023-01-31,0,high_value_appreciating,0.0,0.0,0.0353824029320092
27883,2023-02-28,0,high_value_appreciating,0.0,0.0,0.0492972729017966
27883,2023-03-31,0,high_value_appreciating,0.0,0.0,0.0978357472571525
27883,2023-04-30,0,high_value_appreciating,0.0,0.0,0.0854416565468438
27883,2023-05-31,0,high_value_appreciating,0.0,0.0,0.106735365325633
27883,2023-06-30,0,high_value_appreciating,0.0,0.0,0.2069909378276026
27883,2023-07-31,0,high_value_appreciating,0.0,-1.0,0.4275197375491091
27883,2023-08-31,0,high_value_appreciating,0.0,-1.0,0.1985038125983357
27883,2023-09-30,0,high_value_appreciating,0.0,-1.0,0.269481957680825
27883,2023-10-31,0,high_value_appreciating,0.0,-1.0,0.1241984513699768
27883,2023-11-30,0,high_value_appreciating,0.0,-1.0,0.0760545375613211
27883,2023-12-31,0,high_value_appreciating,0.0,-1.0,0.0773477831347481
27886,2023-01-31,0,high_value_appreciating,0.0,-1.0,0.0074904830829074
27886,2023-02-28,0,high_value_appreciating,0.0,-1.0,0.007579530857764
27886,2023-03-31,0,high_value_appreciating,0.0,-1.0,0.0107974757598395
27886,2023-04-30,0,high_value_appreciating,0.0,-1.0,0.0321656914219898
27886,2023-05-31,0,high_value_appreciating,0.0,-1.0,0.0564246809865742
27886,2023-06-30,0,high_value_appreciating,0.0,-1.0,0.062100519455903
27886,2023-07-31,0,high_value_appreciating,0.0,-1.0,0.0815064828201213
27886,2023-08-31,0,high_value_appreciating,0.0,0.0,0.1213831583425608
27886,2023-09-30,0,high_value_appreciating,0.0,0.0,0.290847771652245
27886,2023-10-31,0,high_value_appreciating,0.0,0.0,0.326968118510072
27886,2023-11-30,0,high_value_appreciating,0.0,0.0,0.4525017491441263
27886,2023-12-31,0,high_value_appreciating,0.0,0.0,0.2584925215381459
27889,2023-01-31,0,high_value_appreciating,0.0,0.0,0.0078264885128103
27889,2023-02-28,0,high_value_appreciating,0.0,-1.0,0.0094652703369471
27889,2023-03-31,0,high_value_appreciating,0.0,-1.0,0.0219712781497375
27889,2023-04-30,0,high_value_appreciating,0.0,0.0,0.0805867923975204
27889,2023-05-31,0,high_value_appreciating,0.0,0.0,0.0800489747571959
27889,2023-06-30,0,high_value_appreciating,0.0,0.0,0.0642608406675768
27889,2023-07-31,0,high_value_appreciating,0.0,0.0,0.0636651035511123
27889,2023-08-31,0,high_value_appreciating,0.0,0.0,0.2374939465213562
27889,2023-09-30,0,high_value_appreciating,0.0,0.0,0.2892986867647949
27889,2023-10-31,0,high_value_appreciating,0.0,0.0,0.422833236083783
27889,2023-11-30,0,high_value_appreciating,0.0,0.0,0.2203645371617547
27889,2023-12-31,0,high_value_appreciating,0.0,0.0,0.1806090502793232
27891,2023-01-31,4,moderate_supply_growing,0.0,0.0,0.0165586887504182
27891,2023-02-28,4,moderate_supply_growing,0.0,-1.0,0.0218201776070518
27891,2023-03-31,4,moderate_supply_growing,0.0,0.0,0.1337179856916026
27891,2023-04-30,4,moderate_supply_growing,0.0,-1.0,0.3276024540309187
27891,2023-05-31,4,moderate_supply_growing,0.0,-1.0,0.2808214785960318
27891,2023-06-30,4,moderate_supply_growing,0.0,0.0,0.1414560950618338
27891,2023-07-31,4,moderate_supply_growing,0.0,-1.0,0.080482991872323
27891,2023-08-31,4,moderate_supply_growing,0.0,-1.0,0.1003014307082716
27891,2023-09-30,4,moderate_supply_growing,0.0,-1.0,0.4196330246858156
27891,2023-10-31,4,moderate_supply_growing,0.0,-1.0,0.1655393754566741
27891,2023-11-30,4,moderate_supply_growing,0.0,-1.0,0.2918059135757638
27891,2023-12-31,4,moderate_supply_growing,0.0,0.0,0.1938256420819167
27893,2023-01-31,3,affordable_high_demand,0.0,-1.0,0.00915081983869
27893,2023-02-28,3,affordable_high_demand,0.0,-1.0,0.0104122328367278
27893,2023-03-31,3,affordable_high_demand,0.0,-1.0,0.0144303837535121
27893,2023-04-30,3,affordable_high_demand,0.0,-1.0,0.0175794193500795
27893,2023-05-31,3,affordable_high_demand,0.0,-1.0,0.0256302802568728
27893,2023-06-30,3,affordable_high_demand,0.0,-1.0,0.0312433503326223
27893,2023-07-31,3,affordable_high_demand,0.0,-1.0,0.0425624818135922
27893,2023-08-31,3,affordable_high_demand,0.0,-1.0,0.0691735653702149
27893,2023-09-30,3,affordable_high_demand,0.0,-1.0,0.0631261166718618
27893,2023-10-31,3,affordable_high_demand,0.0,-1.0,0.0568901016059358
27893,2023-11-30,3,affordable_high_demand,0.0,-1.0,0.023954218123878
27893,2023-12-31,3,affordable_high_demand,0.0,0.0,0.0312345375955776
27896,2023-01-31,3,affordable_high_demand,0.0,-1.0,0.0104334163376371
27896,2023-02-28,3,affordable_high_demand,0.0,-1.0,0.0169214368896155
27896,2023-03-31,3,affordable_high_demand,0.0,-1.0,0.0220150359232127
27896,2023-04-30,3,affordable_high_demand,0.0,-1.0,0.0197237973455934
27896,2023-05-31,3,affordable_high_demand,0.0,-1.0,0.0235482471100851
27896,2023-06-30,3,affordable_high_demand,0.0,-1.0,0.0474964880437116
27896,2023-07-31,3,affordable_high_demand,0.0,-1.0,0.0642018060538151
27896,2023-08-31,3,affordable_high_demand,0.0,-1.0,0.184314972759597
27896,2023-09-30,3,affordable_high_demand,0.0,0.0,0.1714159052064217
27896,2023-10-31,3,affordable_high_demand,0.0,0.0,0.2271618331431758
27896,2023-11-30,3,affordable_high_demand,0.0,0.0,0.0620318271517623
27896,2023-12-31,3,affordable_high_demand,0.0,0.0,0.0871892760360412
27909,2023-01-31,2,competitive_mid_market,0.0,-1.0,0.0134555830681364
27909,2023-02-28,2,competitive_mid_market,0.0,-1.0,0.0100742032340543
27909,2023-03-31,2,competitive_mid_market,0.0,-1.0,0.0217263637179289
27909,2023-04-30,2,competitive_mid_market,0.0,0.0,0.0590099792013945
27909,2023-05-31,2,competitive_mid_market,0.0,0.0,0.1346481119790141
27909,2023-06-30,2,competitive_mid_market,0.0,0.0,0.2105503143162065
27909,2023-07-31,2,competitive_mid_market,0.0,0.0,0.189296184719983
27909,2023-08-31,2,competitive_mid_market,0.0,0.0,0.318102919862216
27909,2023-09-30,2,competitive_mid_market,0.0,0.0,0.4025355532222073
27909,2023-10-31,2,competitive_mid_market,0.0,0.0,0.3597686009136983
27909,2023-11-30,2,competitive_mid_market,0.0,0.0,0.4110853656476617
27909,2023-12-31,2,competitive_mid_market,0.0,0.0,0.3482480519051278
27916,2023-01-31,4,moderate_supply_growing,0.0,-1.0,0.0049826266209191
27916,2023-02-28,4,moderate_supply_growing,0.0,-1.0,0.004983580216648
27916,2023-03-31,4,moderate_supply_growing,0.0,-1.0,0.015505551911874
27916,2023-04-30,4,moderate_supply_growing,0.0,-1.0,0.0332525571841509
27916,2023-05-31,4,moderate_supply_growing,0.0,-1.0,0.1118911615731499
27916,2023-06-30,4,moderate_supply_growing,0.0,-1.0,0.0692336331703331
27916,2023-07-31,4,moderate_supply_growing,0.0,-1.0,0.0286586660010946
27916,2023-08-31,4,moderate_supply_growing,0.0,-1.0,0.0786626213889296
27916,2023-09-30,4,moderate_supply_growing,0.0,-1.0,0.4366382769048788
27916,2023-10-31,4,moderate_supply_growing,0.0,-1.0,0.4206535539486913
27916,2023-11-30,4,moderate_supply_growing,0.0,-1.0,0.6325952659838614
27916,2023-12-31,4,moderate_supply_growing,0.0,0.0,0.8987519268127597
27921,2023-01-31,2,competitive_mid_market,0.0,-1.0,0.0414356542330677
27921,2023-02-28,2,competitive_mid_market,0.0,0.0,0.0745524525882859
27921,2023-03-31,2,competitive_mid_market,0.0,0.0,0.2546090043702052
27921,2023-04-30,2,competitive_mid_market,0.0,0.0,0.3385615190704534
27921,2023-05-31,2,competitive_mid_market,0.0,0.0,0.4542178800137511
27921,2023-06-30,2,competitive_mid_market,0.0,0.0,0.2674461364991815
27921,2023-07-31,2,competitive_mid_market,0.0,0.0,0.3754616573658288
27921,2023-08-31,2,competitive_mid_market,0.0,0.0,0.3752812952997825
27921,2023-09-30,2,competitive_mid_market,0.0,0.0,0.4501117430544005
27921,2023-10-31,2,competitive_mid_market,0.0,0.0,0.4076449229112201
27921,2023-11-30,2,competitive_mid_market,0.0,0.0,0.1964221819912078
27921,2023-12-31,2,competitive_mid_market,0.0,0.0,0.4903222315744905
27927,2023-01-31,0,high_value_appreciating,0.0,-1.0,0.0108965996730082
27927,2023-02-28,0,high_value_appreciating,0.0,-1.0,0.0110098303042012
27927,2023-03-31,0,high_value_appreciating,0.0,-1.0,0.0094351178949719
27927,2023-04-30,0,high_value_appreciating,0.0,-1.0,0.0327543541379153
27927,2023-05-31,0,high_value_appreciating,0.0,-1.0,0.1283263258119866
27927,2023-06-30,0,high_value_appreciating,0.0,-1.0,0.0768308627866069
27927,2023-07-31,0,high_value_appreciating,0.0,-1.0,0.0986803581397397
27927,2023-08-31,0,high_value_appreciating,0.0,-1.0,0.2576085798947424
27927,2023-09-30,0,high_value_appreciating,0.0,-1.0,0.4087340191324305
27927,2023-10-31,0,high_value_appreciating,0.0,0.0,0.506798216082214
27927,2023-11-30,0,high_value_appreciating,0.0,0.0,0.5628083774907019
27927,2023-12-31,0,high_value_appreciating,0.0,0.0,0.4827810804608246
27929,2023-01-31,4,moderate_supply_growing,0.0,-1.0,0.0137916356032585
27929,2023-02-28,4,moderate_supply_growing,0.0,-1.0,0.0071773014035676
27929,2023-03-31,4,moderate_supply_growing,0.0,-1.0,0.0094900098745737
27929,2023-04-30,4,moderate_supply_growing,0.0,-1.0,0.0245458190530008
27929,2023-05-31,4,moderate_supply_growing,0.0,-1.0,0.041495276568451
27929,2023-06-30,4,moderate_supply_growing,0.0,-1.0,0.1014653763100718
27929,2023-07-31,4,moderate_supply_growing,0.0,-1.0,0.0780994652169845
27929,2023-08-31,4,moderate_supply_growing,0.0,-1.0,0.0773616762252101
27929,2023-09-30,4,moderate_supply_growing,0.0,-1.0,0.1087464378682952
27929,2023-10-31,4,moderate_supply_growing,0.0,0.0,0.3738306289726165
27929,2023-11-30,4,moderate_supply_growing,0.0,0.0,0.440833269234074
27929,2023-12-31,4,moderate_supply_growing,0.0,0.0,0.4789410125272821
27939,2023-01-31,0,high_value_appreciating,0.0,-1.0,0.0099412341609116
27939,2023-02-28,0,high_value_appreciating,0.0,-1.0,0.0121098332552776
27939,2023-03-31,0,high_value_appreciating,0.0,-1.0,0.0135409495298005
27939,2023-04-30,0,high_value_appreciating,0.0,-1.0,0.0234844850338409
27939,2023-05-31,0,high_value_appreciating,0.0,0.0,0.0774639723019178
27939,2023-06-30,0,high_value_appreciating,0.0,0.0,0.1367971914075286
27939,2023-07-31,0,high_value_appreciating,0.0,0.0,0.1618244009056784
27939,2023-08-31,0,high_value_appreciating,0.0,0.0,0.243976935737595
27939,2023-09-30,0,high_value_appreciating,0.0,0.0,0.3929372615253983
27939,2023-10-31,0,high_value_appreciating,0.0,0.0,0.5182559476394635
27939,2023-11-30,0,high_value_appreciating,0.0,0.0,0.565538465315669
27939,2023-12-31,0,high_value_appreciating,0.0,0.0,0.1837937272150363
27944,2023-01-31,0,high_value_appreciating,0.0,-1.0,0.0196163070191375
27944,2023-02-28,0,high_value_appreciating,0.0,-1.0,0.0150013046453217
27944,2023-03-31,0,high_value_appreciating,0.0,-1.0,0.0243695475956199
27944,2023-04-30,0,high_value_appreciating,0.0,-1.0,0.0217759130073553
27944,2023-05-31,0,high_value_appreciating,0.0,0.0,0.0201171065167957
27944,2023-06-30,0,high_value_appreciating,0.0,0.0,0.0243199710706092
27944,2023-07-31,0,high_value_appreciating,0.0,0.0,0.075320953942018
27944,2023-08-31,0,high_value_appreciating,0.0,0.0,0.1601688238128505
27944,2023-09-30,0,high_value_appreciating,0.0,0.0,0.3612821151946971
27944,2023-10-31,0,high_value_appreciating,0.0,0.0,0.5037273633440643
27944,2023-11-30,0,high_value_appreciating,0.0,0.0,0.3756070752368182
27944,2023-12-31,0,high_value_appreciating,0.0,0.0,0.4237360846695278
27948,2023-01-31,0,high_value_appreciating,0.0,-1.0,0.0119042027092024
27948,2023-02-28,0,high_value_appreciating,0.0,-1.0,0.00943486855546
27948,2023-03-31,0,high_value_appreciating,0.0,-1.0,0.0166951868557099
27948,2023-04-30,0,high_value_appreciating,0.0,-1.0,0.0346239306064514
27948,2023-05-31,0,high_value_appreciating,0.0,-1.0,0.0692538680905104
27948,2023-06-30,0,high_value_appreciating,0.0,-1.0,0.1406638922470109
27948,2023-07-31,0,high_value_appreciating,0.0,-1.0,0.0689400192015519
27948,2023-08-31,0,high_value_appreciating,0.0,-1.0,0.0988851500012015
27948,2023-09-30,0,high_value_appreciating,0.0,-1.0,0.1349036944466806
27948,2023-10-31,0,high_value_appreciating,0.0,0.0,0.2198355676595405
27948,2023-11-30,0,high_value_appreciating,0.0,0.0,0.1722550644016811
27948,2023-12-31,0,high_value_appreciating,0.0,0.0,0.1856969140587467
27949,2023-01-31,0,high_value_appreciating,0.0,-1.0,0.0146382477343631
27949,2023-02-28,0,high_value_appreciating,0.0,-1.0,0.0172888577615316
27949,2023-03-31,0,high_value_appreciating,0.0,-1.0,0.0172470263028919
27949,2023-04-30,0,high_value_appreciating,0.0,-1.0,0.0316794150702843
27949,2023-05-31,0,high_value_appreciating,0.0,-1.0,0.0412079728762281
27949,2023-06-30,0,high_value_appreciating,0.0,-1.0,0.0843513272535037
27949,2023-07-31,0,high_value_appreciating,0.0,-1.0,0.0802274257981773
27949,2023-08-31,0,high_value_appreciating,0.0,-1.0,0.1440653732566243
27949,2023-09-30,0,high_value_appreciating,0.0,-1.0,0.2620221983866508
27949,2023-10-31,0,high_value_appreciating,0.0,-1.0,0.2775975318076563
27949,2023-11-30,0,high_value_appreciating,0.0,-1.0,0.2568524584053161
27949,2023-12-31,0,high_value_appreciating,0.0,-1.0,0.2108374069505404
27950,2023-01-31,4,moderate_supply_growing,0.0,-1.0,0.1379512514588461
27950,2023-02-28,4,moderate_supply_growing,0.0,-1.0,0.2879185384500915
27950,2023-03-31,4,moderate_supply_growing,0.0,-1.0,0.2999665195365398
27950,2023-04-30,4,moderate_supply_growing,0.0,0.0,0.243705291902219
27950,2023-05-31,4,moderate_supply_growing,0.0,-1.0,0.0538513055748708
27950,2023-06-30,4,moderate_supply_growing,0.0,-1.0,0.0361788505560782
27950,2023-07-31,4,moderate_supply_growing,0.0,-1.0,0.0409313236025778
27950,2023-08-31,4,moderate_supply_growing,0.0,0.0,0.4897049565095694
27950,2023-09-30,4,moderate_supply_growing,0.0,0.0,0.6574999707255608
27950,2023-10-31,4,moderate_supply_growing,1.0,1.0,0.7107096288169589
27950,2023-11-30,4,moderate_supply_growing,1.0,1.0,0.821269100822528
27950,2023-12-31,4,moderate_supply_growing,1.0,1.0,0.6631587911024079
27954,2023-01-31,0,high_value_appreciating,0.0,-1.0,0.0092345548396197
27954,2023-02-28,0,high_value_appreciating,0.0,-1.0,0.0291496116446971
27954,2023-03-31,0,high_value_appreciating,0.0,-1.0,0.0147077150970104
27954,2023-04-30,0,high_value_appreciating,0.0,-1.0,0.0131538956889067
27954,2023-05-31,0,high_value_appreciating,0.0,-1.0,0.022207612889463
27954,2023-06-30,0,high_value_appreciating,0.0,-1.0,0.1061235972380297
27954,2023-07-31,0,high_value_appreciating,0.0,-1.0,0.0859100212073011
27954,2023-08-31,0,high_value_appreciating,0.0,-1.0,0.2131196360102735
27954,2023-09-30,0,high_value_appreciating,0.0,-1.0,0.3287034024573565
27954,2023-10-31,0,high_value_appreciating,0.0,-1.0,0.679249489037045
27954,2023-11-30,0,high_value_appreciating,0.0,-1.0,0.610911011815791
27954,2023-12-31,0,high_value_appreciating,0.0,0.0,0.4529191782222362
27958,2023-01-31,2,competitive_mid_market,0.0,0.0,0.0184770563737417
27958,2023-02-28,2,competitive_mid_market,0.0,-1.0,0.0136875700744496
27958,2023-03-31,2,competitive_mid_market,0.0,0.0,0.0132907451291903
27958,2023-04-30,2,competitive_mid_market,0.0,0.0,0.0207197655403924
27958,2023-05-31,2,competitive_mid_market,0.0,0.0,0.0381830553030066
27958,2023-06-30,2,competitive_mid_market,0.0,0.0,0.0706951678824199
27958,2023-07-31,2,competitive_mid_market,0.0,0.0,0.2597710175714197
27958,2023-08-31,2,competitive_mid_market,0.0,0.0,0.2969178017470306
27958,2023-09-30,2,competitive_mid_market,0.0,0.0,0.1795720073827242
27958,2023-10-31,2,competitive_mid_market,0.0,0.0,0.1669618646436752
27958,2023-11-30,2,competitive_mid_market,0.0,0.0,0.1399914423330247
27958,2023-12-31,2,competitive_mid_market,0.0,0.0,0.1762668336264437
27959,2023-01-31,0,high_value_appreciating,0.0,-1.0,0.0069966424290211
27959,2023-02-28,0,high_value_appreciating,0.0,-1.0,0.0096565165754235
27959,2023-03-31,0,high_value_appreciating,0.0,-1.0,0.0144730684838075
27959,2023-04-30,0,high_value_appreciating,0.0,-1.0,0.0254754195125648
27959,2023-05-31,0,high_value_appreciating,0.0,-1.0,0.0463403851154471
27959,2023-06-30,0,high_value_appreciating,0.0,-1.0,0.1870442308414155
27959,2023-07-31,0,high_value_appreciating,0.0,-1.0,0.1644483847276795
27959,2023-08-31,0,high_value_appreciating,0.0,-1.0,0.1655443652770127
27959,2023-09-30,0,high_value_appreciating,0.0,-1.0,0.1604917798464578
27959,2023-10-31,0,high_value_appreciating,0.0,-1.0,0.1402226604680597
27959,2023-11-30,0,high_value_appreciating,0.0,-1.0,0.2728704953739577
27959,2023-12-31,0,high_value_appreciating,0.0,0.0,0.5571499212472788
27973,2023-01-31,2,competitive_mid_market,0.0,0.0,0.0276980506497795
27973,2023-02-28,2,competitive_mid_market,0.0,-1.0,0.0168748441662528
27973,2023-03-31,2,competitive_mid_market,0.0,-1.0,0.0661025750423203
27973,2023-04-30,2,competitive_mid_market,0.0,0.0,0.0923584248704704
27973,2023-05-31,2,competitive_mid_market,0.0,0.0,0.1542287868056409
27973,2023-06-30,2,competitive_mid_market,0.0,-1.0,0.1908433568051153
27973,2023-07-31,2,competitive_mid_market,0.0,-1.0,0.3138208175696013
27973,2023-08-31,2,competitive_mid_market,0.0,-1.0,0.3685989172046122
27973,2023-09-30,2,competitive_mid_market,0.0,-1.0,0.3322814723000062
27973,2023-10-31,2,competitive_mid_market,0.0,-1.0,0.7038821210303224
27973,2023-11-30,2,competitive_mid_market,0.0,-1.0,0.7086431913160254
27973,2023-12-31,2,competitive_mid_market,0.0,-1.0,0.093202895043445
27976,2023-01-31,4,moderate_supply_growing,0.0,-1.0,0.0112330101657254
27976,2023-02-28,4,moderate_supply_growing,0.0,-1.0,0.0214995201421214
27976,2023-03-31,4,moderate_supply_growing,0.0,-1.0,0.0480786445484836
27976,2023-04-30,4,moderate_supply_growing,0.0,-1.0,0.0304834715103623
27976,2023-05-31,4,moderate_supply_growing,0.0,-1.0,0.0542999300270518
27976,2023-06-30,4,moderate_supply_growing,0.0,-1.0,0.3632136838283315
27976,2023-07-31,4,moderate_supply_growing,0.0,0.0,0.554971436588881
27976,2023-08-31,4,moderate_supply_growing,0.0,0.0,0.4635070513816037
27976,2023-09-30,4,moderate_supply_growing,0.0,0.0,0.4427665218193913
27976,2023-10-31,4,moderate_supply_growing,0.0,0.0,0.6280939636747198
27976,2023-11-30,4,moderate_supply_growing,0.0,0.0,0.8309004946678947
27976,2023-12-31,4,moderate_supply_growing,0.0,0.0,0.815442919751833
28001,2023-01-31,3,affordable_high_demand,0.0,0.0,0.0125747758778046
28001,2023-02-28,3,affordable_high_demand,0.0,0.0,0.0097373998161757
28001,2023-03-31,3,affordable_high_demand,0.0,0.0,0.016866299707801
28001,2023-04-30,3,affordable_high_demand,0.0,0.0,0.0281509997639366
28001,2023-05-31,3,affordable_high_demand,0.0,0.0,0.0432737213203923
28001,2023-06-30,3,affordable_high_demand,0.0,0.0,0.0840616774981106
28001,2023-07-31,3,affordable_high_demand,0.0,-1.0,0.1609844638287833
28001,2023-08-31,3,affordable_high_demand,0.0,0.0,0.2532564726584419
28001,2023-09-30,3,affordable_high_demand,0.0,0.0,0.5526776875790234
28001,2023-10-31,3,affordable_high_demand,0.0,0.0,0.5617734920675399
28001,2023-11-30,3,affordable_high_demand,0.0,0.0,0.465119969425599
28001,2023-12-31,3,affordable_high_demand,0.0,0.0,0.1911220527046805
28012,2023-01-31,3,affordable_high_demand,0.0,-1.0,0.0110776949693904
28012,2023-02-28,3,affordable_high_demand,0.0,-1.0,0.0173329639154357
28012,2023-03-31,3,affordable_high_demand,0.0,-1.0,0.0148264502626353
28012,2023-04-30,3,affordable_high_demand,0.0,-1.0,0.0401797752886955
28012,2023-05-31,3,affordable_high_demand,0.0,-1.0,0.113451426849894
28012,2023-06-30,3,affordable_high_demand,0.0,-1.0,0.1082414267206265
28012,2023-07-31,3,affordable_high_demand,0.0,-1.0,0.2104488706008416
28012,2023-08-31,3,affordable_high_demand,0.0,0.0,0.2703423399595261
28012,2023-09-30,3,affordable_high_demand,0.0,0.0,0.5270622593116795
28012,2023-10-31,3,affordable_high_demand,0.0,0.0,0.5403139664658733
28012,2023-11-30,3,affordable_high_demand,0.0,0.0,0.4549128987514963
28012,2023-12-31,3,affordable_high_demand,0.0,0.0,0.3904843607031431
28016,2023-01-31,3,affordable_high_demand,0.0,-1.0,0.010128939896475
28016,2023-02-28,3,affordable_high_demand,0.0,-1.0,0.0135330678866276
28016,2023-03-31,3,affordable_high_demand,0.0,-1.0,0.0178860261610092
28016,2023-04-30,3,affordable_high_demand,0.0,-1.0,0.0204212805458857
28016,2023-05-31,3,affordable_high_demand,0.0,-1.0,0.0169311302501483
28016,2023-06-30,3,affordable_high_demand,0.0,-1.0,0.0642833211877222
28016,2023-07-31,3,affordable_high_demand,0.0,-1.0,0.0825269470280327
28016,2023-08-31,3,affordable_high_demand,0.0,-1.0,0.2513065399142857
28016,2023-09-30,3,affordable_high_demand,0.0,-1.0,0.5023210410122945
28016,2023-10-31,3,affordable_high_demand,0.0,-1.0,0.4352424957033604
28016,2023-11-30,3,affordable_high_demand,0.0,0.0,0.5394885294862959
28016,2023-12-31,3,affordable_high_demand,0.0,0.0,0.4482732073840666
28018,2023-01-31,4,moderate_supply_growing,0.0,0.0,0.0323577528531774
28018,2023-02-28,4,moderate_supply_growing,0.0,0.0,0.0311221649405516
28018,2023-03-31,4,moderate_supply_growing,0.0,-1.0,0.0181241001602339
28018,2023-04-30,4,moderate_supply_growing,0.0,-1.0,0.0176794876435008
28018,2023-05-31,4,moderate_supply_growing,0.0,-1.0,0.0566318149342125
28018,2023-06-30,4,moderate_supply_growing,0.0,0.0,0.1049423642413427
28018,2023-07-31,4,moderate_supply_growing,0.0,0.0,0.4976094580693665
28018,2023-08-31,4,moderate_supply_growing,0.0,0.0,0.5892650145719168
28018,2023-09-30,4,moderate_supply_growing,0.0,0.0,0.6857637196656696
28018,2023-10-31,4,moderate_supply_growing,0.0,0.0,0.7175926406381655
28018,2023-11-30,4,moderate_supply_growing,0.0,0.0,0.6569052322045346
28018,2023-12-31,4,moderate_supply_growing,0.0,0.0,0.7014502106399253
28021,2023-01-31,3,affordable_high_demand,0.0,0.0,0.0087490390434708
28021,2023-02-28,3,affordable_high_demand,0.0,-1.0,0.012019385530256
28021,2023-03-31,3,affordable_high_demand,0.0,-1.0,0.0148079876895454
28021,2023-04-30,3,affordable_high_demand,0.0,-1.0,0.0484049306623748
28021,2023-05-31,3,affordable_high_demand,0.0,-1.0,0.0884725990139747
28021,2023-06-30,3,affordable_high_demand,0.0,-1.0,0.0978594506563596
28021,2023-07-31,3,affordable_high_demand,0.0,-1.0,0.1393889416907873
28021,2023-08-31,3,affordable_high_demand,0.0,-1.0,0.1666618823892261
28021,2023-09-30,3,affordable_high_demand,0.0,0.0,0.4135629335137232
28021,2023-10-31,3,affordable_high_demand,0.0,0.0,0.3307903658793951
28021,2023-11-30,3,affordable_high_demand,0.0,0.0,0.2719231668205042
28021,2023-12-31,3,affordable_high_demand,0.0,0.0,0.1271328819504984
28023,2023-01-31,3,affordable_high_demand,0.0,0.0,0.0285896538045151
28023,2023-02-28,3,affordable_high_demand,0.0,0.0,0.0391508932488036
28023,2023-03-31,3,affordable_high_demand,0.0,0.0,0.0733340793189865
28023,2023-04-30,3,affordable_high_demand,0.0,0.0,0.0765967601410919
28023,2023-05-31,3,affordable_high_demand,0.0,-1.0,0.0944761508417156
28023,2023-06-30,3,affordable_high_demand,0.0,-1.0,0.1546868223074411
28023,2023-07-31,3,affordable_high_demand,0.0,-1.0,0.2028038377201439
28023,2023-08-31,3,affordable_high_demand,0.0,-1.0,0.5186861552357803
28023,2023-09-30,3,affordable_high_demand,0.0,0.0,0.4914301194381751
28023,2023-10-31,3,affordable_high_demand,0.0,0.0,0.4297797961951646
28023,2023-11-30,3,affordable_high_demand,0.0,0.0,0.2977416989265807
28023,2023-12-31,3,affordable_high_demand,0.0,0.0,0.2058951207692483
28025,2023-01-31,3,affordable_high_demand,0.0,-1.0,0.0094436780825338
28025,2023-02-28,3,affordable_high_demand,0.0,-1.0,0.0163627750041752
28025,2023-03-31,3,affordable_high_demand,0.0,-1.0,0.0109813426153562
28025,2023-04-30,3,affordable_high_demand,0.0,-1.0,0.014532720923212
28025,2023-05-31,3,affordable_high_demand,0.0,-1.0,0.0550682159007759
28025,2023-06-30,3,affordable_high_demand,0.0,-1.0,0.1593932695727341
28025,2023-07-31,3,affordable_high_demand,0.0,-1.0,0.3120294970331443
28025,2023-08-31,3,affordable_high_demand,0.0,-1.0,0.2472149817811376
28025,2023-09-30,3,affordable_high_demand,0.0,0.0,0.3285543535580754
28025,2023-10-31,3,affordable_high_demand,0.0,0.0,0.4732084689697013
28025,2023-11-30,3,affordable_high_demand,0.0,0.0,0.5134822891506156
28025,2023-12-31,3,affordable_high_demand,0.0,0.0,0.3584677339401564
28027,2023-01-31,2,competitive_mid_market,0.0,-1.0,0.0121011786959925
28027,2023-02-28,2,competitive_mid_market,0.0,-1.0,0.0157742051818203
28027,2023-03-31,2,competitive_mid_market,0.0,-1.0,0.0135427225331661
28027,2023-04-30,2,competitive_mid_market,0.0,-1.0,0.0326541682403624
28027,2023-05-31,2,competitive_mid_market,0.0,-1.0,0.234162122350425
28027,2023-06-30,2,competitive_mid_market,0.0,-1.0,0.3840412318009238
28027,2023-07-31,2,competitive_mid_market,0.0,-1.0,0.5379927438064889
28027,2023-08-31,2,competitive_mid_market,0.0,-1.0,0.4904176897577172
28027,2023-09-30,2,competitive_mid_market,0.0,0.0,0.5372748508950632
28027,2023-10-31,2,competitive_mid_market,0.0,0.0,0.5747129983176111
28027,2023-11-30,2,competitive_mid_market,0.0,0.0,0.2735597426498965
28027,2023-12-31,2,competitive_mid_market,0.0,0.0,0.2932532313092819
28031,2023-01-31,2,competitive_mid_market,0.0,-1.0,0.0125471455104712
28031,2023-02-28,2,competitive_mid_market,0.0,-1.0,0.0117256553187727
28031,2023-03-31,2,competitive_mid_market,0.0,-1.0,0.0112027842649956
28031,2023-04-30,2,competitive_mid_market,0.0,-1.0,0.0352576136761534
28031,2023-05-31,2,competitive_mid_market,0.0,-1.0,0.1551983099190159
28031,2023-06-30,2,competitive_mid_market,0.0,-1.0,0.5095076853451954
28031,2023-07-31,2,competitive_mid_market,0.0,-1.0,0.2250088852592944
28031,2023-08-31,2,competitive_mid_market,0.0,0.0,0.1982308116141305
28031,2023-09-30,2,competitive_mid_market,0.0,0.0,0.2709650188455826
28031,2023-10-31,2,competitive_mid_market,0.0,0.0,0.3786061009500733
28031,2023-11-30,2,competitive_mid_market,0.0,0.0,0.3354614628482656
28031,2023-12-31,2,competitive_mid_market,0.0,0.0,0.3635941471808345
28032,2023-01-31,3,affordable_high_demand,0.0,-1.0,0.0096454598571304
28032,2023-02-28,3,affordable_high_demand,0.0,-1.0,0.0145145270389989
28032,2023-03-31,3,affordable_high_demand,0.0,-1.0,0.0160965123460581
28032,2023-04-30,3,affordable_high_demand,0.0,-1.0,0.0107079195378146
28032,2023-05-31,3,affordable_high_demand,0.0,-1.0,0.0372001031703716
28032,2023-06-30,3,affordable_high_demand,0.0,-1.0,0.0272015853146868
28032,2023-07-31,3,affordable_high_demand,0.0,-1.0,0.127822876343086
28032,2023-08-31,3,affordable_high_demand,0.0,0.0,0.4870895272133677
28032,2023-09-30,3,affordable_high_demand,0.0,0.0,0.6182172796854524
28032,2023-10-31,3,affordable_high_demand,0.0,0.0,0.2578715721760217
28032,2023-11-30,3,affordable_high_demand,0.0,0.0,0.1999233795240891
28032,2023-12-31,3,affordable_high_demand,0.0,0.0,0.2204177175915989
28033,2023-01-31,3,affordable_high_demand,0.0,-1.0,0.0074454955313168
28033,2023-02-28,3,affordable_high_demand,0.0,-1.0,0.0205390983982615
28033,2023-03-31,3,affordable_high_demand,0.0,-1.0,0.0190664055779328
28033,2023-04-30,3,affordable_high_demand,0.0,-1.0,0.0255700819513198
28033,2023-05-31,3,affordable_high_demand,0.0,0.0,0.0174909882305021
28033,2023-06-30,3,affordable_high_demand,0.0,0.0,0.2873127074733905
28033,2023-07-31,3,affordable_high_demand,0.0,0.0,0.3642441492358265
28033,2023-08-31,3,affordable_high_demand,0.0,0.0,0.3131745238611754
28033,2023-09-30,3,affordable_high_demand,0.0,0.0,0.4196725236003547
28033,2023-10-31,3,affordable_high_demand,0.0,0.0,0.6594307825520777
28033,2023-11-30,3,affordable_high_demand,0.0,0.0,0.441934964156699
28033,2023-12-31,3,affordable_high_demand,0.0,0.0,0.4256493596526285
28034,2023-01-31,3,affordable_high_demand,0.0,-1.0,0.0202605693846847
28034,2023-02-28,3,affordable_high_demand,0.0,-1.0,0.0199913905154494
28034,2023-03-31,3,affordable_high_demand,0.0,-1.0,0.0125509174340876
28034,2023-04-30,3,affordable_high_demand,0.0,-1.0,0.0182768307516762
28034,2023-05-31,3,affordable_high_demand,0.0,-1.0,0.0735892470761871
28034,2023-06-30,3,affordable_high_demand,0.0,-1.0,0.0873371016478504
28034,2023-07-31,3,affordable_high_demand,0.0,0.0,0.1387129291529774
28034,2023-08-31,3,affordable_high_demand,0.0,0.0,0.2463490062352706
28034,2023-09-30,3,affordable_high_demand,0.0,0.0,0.3092373442416145
28034,2023-10-31,3,affordable_high_demand,0.0,0.0,0.3363830627876373
28034,2023-11-30,3,affordable_high_demand,0.0,0.0,0.190663418562948
28034,2023-12-31,3,affordable_high_demand,0.0,0.0,0.2494544570922209
28036,2023-01-31,2,competitive_mid_market,0.0,-1.0,0.0164299273485158
28036,2023-02-28,2,competitive_mid_market,0.0,-1.0,0.0186954229608476
28036,2023-03-31,2,competitive_mid_market,0.0,-1.0,0.0177904224369071
28036,2023-04-30,2,competitive_mid_market,0.0,-1.0,0.1279836359733286
28036,2023-05-31,2,competitive_mid_market,0.0,0.0,0.1539812331569408
28036,2023-06-30,2,competitive_mid_market,0.0,0.0,0.2958189355540512
28036,2023-07-31,2,competitive_mid_market,0.0,0.0,0.287253310591579
28036,2023-08-31,2,competitive_mid_market,0.0,0.0,0.3251205249016191
28036,2023-09-30,2,competitive_mid_market,0.0,0.0,0.3708997957729937
28036,2023-10-31,2,competitive_mid_market,0.0,0.0,0.2756642897160929
28036,2023-11-30,2,competitive_mid_market,0.0,0.0,0.2980213141898344
28036,2023-12-31,2,competitive_mid_market,0.0,0.0,0.5692804322458312
28037,2023-01-31,2,competitive_mid_market,0.0,-1.0,0.0118061852365468
28037,2023-02-28,2,competitive_mid_market,0.0,-1.0,0.0256271747067823
28037,2023-03-31,2,competitive_mid_market,0.0,-1.0,0.028926087023496
28037,2023-04-30,2,competitive_mid_market,0.0,-1.0,0.0835845418083341
28037,2023-05-31,2,competitive_mid_market,0.0,-1.0,0.0755245297429692
28037,2023-06-30,2,competitive_mid_market,0.0,0.0,0.0727828544686327
28037,2023-07-31,2,competitive_mid_market,0.0,0.0,0.155242254228195
28037,2023-08-31,2,competitive_mid_market,0.0,0.0,0.1999377678571382
28037,2023-09-30,2,competitive_mid_market,0.0,0.0,0.342055594316402
28037,2023-10-31,2,competitive_mid_market,0.0,0.0,0.5000660931052102
28037,2023-11-30,2,competitive_mid_market,0.0,0.0,0.3686044169654493
28037,2023-12-31,2,competitive_mid_market,0.0,0.0,0.1686906130870605
28040,2023-01-31,1,low_activity_cooling,0.0,0.0,0.0389788118242996
28040,2023-02-28,1,low_activity_cooling,0.0,-1.0,0.0176253770607088
28040,2023-03-31,1,low_activity_cooling,0.0,-1.0,0.0279071152434052
28040,2023-04-30,1,low_activity_cooling,0.0,-1.0,0.014315842794383
28040,2023-05-31,1,low_activity_cooling,0.0,-1.0,0.021126738944804
28040,2023-06-30,1,low_activity_cooling,0.0,-1.0,0.0236407327935549
28040,2023-07-31,1,low_activity_cooling,0.0,-1.0,0.0717016905649586
28040,2023-08-31,1,low_activity_cooling,0.0,-1.0,0.1502309400170743
28040,2023-09-30,1,low_activity_cooling,0.0,-1.0,0.4048799373832006
28040,2023-10-31,1,low_activity_cooling,0.0,-1.0,0.2689337022057156
28040,2023-11-30,1,low_activity_cooling,0.0,-1.0,0.3369762038685049
28040,2023-12-31,1,low_activity_cooling,0.0,0.0,0.329816672256756
28043,2023-01-31,3,affordable_high_demand,0.0,-1.0,0.0080684634700138
28043,2023-02-28,3,affordable_high_demand,0.0,-1.0,0.0127702468846084
28043,2023-03-31,3,affordable_high_demand,0.0,-1.0,0.0165299955602422
28043,2023-04-30,3,affordable_high_demand,0.0,-1.0,0.0206259301162011
28043,2023-05-31,3,affordable_high_demand,0.0,-1.0,0.0266933023248719
28043,2023-06-30,3,affordable_high_demand,0.0,-1.0,0.0203057608071433
28043,2023-07-31,3,affordable_high_demand,0.0,-1.0,0.0422726836100342
28043,2023-08-31,3,affordable_high_demand,0.0,-1.0,0.215876673029002
28043,2023-09-30,3,affordable_high_demand,0.0,-1.0,0.4712811571732841
28043,2023-10-31,3,affordable_high_demand,0.0,0.0,0.6053739200443863
28043,2023-11-30,3,affordable_high_demand,0.0,0.0,0.4452223531830561
28043,2023-12-31,3,affordable_high_demand,0.0,0.0,0.2518260542584988
28052,2023-01-31,3,affordable_high_demand,0.0,-1.0,0.0110255558098475
28052,2023-02-28,3,affordable_high_demand,0.0,-1.0,0.0115145538880464
28052,2023-03-31,3,affordable_high_demand,0.0,-1.0,0.0129716112614083
28052,2023-04-30,3,affordable_high_demand,0.0,-1.0,0.0233045516612235
28052,2023-05-31,3,affordable_high_demand,0.0,-1.0,0.0368579862397057
28052,2023-06-30,3,affordable_high_demand,0.0,-1.0,0.061239459515321
28052,2023-07-31,3,affordable_high_demand,0.0,-1.0,0.0903427548502485
28052,2023-08-31,3,affordable_high_demand,0.0,0.0,0.2482559039621398
28052,2023-09-30,3,affordable_high_demand,0.0,0.0,0.2777115740037703
28052,2023-10-31,3,affordable_high_demand,0.0,0.0,0.290530501664863
28052,2023-11-30,3,affordable_high_demand,0.0,0.0,0.3079173668809778
28052,2023-12-31,3,affordable_high_demand,0.0,0.0,0.3675367667454418
28054,2023-01-31,3,affordable_high_demand,0.0,-1.0,0.0094774662989155
28054,2023-02-28,3,affordable_high_demand,0.0,-1.0,0.0133566723657288
28054,2023-03-31,3,affordable_high_demand,0.0,-1.0,0.0107440157564062
28054,2023-04-30,3,affordable_high_demand,0.0,-1.0,0.0084793538322188
28054,2023-05-31,3,affordable_high_demand,0.0,-1.0,0.0209993980670585
28054,2023-06-30,3,affordable_high_demand,0.0,-1.0,0.0395626715223037
28054,2023-07-31,3,affordable_high_demand,0.0,-1.0,0.114640613511641
28054,2023-08-31,3,affordable_high_demand,0.0,-1.0,0.1834303743914286
28054,2023-09-30,3,affordable_high_demand,0.0,0.0,0.1719617904655535
28054,2023-10-31,3,affordable_high_demand,0.0,0.0,0.2894698051423521
28054,2023-11-30,3,affordable_high_demand,0.0,0.0,0.2087089878682063
28054,2023-12-31,3,affordable_high_demand,0.0,0.0,0.1966609627578241
28056,2023-01-31,3,affordable_high_demand,0.0,-1.0,0.0074242427316359
28056,2023-02-28,3,affordable_high_demand,0.0,-1.0,0.0188112745719718
28056,2023-03-31,3,affordable_high_demand,0.0,-1.0,0.0210863072752533
28056,2023-04-30,3,affordable_high_demand,0.0,-1.0,0.0239882429851143
28056,2023-05-31,3,affordable_high_demand,0.0,-1.0,0.0373310982490338
28056,2023-06-30,3,affordable_high_demand,0.0,-1.0,0.0570610458278821
28056,2023-07-31,3,affordable_high_demand,0.0,-1.0,0.1526310705927092
28056,2023-08-31,3,affordable_high_demand,0.0,-1.0,0.1295934081162063
28056,2023-09-30,3,affordable_high_demand,0.0,0.0,0.1183570257028934
28056,2023-10-31,3,affordable_high_demand,0.0,0.0,0.2860982816091642
28056,2023-11-30,3,affordable_high_demand,0.0,0.0,0.4081161064629028
28056,2023-12-31,3,affordable_high_demand,0.0,0.0,0.3988862780304097
28075,2023-01-31,2,competitive_mid_market,0.0,-1.0,0.018290860633881
28075,2023-02-28,2,competitive_mid_market,0.0,-1.0,0.0360846694808699
28075,2023-03-31,2,competitive_mid_market,0.0,-1.0,0.0349297131054604
28075,2023-04-30,2,competitive_mid_market,0.0,-1.0,0.040052805107585
28075,2023-05-31,2,competitive_mid_market,0.0,-1.0,0.1115724499565808
28075,2023-06-30,2,competitive_mid_market,0.0,0.0,0.0826854224938198
28075,2023-07-31,2,competitive_mid_market,0.0,0.0,0.2109304753858287
28075,2023-08-31,2,competitive_mid_market,0.0,0.0,0.331200322501038
28075,2023-09-30,2,competitive_mid_market,0.0,0.0,0.3507985381862045
28075,2023-10-31,2,competitive_mid_market,0.0,0.0,0.4230032276531957
28075,2023-11-30,2,competitive_mid_market,0.0,0.0,0.3014390792089446
28075,2023-12-31,2,competitive_mid_market,0.0,0.0,0.3633604928295203
28078,2023-01-31,2,competitive_mid_market,0.0,-1.0,0.0101306233963636
28078,2023-02-28,2,competitive_mid_market,0.0,-1.0,0.012438478982029
28078,2023-03-31,2,competitive_mid_market,0.0,-1.0,0.0126132037389659
28078,2023-04-30,2,competitive_mid_market,0.0,-1.0,0.066261496625891
28078,2023-05-31,2,competitive_mid_market,0.0,-1.0,0.25718168238176
28078,2023-06-30,2,competitive_mid_market,0.0,-1.0,0.6914666912406007
28078,2023-07-31,2,competitive_mid_market,0.0,-1.0,0.702859024614738
28078,2023-08-31,2,competitive_mid_market,0.0,0.0,0.5158364353385892
28078,2023-09-30,2,competitive_mid_market,0.0,0.0,0.4407643463595701
28078,2023-10-31,2,competitive_mid_market,0.0,0.0,0.5385450180532485
28078,2023-11-30,2,competitive_mid_market,0.0,0.0,0.2993684906341209
28078,2023-12-31,2,competitive_mid_market,0.0,0.0,0.4110222229159427
28079,2023-01-31,2,competitive_mid_market,0.0,-1.0,0.0099561124361859
28079,2023-02-28,2,competitive_mid_market,0.0,-1.0,0.022513622859899
28079,2023-03-31,2,competitive_mid_market,0.0,-1.0,0.0197767967636217
28079,2023-04-30,2,competitive_mid_market,0.0,-1.0,0.0265427168621474
28079,2023-05-31,2,competitive_mid_market,0.0,-1.0,0.0779456689326366
28079,2023-06-30,2,competitive_mid_market,0.0,-1.0,0.1934065395061031
28079,2023-07-31,2,competitive_mid_market,0.0,-1.0,0.5975395997085585
28079,2023-08-31,2,competitive_mid_market,0.0,-1.0,0.2984495802967265
28079,2023-09-30,2,competitive_mid_market,0.0,0.0,0.2602673972960649
28079,2023-10-31,2,competitive_mid_market,0.0,0.0,0.3290551109366463
28079,2023-11-30,2,competitive_mid_market,0.0,0.0,0.2469054571771117
28079,2023-12-31,2,competitive_mid_market,0.0,0.0,0.252122622469032
28080,2023-01-31,2,competitive_mid_market,0.0,-1.0,0.0079290924573043
28080,2023-02-28,2,competitive_mid_market,0.0,-1.0,0.0151325675722418
28080,2023-03-31,2,competitive_mid_market,0.0,-1.0,0.0115968220817306
28080,2023-04-30,2,competitive_mid_market,0.0,-1.0,0.0116527243536282
28080,2023-05-31,2,competitive_mid_market,0.0,-1.0,0.0206175279648986
28080,2023-06-30,2,competitive_mid_market,0.0,-1.0,0.0392159004454086
28080,2023-07-31,2,competitive_mid_market,0.0,-1.0,0.0642664188556767
28080,2023-08-31,2,competitive_mid_market,0.0,-1.0,0.1189645167611653
28080,2023-09-30,2,competitive_mid_market,0.0,-1.0,0.333081637284936
28080,2023-10-31,2,competitive_mid_market,0.0,-1.0,0.2983303334992645
28080,2023-11-30,2,competitive_mid_market,0.0,-1.0,0.4601093454900001
28080,2023-12-31,2,competitive_mid_market,0.0,-1.0,0.3831151213713301
28081,2023-01-31,3,affordable_high_demand,0.0,-1.0,0.011651356222434
28081,2023-02-28,3,affordable_high_demand,0.0,-1.0,0.0185628142614941
28081,2023-03-31,3,affordable_high_demand,0.0,-1.0,0.0174675938594336
28081,2023-04-30,3,affordable_high_demand,0.0,-1.0,0.0256792157545802
28081,2023-05-31,3,affordable_high_demand,0.0,-1.0,0.047783805629785
28081,2023-06-30,3,affordable_high_demand,0.0,-1.0,0.1266689512667762
28081,2023-07-31,3,affordable_high_demand,0.0,-1.0,0.2705056117291667
28081,2023-08-31,3,affordable_high_demand,0.0,-1.0,0.333336277184079
28081,2023-09-30,3,affordable_high_demand,0.0,-1.0,0.3538380137606796
28081,2023-10-31,3,affordable_high_demand,0.0,0.0,0.3348378662903026
28081,2023-11-30,3,affordable_high_demand,0.0,0.0,0.3054269463600521
28081,2023-12-31,3,affordable_high_demand,0.0,0.0,0.370012220179278
28083,2023-01-31,3,affordable_high_demand,0.0,-1.0,0.0109540571733952
28083,2023-02-28,3,affordable_high_demand,0.0,-1.0,0.0161851748206059
28083,2023-03-31,3,affordable_high_demand,0.0,-1.0,0.024007748964221
28083,2023-04-30,3,affordable_high_demand,0.0,-1.0,0.0283056095003238
28083,2023-05-31,3,affordable_high_demand,0.0,-1.0,0.0574226029411133
28083,2023-06-30,3,affordable_high_demand,0.0,-1.0,0.1745166069369524
28083,2023-07-31,3,affordable_high_demand,0.0,-1.0,0.2261425484977972
28083,2023-08-31,3,affordable_high_demand,0.0,0.0,0.3358464149607894
28083,2023-09-30,3,affordable_high_demand,0.0,0.0,0.4879315376849126
28083,2023-10-31,3,affordable_high_demand,0.0,0.0,0.47533370063793
28083,2023-11-30,3,affordable_high_demand,0.0,0.0,0.3279898197587423
28083,2023-12-31,3,affordable_high_demand,0.0,0.0,0.3890816448453252
28086,2023-01-31,3,affordable_high_demand,0.0,-1.0,0.0230645868618557
28086,2023-02-28,3,affordable_high_demand,0.0,0.0,0.0727409368034254
28086,2023-03-31,3,affordable_high_demand,0.0,0.0,0.0641154177883626
28086,2023-04-30,3,affordable_high_demand,0.0,-1.0,0.1287277331081227
28086,2023-05-31,3,affordable_high_demand,0.0,-1.0,0.2100793228692258
28086,2023-06-30,3,affordable_high_demand,0.0,-1.0,0.2364147318351995
28086,2023-07-31,3,affordable_high_demand,0.0,-1.0,0.2674381719871441
28086,2023-08-31,3,affordable_high_demand,0.0,-1.0,0.2437947005552781
28086,2023-09-30,3,affordable_high_demand,0.0,-1.0,0.1808928728815374
28086,2023-10-31,3,affordable_high_demand,0.0,-1.0,0.1406509592266602
28086,2023-11-30,3,affordable_high_demand,0.0,0.0,0.0911112915900082
28086,2023-12-31,3,affordable_high_demand,0.0,0.0,0.0790240338152129
28088,2023-01-31,3,affordable_high_demand,0.0,-1.0,0.0176634784662179
28088,2023-02-28,3,affordable_high_demand,0.0,-1.0,0.0216683766486609
28088,2023-03-31,3,affordable_high_demand,0.0,-1.0,0.0195300306686699
28088,2023-04-30,3,affordable_high_demand,0.0,-1.0,0.0253238930319546
28088,2023-05-31,3,affordable_high_demand,0.0,-1.0,0.0237553219258496
28088,2023-06-30,3,affordable_high_demand,0.0,-1.0,0.0411111225920698
28088,2023-07-31,3,affordable_high_demand,0.0,-1.0,0.0504634650520124
28088,2023-08-31,3,affordable_high_demand,0.0,-1.0,0.1974353797289229
28088,2023-09-30,3,affordable_high_demand,0.0,0.0,0.301720066011589
28088,2023-10-31,3,affordable_high_demand,0.0,0.0,0.6080324416657796
28088,2023-11-30,3,affordable_high_demand,0.0,0.0,0.5947396176097609
28088,2023-12-31,3,affordable_high_demand,0.0,0.0,0.5749762360421101
28092,2023-01-31,3,affordable_high_demand,0.0,-1.0,0.0084456985021687
28092,2023-02-28,3,affordable_high_demand,0.0,-1.0,0.009982249284989
28092,2023-03-31,3,affordable_high_demand,0.0,-1.0,0.0173631069885243
28092,2023-04-30,3,affordable_high_demand,0.0,-1.0,0.018083076116108
28092,2023-05-31,3,affordable_high_demand,0.0,-1.0,0.0261562113200271
28092,2023-06-30,3,affordable_high_demand,0.0,-1.0,0.1230744226112563
28092,2023-07-31,3,affordable_high_demand,0.0,-1.0,0.1294193928014996
28092,2023-08-31,3,affordable_high_demand,0.0,0.0,0.4792471339419153
28092,2023-09-30,3,affordable_high_demand,0.0,0.0,0.6365113421658596
28092,2023-10-31,3,affordable_high_demand,0.0,0.0,0.4652232074536953
28092,2023-11-30,3,affordable_high_demand,0.0,0.0,0.4050383584594984
28092,2023-12-31,3,affordable_high_demand,0.0,0.0,0.3086604897009067
28097,2023-01-31,3,affordable_high_demand,0.0,-1.0,0.0334734256263606
28097,2023-02-28,3,affordable_high_demand,0.0,-1.0,0.0466187631149887
28097,2023-03-31,3,affordable_high_demand,0.0,-1.0,0.0492439669889516
28097,2023-04-30,3,affordable_high_demand,0.0,-1.0,0.0159831491767097
28097,2023-05-31,3,affordable_high_demand,0.0,0.0,0.017759201126869
28097,2023-06-30,3,affordable_high_demand,0.0,0.0,0.0336198040661413
28097,2023-07-31,3,affordable_high_demand,0.0,0.0,0.1876976286180441
28097,2023-08-31,3,affordable_high_demand,0.0,0.0,0.1446954945703696
28097,2023-09-30,3,affordable_high_demand,0.0,0.0,0.1472119239733506
28097,2023-10-31,3,affordable_high_demand,0.0,0.0,0.239411624879842
28097,2023-11-30,3,affordable_high_demand,0.0,0.0,0.3281104091045578
28097,2023-12-31,3,affordable_high_demand,0.0,0.0,0.3481851835995682
28098,2023-01-31,4,moderate_supply_growing,0.0,-1.0,0.027985708950037
28098,2023-02-28,4,moderate_supply_growing,0.0,-1.0,0.0177522180652145
28098,2023-03-31,4,moderate_supply_growing,0.0,-1.0,0.0176149949514904
28098,2023-04-30,4,moderate_supply_growing,0.0,-1.0,0.0103567420832716
28098,2023-05-31,4,moderate_supply_growing,0.0,-1.0,0.345053283242769
28098,2023-06-30,4,moderate_supply_growing,0.0,0.0,0.3652343888910064
28098,2023-07-31,4,moderate_supply_growing,0.0,0.0,0.4086582328526161
28098,2023-08-31,4,moderate_supply_growing,0.0,0.0,0.6835115303408972
28098,2023-09-30,4,moderate_supply_growing,0.0,0.0,0.5953049623328623
28098,2023-10-31,4,moderate_supply_growing,0.0,0.0,0.6147026021637785
28098,2023-11-30,4,moderate_supply_growing,0.0,0.0,0.4896174760917474
28098,2023-12-31,4,moderate_supply_growing,1.0,1.0,0.8813792432544785
28103,2023-01-31,3,affordable_high_demand,0.0,0.0,0.0753186187583092
28103,2023-02-28,3,affordable_high_demand,0.0,0.0,0.0171272576817892
28103,2023-03-31,3,affordable_high_demand,0.0,-1.0,0.0542581036323521
28103,2023-04-30,3,affordable_high_demand,0.0,-1.0,0.1069197386481926
28103,2023-05-31,3,affordable_high_demand,0.0,-1.0,0.0689991633769045
28103,2023-06-30,3,affordable_high_demand,0.0,-1.0,0.1051942368379445
28103,2023-07-31,3,affordable_high_demand,0.0,0.0,0.1300783513754246
28103,2023-08-31,3,affordable_high_demand,0.0,0.0,0.233657912448096
28103,2023-09-30,3,affordable_high_demand,0.0,0.0,0.3335488560256369
28103,2023-10-31,3,affordable_high_demand,0.0,0.0,0.223353074428554
28103,2023-11-30,3,affordable_high_demand,0.0,0.0,0.2604445203129843
28103,2023-12-31,3,affordable_high_demand,0.0,0.0,0.2198250714004658
28104,2023-01-31,2,competitive_mid_market,0.0,0.0,0.016856867722308
28104,2023-02-28,2,competitive_mid_market,0.0,0.0,0.0128720054202384
28104,2023-03-31,2,competitive_mid_market,0.0,-1.0,0.0101203953052301
28104,2023-04-30,2,competitive_mid_market,0.0,-1.0,0.0466596279938805
28104,2023-05-31,2,competitive_mid_market,0.0,-1.0,0.0851329306134057
28104,2023-06-30,2,competitive_mid_market,0.0,-1.0,0.5229974171481828
28104,2023-07-31,2,competitive_mid_market,0.0,0.0,0.3152506509117109
28104,2023-08-31,2,competitive_mid_market,0.0,0.0,0.3011307730538107
28104,2023-09-30,2,competitive_mid_market,0.0,0.0,0.4259814670200998
28104,2023-10-31,2,competitive_mid_market,0.0,0.0,0.5162890003934177
28104,2023-11-30,2,competitive_mid_market,0.0,0.0,0.4825935663260266
28104,2023-12-31,2,competitive_mid_market,0.0,0.0,0.673620568819915
28105,2023-01-31,2,competitive_mid_market,0.0,-1.0,0.0074264367111641
28105,2023-02-28,2,competitive_mid_market,0.0,0.0,0.0118152309760974
28105,2023-03-31,2,competitive_mid_market,0.0,-1.0,0.009423851472152
28105,2023-04-30,2,competitive_mid_market,0.0,-1.0,0.0509901811779164
28105,2023-05-31,2,competitive_mid_market,0.0,-1.0,0.1530222284854938
28105,2023-06-30,2,competitive_mid_market,0.0,0.0,0.4431369127213653
28105,2023-07-31,2,competitive_mid_market,0.0,0.0,0.4873709089281289
28105,2023-08-31,2,competitive_mid_market,0.0,0.0,0.4671733259909719
28105,2023-09-30,2,competitive_mid_market,0.0,0.0,0.540498798553278
28105,2023-10-31,2,competitive_mid_market,0.0,0.0,0.3620416856964599
28105,2023-11-30,2,competitive_mid_market,0.0,0.0,0.3922852850188027
28105,2023-12-31,2,competitive_mid_market,0.0,0.0,0.5927933949418742
28107,2023-01-31,2,competitive_mid_market,0.0,-1.0,0.0199831143354839
28107,2023-02-28,2,competitive_mid_market,0.0,-1.0,0.0356087154219395
28107,2023-03-31,2,competitive_mid_market,0.0,-1.0,0.0333776916700675
28107,2023-04-30,2,competitive_mid_market,0.0,-1.0,0.1338921187983913
28107,2023-05-31,2,competitive_mid_market,0.0,-1.0,0.0762078911073359
28107,2023-06-30,2,competitive_mid_market,0.0,-1.0,0.0665847347945148
28107,2023-07-31,2,competitive_mid_market,0.0,-1.0,0.1460725656718812
28107,2023-08-31,2,competitive_mid_market,0.0,-1.0,0.213889750761467
28107,2023-09-30,2,competitive_mid_market,0.0,-1.0,0.5482594662125576
28107,2023-10-31,2,competitive_mid_market,0.0,0.0,0.5567251627110535
28107,2023-11-30,2,competitive_mid_market,0.0,0.0,0.5772043418837419
28107,2023-12-31,2,competitive_mid_market,0.0,0.0,0.4315187433063989
28110,2023-01-31,3,affordable_high_demand,0.0,-1.0,0.012481160207157
28110,2023-02-28,3,affordable_high_demand,0.0,-1.0,0.0209732270168284
28110,2023-03-31,3,affordable_high_demand,0.0,-1.0,0.0214110126193345
28110,2023-04-30,3,affordable_high_demand,0.0,-1.0,0.0254159008802589
28110,2023-05-31,3,affordable_high_demand,0.0,-1.0,0.0838269487209452
28110,2023-06-30,3,affordable_high_demand,0.0,-1.0,0.2537480910963935
28110,2023-07-31,3,affordable_high_demand,0.0,-1.0,0.4506201384480315
28110,2023-08-31,3,affordable_high_demand,0.0,0.0,0.4080150294591758
28110,2023-09-30,3,affordable_high_demand,0.0,0.0,0.462061716138693
28110,2023-10-31,3,affordable_high_demand,0.0,0.0,0.4206149275468905
28110,2023-11-30,3,affordable_high_demand,0.0,0.0,0.3101980926563002
28110,2023-12-31,3,affordable_high_demand,0.0,0.0,0.2918673440671652
28112,2023-01-31,3,affordable_high_demand,0.0,-1.0,0.0125974883241468
28112,2023-02-28,3,affordable_high_demand,0.0,-1.0,0.0169379392177647
28112,2023-03-31,3,affordable_high_demand,0.0,-1.0,0.0135148688621886
28112,2023-04-30,3,affordable_high_demand,0.0,-1.0,0.0313747200556341
28112,2023-05-31,3,affordable_high_demand,0.0,-1.0,0.0339799456317919
28112,2023-06-30,3,affordable_high_demand,0.0,-1.0,0.1848604627966548
28112,2023-07-31,3,affordable_high_demand,0.0,-1.0,0.1740154252310025
28112,2023-08-31,3,affordable_high_demand,0.0,0.0,0.4694253767797458
28112,2023-09-30,3,affordable_high_demand,0.0,0.0,0.6163696469442056
28112,2023-10-31,3,affordable_high_demand,0.0,0.0,0.5598660075972051
28112,2023-11-30,3,affordable_high_demand,0.0,0.0,0.4364600866256401
28112,2023-12-31,3,affordable_high_demand,0.0,0.0,0.3009983699757623
28114,2023-01-31,1,low_activity_cooling,0.0,0.0,0.0779493519073768
28114,2023-02-28,1,low_activity_cooling,0.0,0.0,0.0304655246799257
28114,2023-03-31,1,low_activity_cooling,0.0,-1.0,0.01628940852767
28114,2023-04-30,1,low_activity_cooling,0.0,-1.0,0.0954753391500099
28114,2023-05-31,1,low_activity_cooling,0.0,-1.0,0.0401090154880352
28114,2023-06-30,1,low_activity_cooling,0.0,-1.0,0.071575434378504
28114,2023-07-31,1,low_activity_cooling,0.0,-1.0,0.1797394141417272
28114,2023-08-31,1,low_activity_cooling,0.0,0.0,0.199802480174236
28114,2023-09-30,1,low_activity_cooling,0.0,0.0,0.7360004230916456
28114,2023-10-31,1,low_activity_cooling,0.0,0.0,0.4750775310365079
28114,2023-11-30,1,low_activity_cooling,0.0,0.0,0.4044099601625651
28114,2023-12-31,1,low_activity_cooling,0.0,0.0,0.098696293193104
28115,2023-01-31,2,competitive_mid_market,0.0,-1.0,0.021384171517365
28115,2023-02-28,2,competitive_mid_market,0.0,-1.0,0.0155679122481746
28115,2023-03-31,2,competitive_mid_market,0.0,-1.0,0.025541204937972
28115,2023-04-30,2,competitive_mid_market,0.0,-1.0,0.0314136441313113
28115,2023-05-31,2,competitive_mid_market,0.0,-1.0,0.0453985667534354
28115,2023-06-30,2,competitive_mid_market,0.0,-1.0,0.1378204595278598
28115,2023-07-31,2,competitive_mid_market,0.0,-1.0,0.3432987370744455
28115,2023-08-31,2,competitive_mid_market,0.0,0.0,0.2676864717718419
28115,2023-09-30,2,competitive_mid_market,0.0,0.0,0.1332002448014359
28115,2023-10-31,2,competitive_mid_market,0.0,0.0,0.1266212901218038
28115,2023-11-30,2,competitive_mid_market,0.0,0.0,0.1020266529098407
28115,2023-12-31,2,competitive_mid_market,0.0,0.0,0.074887320957542
28117,2023-01-31,2,competitive_mid_market,0.0,-1.0,0.0134413893443876
28117,2023-02-28,2,competitive_mid_market,0.0,-1.0,0.0146817446797486
28117,2023-03-31,2,competitive_mid_market,0.0,-1.0,0.0138664061411625
28117,2023-04-30,2,competitive_mid_market,0.0,-1.0,0.0592252372263471
28117,2023-05-31,2,competitive_mid_market,0.0,-1.0,0.0981281133003267
28117,2023-06-30,2,competitive_mid_market,0.0,-1.0,0.6264009540980737
28117,2023-07-31,2,competitive_mid_market,0.0,-1.0,0.5657368405044134
28117,2023-08-31,2,competitive_mid_market,0.0,0.0,0.3139499857314695
28117,2023-09-30,2,competitive_mid_market,0.0,0.0,0.3987887242604389
28117,2023-10-31,2,competitive_mid_market,0.0,0.0,0.4430679306732043
28117,2023-11-30,2,competitive_mid_market,0.0,0.0,0.3520231249278379
28117,2023-12-31,2,competitive_mid_market,0.0,0.0,0.218190891968947
28120,2023-01-31,3,affordable_high_demand,0.0,-1.0,0.0103024501819487
28120,2023-02-28,3,affordable_high_demand,0.0,-1.0,0.0231222519122652
28120,2023-03-31,3,affordable_high_demand,0.0,-1.0,0.0158971345595409
28120,2023-04-30,3,affordable_high_demand,0.0,-1.0,0.0244597325120618
28120,2023-05-31,3,affordable_high_demand,0.0,-1.0,0.0254873364713937
28120,2023-06-30,3,affordable_high_demand,0.0,-1.0,0.0570057620708541
28120,2023-07-31,3,affordable_high_demand,0.0,0.0,0.2827487314557176
28120,2023-08-31,3,affordable_high_demand,0.0,0.0,0.1848345511396779
28120,2023-09-30,3,affordable_high_demand,0.0,0.0,0.2570933323178328
28120,2023-10-31,3,affordable_high_demand,0.0,0.0,0.2130519301604176
28120,2023-11-30,3,affordable_high_demand,0.0,0.0,0.1517471441149168
28120,2023-12-31,3,affordable_high_demand,0.0,0.0,0.1749505801577616
28124,2023-01-31,3,affordable_high_demand,0.0,-1.0,0.0077416032558749
28124,2023-02-28,3,affordable_high_demand,0.0,-1.0,0.0157455225953083
28124,2023-03-31,3,affordable_high_demand,0.0,-1.0,0.0473280977140535
28124,2023-04-30,3,affordable_high_demand,0.0,0.0,0.0570466120515732
28124,2023-05-31,3,affordable_high_demand,0.0,0.0,0.196951726072729
28124,2023-06-30,3,affordable_high_demand,0.0,0.0,0.1415064972902798
28124,2023-07-31,3,affordable_high_demand,0.0,0.0,0.33677388573973
28124,2023-08-31,3,affordable_high_demand,0.0,0.0,0.4412243117385948
28124,2023-09-30,3,affordable_high_demand,0.0,0.0,0.4974084246351722
28124,2023-10-31,3,affordable_high_demand,0.0,0.0,0.4053657275631826
28124,2023-11-30,3,affordable_high_demand,0.0,0.0,0.2003120964999635
28124,2023-12-31,3,affordable_high_demand,0.0,0.0,0.1440256784322324
28125,2023-01-31,1,low_activity_cooling,0.0,-1.0,0.0421267209809954
28125,2023-02-28,1,low_activity_cooling,0.0,-1.0,0.061721862688239
28125,2023-03-31,1,low_activity_cooling,0.0,-1.0,0.0130526594658158
28125,2023-04-30,1,low_activity_cooling,0.0,-1.0,0.0475297991791225
28125,2023-05-31,1,low_activity_cooling,0.0,-1.0,0.2709758570181045
28125,2023-06-30,1,low_activity_cooling,0.0,-1.0,0.1159405523996242
28125,2023-07-31,1,low_activity_cooling,0.0,0.0,0.4032826421998079
28125,2023-08-31,1,low_activity_cooling,0.0,0.0,0.4095201120869907
28125,2023-09-30,1,low_activity_cooling,0.0,0.0,0.8849036327404576
28125,2023-10-31,1,low_activity_cooling,0.0,0.0,0.8883436246298847
28125,2023-11-30,1,low_activity_cooling,0.0,0.0,0.87808847293935
28125,2023-12-31,1,low_activity_cooling,0.0,0.0,0.7221884979743148
28127,2023-01-31,0,high_value_appreciating,0.0,-1.0,0.0355295073507991
28127,2023-02-28,0,high_value_appreciating,0.0,-1.0,0.0525934333762477
28127,2023-03-31,0,high_value_appreciating,0.0,-1.0,0.0342907124391251
28127,2023-04-30,0,high_value_appreciating,0.0,-1.0,0.0336967480811906
28127,2023-05-31,0,high_value_appreciating,0.0,-1.0,0.0553772135225491
28127,2023-06-30,0,high_value_appreciating,0.0,-1.0,0.2086044381182761
28127,2023-07-31,0,high_value_appreciating,0.0,0.0,0.241748891030068
28127,2023-08-31,0,high_value_appreciating,0.0,-1.0,0.3726241594189372
28127,2023-09-30,0,high_value_appreciating,0.0,0.0,0.5552488158954887
28127,2023-10-31,0,high_value_appreciating,0.0,0.0,0.5009268912377439
28127,2023-11-30,0,high_value_appreciating,0.0,0.0,0.4036068452736175
28127,2023-12-31,0,high_value_appreciating,0.0,0.0,0.2445828069981167
28128,2023-01-31,4,moderate_supply_growing,0.0,-1.0,0.0177720123980784
28128,2023-02-28,4,moderate_supply_growing,0.0,-1.0,0.0182900682504699
28128,2023-03-31,4,moderate_supply_growing,0.0,-1.0,0.0365125373169224
28128,2023-04-30,4,moderate_supply_growing,0.0,-1.0,0.0212177305079025
28128,2023-05-31,4,moderate_supply_growing,0.0,-1.0,0.0882830227397575
28128,2023-06-30,4,moderate_supply_growing,0.0,-1.0,0.0401923388989486
28128,2023-07-31,4,moderate_supply_growing,0.0,-1.0,0.0893278539683734
28128,2023-08-31,4,moderate_supply_growing,0.0,-1.0,0.2058567423202348
28128,2023-09-30,4,moderate_supply_growing,0.0,-1.0,0.4836905660605643
28128,2023-10-31,4,moderate_supply_growing,0.0,0.0,0.6184331030404427
28128,2023-11-30,4,moderate_supply_growing,0.0,0.0,0.5902003354616618
28128,2023-12-31,4,moderate_supply_growing,0.0,0.0,0.4392340048014898
28129,2023-01-31,3,affordable_high_demand,0.0,0.0,0.0279695502495374
28129,2023-02-28,3,affordable_high_demand,0.0,-1.0,0.0543655052628738
28129,2023-03-31,3,affordable_high_demand,0.0,0.0,0.0473486342842471
28129,2023-04-30,3,affordable_high_demand,0.0,-1.0,0.0474516891566381
28129,2023-05-31,3,affordable_high_demand,0.0,0.0,0.0905370303464638
28129,2023-06-30,3,affordable_high_demand,0.0,0.0,0.1280781749711272
28129,2023-07-31,3,affordable_high_demand,0.0,-1.0,0.1785427129525124
28129,2023-08-31,3,affordable_high_demand,0.0,-1.0,0.2516575164580488
28129,2023-09-30,3,affordable_high_demand,0.0,-1.0,0.338408341626128
28129,2023-10-31,3,affordable_high_demand,0.0,-1.0,0.1861060180051971
28129,2023-11-30,3,affordable_high_demand,0.0,-1.0,0.1344895251392797
28129,2023-12-31,3,affordable_high_demand,0.0,-1.0,0.136445987965069
28133,2023-01-31,3,affordable_high_demand,0.0,-1.0,0.0275806335710847
28133,2023-02-28,3,affordable_high_demand,0.0,0.0,0.0748786186653187
28133,2023-03-31,3,affordable_high_demand,0.0,0.0,0.028481549932583
28133,2023-04-30,3,affordable_high_demand,0.0,0.0,0.2715581288355767
28133,2023-05-31,3,affordable_high_demand,0.0,0.0,0.3723914294397374
28133,2023-06-30,3,affordable_high_demand,0.0,0.0,0.2851825463460673
28133,2023-07-31,3,affordable_high_demand,0.0,0.0,0.4512177649272644
28133,2023-08-31,3,affordable_high_demand,0.0,0.0,0.6163005391683796
28133,2023-09-30,3,affordable_high_demand,0.0,0.0,0.5943616520421773
28133,2023-10-31,3,affordable_high_demand,0.0,0.0,0.280044109612686
28133,2023-11-30,3,affordable_high_demand,0.0,0.0,0.293431932772638
28133,2023-12-31,3,affordable_high_demand,0.0,0.0,0.1416201496172612
28134,2023-01-31,3,affordable_high_demand,0.0,-1.0,0.0135387939055288
28134,2023-02-28,3,affordable_high_demand,0.0,-1.0,0.0236157170119351
28134,2023-03-31,3,affordable_high_demand,0.0,-1.0,0.0169371994354299
28134,2023-04-30,3,affordable_high_demand,0.0,-1.0,0.0411991720755075
28134,2023-05-31,3,affordable_high_demand,0.0,-1.0,0.0783777069809268
28134,2023-06-30,3,affordable_high_demand,0.0,-1.0,0.1315822848326454
28134,2023-07-31,3,affordable_high_demand,0.0,0.0,0.1588250329390217
28134,2023-08-31,3,affordable_high_demand,0.0,0.0,0.2772910021115431
28134,2023-09-30,3,affordable_high_demand,0.0,0.0,0.265161859072024
28134,2023-10-31,3,affordable_high_demand,0.0,0.0,0.366346855582077
28134,2023-11-30,3,affordable_high_demand,0.0,0.0,0.4840622387460341
28134,2023-12-31,3,affordable_high_demand,0.0,0.0,0.5940390345203933
28137,2023-01-31,3,affordable_high_demand,0.0,0.0,0.0764440213220911
28137,2023-02-28,3,affordable_high_demand,0.0,0.0,0.3276330599274221
28137,2023-03-31,3,affordable_high_demand,1.0,1.0,0.033151045007568
28137,2023-04-30,3,affordable_high_demand,0.0,-1.0,0.0347405873782366
28137,2023-05-31,3,affordable_high_demand,0.0,-1.0,0.3413091314792043
28137,2023-06-30,3,affordable_high_demand,0.0,0.0,0.1571623045871297
28137,2023-07-31,3,affordable_high_demand,0.0,0.0,0.5349635842147294
28137,2023-08-31,3,affordable_high_demand,0.0,0.0,0.3566833183134655
28137,2023-09-30,3,affordable_high_demand,0.0,0.0,0.4012734602988883
28137,2023-10-31,3,affordable_high_demand,0.0,0.0,0.4838713637237512
28137,2023-11-30,3,affordable_high_demand,0.0,0.0,0.5056914878336405
28137,2023-12-31,3,affordable_high_demand,0.0,0.0,0.5959173335428268
28138,2023-01-31,3,affordable_high_demand,0.0,-1.0,0.0089153812287944
28138,2023-02-28,3,affordable_high_demand,0.0,-1.0,0.0263909172727411
28138,2023-03-31,3,affordable_high_demand,0.0,-1.0,0.0185051229789944
28138,2023-04-30,3,affordable_high_demand,0.0,0.0,0.0776708323163001
28138,2023-05-31,3,affordable_high_demand,0.0,0.0,0.103268885066711
28138,2023-06-30,3,affordable_high_demand,0.0,0.0,0.2850076364543708
28138,2023-07-31,3,affordable_high_demand,0.0,0.0,0.3901792560325427
28138,2023-08-31,3,affordable_high_demand,0.0,0.0,0.5379009654274876
28138,2023-09-30,3,affordable_high_demand,0.0,0.0,0.5942868200666283
28138,2023-10-31,3,affordable_high_demand,0.0,0.0,0.418220689955838
28138,2023-11-30,3,affordable_high_demand,0.0,0.0,0.4639369778166239
28138,2023-12-31,3,affordable_high_demand,0.0,0.0,0.2077376079144468
28139,2023-01-31,1,low_activity_cooling,0.0,-1.0,0.0162776766383618
28139,2023-02-28,1,low_activity_cooling,0.0,-1.0,0.0349015552371441
28139,2023-03-31,1,low_activity_cooling,0.0,-1.0,0.0281377977580685
28139,2023-04-30,1,low_activity_cooling,0.0,-1.0,0.0439784173389169
28139,2023-05-31,1,low_activity_cooling,0.0,-1.0,0.1194756803492977
28139,2023-06-30,1,low_activity_cooling,0.0,-1.0,0.0916892509106214
28139,2023-07-31,1,low_activity_cooling,0.0,-1.0,0.1443727610272289
28139,2023-08-31,1,low_activity_cooling,0.0,0.0,0.3219798978228114
28139,2023-09-30,1,low_activity_cooling,0.0,0.0,0.4483492184601955
28139,2023-10-31,1,low_activity_cooling,0.0,0.0,0.7000910303306772
28139,2023-11-30,1,low_activity_cooling,0.0,0.0,0.7728750314750319
28139,2023-12-31,1,low_activity_cooling,0.0,0.0,0.5242846804227064
28144,2023-01-31,3,affordable_high_demand,0.0,-1.0,0.0167907980439991
28144,2023-02-28,3,affordable_high_demand,0.0,-1.0,0.0206144196609286
28144,2023-03-31,3,affordable_high_demand,0.0,-1.0,0.0211927211029685
28144,2023-04-30,3,affordable_high_demand,0.0,-1.0,0.0445142432481327
28144,2023-05-31,3,affordable_high_demand,0.0,-1.0,0.07575752985302
28144,2023-06-30,3,affordable_high_demand,0.0,-1.0,0.2271440176670106
28144,2023-07-31,3,affordable_high_demand,0.0,-1.0,0.2642005446652352
28144,2023-08-31,3,affordable_high_demand,0.0,-1.0,0.5028986054125832
28144,2023-09-30,3,affordable_high_demand,0.0,0.0,0.5611781734558994
28144,2023-10-31,3,affordable_high_demand,0.0,0.0,0.5883218472502986
28144,2023-11-30,3,affordable_high_demand,0.0,0.0,0.2963385469543353
28144,2023-12-31,3,affordable_high_demand,0.0,0.0,0.3248514704007307
28146,2023-01-31,3,affordable_high_demand,0.0,-1.0,0.0186541539675343
28146,2023-02-28,3,affordable_high_demand,0.0,-1.0,0.0284580953334606
28146,2023-03-31,3,affordable_high_demand,0.0,-1.0,0.0206556698567339
28146,2023-04-30,3,affordable_high_demand,0.0,-1.0,0.0511817584042509
28146,2023-05-31,3,affordable_high_demand,0.0,-1.0,0.1232078706721462
28146,2023-06-30,3,affordable_high_demand,0.0,-1.0,0.1967983303391383
28146,2023-07-31,3,affordable_high_demand,0.0,0.0,0.1484591336425261
28146,2023-08-31,3,affordable_high_demand,0.0,0.0,0.362448753949033
28146,2023-09-30,3,affordable_high_demand,0.0,0.0,0.4205137146972867
28146,2023-10-31,3,affordable_high_demand,0.0,0.0,0.5272638753177499
28146,2023-11-30,3,affordable_high_demand,0.0,0.0,0.2747170398501107
28146,2023-12-31,3,affordable_high_demand,0.0,0.0,0.3575785437045871
28147,2023-01-31,3,affordable_high_demand,0.0,-1.0,0.0182899743975656
28147,2023-02-28,3,affordable_high_demand,0.0,-1.0,0.025777688391265
28147,2023-03-31,3,affordable_high_demand,0.0,-1.0,0.0125480463142891
28147,2023-04-30,3,affordable_high_demand,0.0,-1.0,0.0314912767872535
28147,2023-05-31,3,affordable_high_demand,0.0,-1.0,0.0444144952845927
28147,2023-06-30,3,affordable_high_demand,0.0,-1.0,0.0857095556396009
28147,2023-07-31,3,affordable_high_demand,0.0,0.0,0.1606500990371057
28147,2023-08-31,3,affordable_high_demand,0.0,0.0,0.2155033546656165
28147,2023-09-30,3,affordable_high_demand,0.0,0.0,0.3243217569086243
28147,2023-10-31,3,affordable_high_demand,0.0,0.0,0.2326857540428405
28147,2023-11-30,3,affordable_high_demand,0.0,0.0,0.1870070990971836
28147,2023-12-31,3,affordable_high_demand,0.0,0.0,0.2991163311215336
28159,2023-01-31,3,affordable_high_demand,0.0,0.0,0.0360571991299341
28159,2023-02-28,3,affordable_high_demand,0.0,-1.0,0.0194021170576499
28159,2023-03-31,3,affordable_high_demand,0.0,-1.0,0.0134398228701738
28159,2023-04-30,3,affordable_high_demand,0.0,-1.0,0.0362830403577197
28159,2023-05-31,3,affordable_high_demand,0.0,-1.0,0.089311608027107
28159,2023-06-30,3,affordable_high_demand,0.0,-1.0,0.0489485539086826
28159,2023-07-31,3,affordable_high_demand,0.0,-1.0,0.1917187063733377
28159,2023-08-31,3,affordable_high_demand,0.0,-1.0,0.1819162217998738
28159,2023-09-30,3,affordable_high_demand,0.0,-1.0,0.29000924310057
28159,2023-10-31,3,affordable_high_demand,0.0,0.0,0.53894856320277
28159,2023-11-30,3,affordable_high_demand,0.0,0.0,0.4115866943627943
28159,2023-12-31,3,affordable_high_demand,0.0,0.0,0.3529369694561257
28160,2023-01-31,3,affordable_high_demand,0.0,0.0,0.0502136664477718
28160,2023-02-28,3,affordable_high_demand,0.0,0.0,0.0372873645774057
28160,2023-03-31,3,affordable_high_demand,0.0,0.0,0.0304004931988962
28160,2023-04-30,3,affordable_high_demand,0.0,-1.0,0.0606928635128045
28160,2023-05-31,3,affordable_high_demand,0.0,-1.0,0.0889589610492798
28160,2023-06-30,3,affordable_high_demand,0.0,0.0,0.0520034646248491
28160,2023-07-31,3,affordable_high_demand,0.0,0.0,0.2242541971943411
28160,2023-08-31,3,affordable_high_demand,0.0,0.0,0.358960940620881
28160,2023-09-30,3,affordable_high_demand,0.0,0.0,0.2945709040101692
28160,2023-10-31,3,affordable_high_demand,0.0,0.0,0.3553955861086083
28160,2023-11-30,3,affordable_high_demand,0.0,0.0,0.2653649396305254
28160,2023-12-31,3,affordable_high_demand,0.0,0.0,0.2707324512592945
28163,2023-01-31,3,affordable_high_demand,0.0,0.0,0.066571821946093
28163,2023-02-28,3,affordable_high_demand,0.0,-1.0,0.0764487856688083
28163,2023-03-31,3,affordable_high_demand,0.0,-1.0,0.0353523358106216
28163,2023-04-30,3,affordable_high_demand,0.0,-1.0,0.0484273102741898
28163,2023-05-31,3,affordable_high_demand,0.0,-1.0,0.0973639428531074
28163,2023-06-30,3,affordable_high_demand,0.0,-1.0,0.057076166944714
28163,2023-07-31,3,affordable_high_demand,0.0,-1.0,0.0872127053298386
28163,2023-08-31,3,affordable_high_demand,0.0,-1.0,0.1718733612062128
28163,2023-09-30,3,affordable_high_demand,0.0,-1.0,0.2266613548061737
28163,2023-10-31,3,affordable_high_demand,0.0,-1.0,0.3416064935844355
28163,2023-11-30,3,affordable_high_demand,0.0,0.0,0.2201433745935664
28163,2023-12-31,3,affordable_high_demand,0.0,0.0,0.266464022017877
28164,2023-01-31,3,affordable_high_demand,0.0,-1.0,0.0123874739286175
28164,2023-02-28,3,affordable_high_demand,0.0,-1.0,0.0203624658383192
28164,2023-03-31,3,affordable_high_demand,0.0,-1.0,0.0254305006881867
28164,2023-04-30,3,affordable_high_demand,0.0,-1.0,0.0265506567211167
28164,2023-05-31,3,affordable_high_demand,0.0,-1.0,0.0518998653340782
28164,2023-06-30,3,affordable_high_demand,0.0,-1.0,0.0831122004722275
28164,2023-07-31,3,affordable_high_demand,0.0,-1.0,0.146170330196291
28164,2023-08-31,3,affordable_high_demand,0.0,0.0,0.3288696653160147
28164,2023-09-30,3,affordable_high_demand,0.0,0.0,0.7381963139491933
28164,2023-10-31,3,affordable_high_demand,0.0,0.0,0.594637323743341
28164,2023-11-30,3,affordable_high_demand,0.0,0.0,0.5631133273429443
28164,2023-12-31,3,affordable_high_demand,0.0,0.0,0.4197078906454894
28166,2023-01-31,3,affordable_high_demand,0.0,-1.0,0.0936610089085481
28166,2023-02-28,3,affordable_high_demand,0.0,-1.0,0.1379618175089795
28166,2023-03-31,3,affordable_high_demand,0.0,0.0,0.1545429495990819
28166,2023-04-30,3,affordable_high_demand,0.0,0.0,0.1109283419318111
28166,2023-05-31,3,affordable_high_demand,0.0,0.0,0.0522568780918388
28166,2023-06-30,3,affordable_high_demand,0.0,-1.0,0.0448605568535037
28166,2023-07-31,3,affordable_high_demand,0.0,0.0,0.1517855921324314
28166,2023-08-31,3,affordable_high_demand,0.0,0.0,0.260163211347357
28166,2023-09-30,3,affordable_high_demand,0.0,0.0,0.2705413064487844
28166,2023-10-31,3,affordable_high_demand,0.0,0.0,0.3955497626057886
28166,2023-11-30,3,affordable_high_demand,0.0,0.0,0.2515715178718591
28166,2023-12-31,3,affordable_high_demand,0.0,0.0,0.122305929787781
28167,2023-01-31,1,low_activity_cooling,0.0,0.0,0.0260474349698492
28167,2023-02-28,1,low_activity_cooling,0.0,-1.0,0.1296993483097051
28167,2023-03-31,1,low_activity_cooling,0.0,0.0,0.0644315371535777
28167,2023-04-30,1,low_activity_cooling,0.0,0.0,0.1809708555739155
28167,2023-05-31,1,low_activity_cooling,0.0,0.0,0.3193517963750571
28167,2023-06-30,1,low_activity_cooling,0.0,0.0,0.0463420140422604
28167,2023-07-31,1,low_activity_cooling,0.0,0.0,0.1923548086736306
28167,2023-08-31,1,low_activity_cooling,0.0,0.0,0.6292822610941181
28167,2023-09-30,1,low_activity_cooling,0.0,0.0,0.4898124957678533
28167,2023-10-31,1,low_activity_cooling,0.0,0.0,0.3189586272175747
28167,2023-11-30,1,low_activity_cooling,0.0,0.0,0.1587525312847097
28167,2023-12-31,1,low_activity_cooling,0.0,0.0,0.3497577915924252
28168,2023-01-31,3,affordable_high_demand,0.0,-1.0,0.0109994279785331
28168,2023-02-28,3,affordable_high_demand,0.0,-1.0,0.0325570892523083
28168,2023-03-31,3,affordable_high_demand,0.0,0.0,0.016869259057106
28168,2023-04-30,3,affordable_high_demand,0.0,-1.0,0.0388008624548686
28168,2023-05-31,3,affordable_high_demand,0.0,-1.0,0.072343879555984
28168,2023-06-30,3,affordable_high_demand,0.0,0.0,0.2226371434146311
28168,2023-07-31,3,affordable_high_demand,0.0,0.0,0.1357956421171118
28168,2023-08-31,3,affordable_high_demand,0.0,0.0,0.423668272580829
28168,2023-09-30,3,affordable_high_demand,0.0,0.0,0.3826021268249453
28168,2023-10-31,3,affordable_high_demand,0.0,0.0,0.5818257982205299
28168,2023-11-30,3,affordable_high_demand,0.0,0.0,0.5677510541966618
28168,2023-12-31,3,affordable_high_demand,0.0,0.0,0.563511894409058
28170,2023-01-31,3,affordable_high_demand,0.0,0.0,0.0985672500949917
28170,2023-02-28,3,affordable_high_demand,0.0,0.0,0.0956967254182962
28170,2023-03-31,3,affordable_high_demand,0.0,0.0,0.1646500020291568
28170,2023-04-30,3,affordable_high_demand,0.0,0.0,0.2290034909830487
28170,2023-05-31,3,affordable_high_demand,0.0,0.0,0.6191646153655321
28170,2023-06-30,3,affordable_high_demand,0.0,0.0,0.6626713032945801
28170,2023-07-31,3,affordable_high_demand,0.0,0.0,0.3961461753458904
28170,2023-08-31,3,affordable_high_demand,0.0,0.0,0.2937305784907956
28170,2023-09-30,3,affordable_high_demand,0.0,0.0,0.1816876160353338
28170,2023-10-31,3,affordable_high_demand,0.0,0.0,0.0899005469593648
28170,2023-11-30,3,affordable_high_demand,0.0,0.0,0.1005335742929365
28170,2023-12-31,3,affordable_high_demand,0.0,0.0,0.0484791543000599
28173,2023-01-31,2,competitive_mid_market,0.0,-1.0,0.0099682490954519
28173,2023-02-28,2,competitive_mid_market,0.0,-1.0,0.0116920887577822
28173,2023-03-31,2,competitive_mid_market,0.0,-1.0,0.0117531506243774
28173,2023-04-30,2,competitive_mid_market,0.0,-1.0,0.039055121421107
28173,2023-05-31,2,competitive_mid_market,0.0,-1.0,0.2241332431692317
28173,2023-06-30,2,competitive_mid_market,0.0,-1.0,0.6854145508384147
28173,2023-07-31,2,competitive_mid_market,0.0,-1.0,0.3811703939950915
28173,2023-08-31,2,competitive_mid_market,0.0,0.0,0.4497725030533337
28173,2023-09-30,2,competitive_mid_market,0.0,0.0,0.4680650509041373
28173,2023-10-31,2,competitive_mid_market,0.0,0.0,0.3236769456083642
28173,2023-11-30,2,competitive_mid_market,0.0,0.0,0.2812741044999018
28173,2023-12-31,2,competitive_mid_market,0.0,0.0,0.3924278181336932
28174,2023-01-31,3,affordable_high_demand,0.0,-1.0,0.0088479486352415
28174,2023-02-28,3,affordable_high_demand,0.0,-1.0,0.030333200351455
28174,2023-03-31,3,affordable_high_demand,0.0,-1.0,0.0301934570297078
28174,2023-04-30,3,affordable_high_demand,0.0,-1.0,0.045623170799778
28174,2023-05-31,3,affordable_high_demand,0.0,-1.0,0.0541990306380249
28174,2023-06-30,3,affordable_high_demand,0.0,0.0,0.1039712365040626
28174,2023-07-31,3,affordable_high_demand,0.0,0.0,0.3232544713411778
28174,2023-08-31,3,affordable_high_demand,0.0,0.0,0.3630310782934596
28174,2023-09-30,3,affordable_high_demand,0.0,0.0,0.3128571070528219
28174,2023-10-31,3,affordable_high_demand,0.0,-1.0,0.4335886568717649
28174,2023-11-30,3,affordable_high_demand,0.0,-1.0,0.285798667688907
28174,2023-12-31,3,affordable_high_demand,0.0,-1.0,0.2508334148621773
28202,2023-01-31,2,competitive_mid_market,0.0,-1.0,0.0241634667333
28202,2023-02-28,2,competitive_mid_market,0.0,-1.0,0.0298562503319491
28202,2023-03-31,2,competitive_mid_market,0.0,-1.0,0.0815458011439627
28202,2023-04-30,2,competitive_mid_market,0.0,-1.0,0.0865009842516935
28202,2023-05-31,2,competitive_mid_market,0.0,-1.0,0.2139814489529166
28202,2023-06-30,2,competitive_mid_market,0.0,-1.0,0.3502612421536167
28202,2023-07-31,2,competitive_mid_market,0.0,0.0,0.3620169045783327
28202,2023-08-31,2,competitive_mid_market,0.0,0.0,0.2977697583154487
28202,2023-09-30,2,competitive_mid_market,0.0,0.0,0.3405977510726485
28202,2023-10-31,2,competitive_mid_market,0.0,0.0,0.45645609565689
28202,2023-11-30,2,competitive_mid_market,0.0,0.0,0.7067401387224593
28202,2023-12-31,2,competitive_mid_market,0.0,0.0,0.6844462135702843
28203,2023-01-31,2,competitive_mid_market,0.0,-1.0,0.0169764208026181
28203,2023-02-28,2,competitive_mid_market,0.0,-1.0,0.0150689371999858
28203,2023-03-31,2,competitive_mid_market,0.0,0.0,0.0249672423596261
28203,2023-04-30,2,competitive_mid_market,0.0,0.0,0.0420906309876316
28203,2023-05-31,2,competitive_mid_market,0.0,0.0,0.1176357353542276
28203,2023-06-30,2,competitive_mid_market,0.0,0.0,0.2253514894159979
28203,2023-07-31,2,competitive_mid_market,0.0,0.0,0.2464455589703668
28203,2023-08-31,2,competitive_mid_market,0.0,0.0,0.3964407450734893
28203,2023-09-30,2,competitive_mid_market,0.0,0.0,0.4833088174813653
28203,2023-10-31,2,competitive_mid_market,0.0,0.0,0.5198382017784103
28203,2023-11-30,2,competitive_mid_market,0.0,0.0,0.3669596223302321
28203,2023-12-31,2,competitive_mid_market,0.0,0.0,0.3418556140450997
28204,2023-01-31,2,competitive_mid_market,0.0,-1.0,0.0348585129257949
28204,2023-02-28,2,competitive_mid_market,0.0,0.0,0.0248599551828857
28204,2023-03-31,2,competitive_mid_market,0.0,0.0,0.1085701660188988
28204,2023-04-30,2,competitive_mid_market,0.0,0.0,0.0822131937222903
28204,2023-05-31,2,competitive_mid_market,0.0,0.0,0.1734043783015871
28204,2023-06-30,2,competitive_mid_market,0.0,-1.0,0.2654028043489945
28204,2023-07-31,2,competitive_mid_market,0.0,-1.0,0.2067545531875694
28204,2023-08-31,2,competitive_mid_market,0.0,-1.0,0.315559264543709
28204,2023-09-30,2,competitive_mid_market,0.0,-1.0,0.3152800809639667
28204,2023-10-31,2,competitive_mid_market,0.0,-1.0,0.2346610212286035
28204,2023-11-30,2,competitive_mid_market,0.0,-1.0,0.4450794100995429
28204,2023-12-31,2,competitive_mid_market,0.0,0.0,0.5214514046376217
28205,2023-01-31,2,competitive_mid_market,0.0,-1.0,0.01278442484218
28205,2023-02-28,2,competitive_mid_market,0.0,-1.0,0.0100866694331421
28205,2023-03-31,2,competitive_mid_market,0.0,-1.0,0.0197484061658412
28205,2023-04-30,2,competitive_mid_market,0.0,-1.0,0.1369064042714832
28205,2023-05-31,2,competitive_mid_market,0.0,-1.0,0.3966486043397904
28205,2023-06-30,2,competitive_mid_market,0.0,0.0,0.6748609169855408
28205,2023-07-31,2,competitive_mid_market,0.0,0.0,0.4217891743889099
28205,2023-08-31,2,competitive_mid_market,0.0,0.0,0.4582821377502046
28205,2023-09-30,2,competitive_mid_market,0.0,0.0,0.6452818482007151
28205,2023-10-31,2,competitive_mid_market,0.0,0.0,0.3698192933923976
28205,2023-11-30,2,competitive_mid_market,0.0,0.0,0.2436450872492889
28205,2023-12-31,2,competitive_mid_market,0.0,0.0,0.3454182695387569
28206,2023-01-31,3,affordable_high_demand,0.0,-1.0,0.0156233279273416
28206,2023-02-28,3,affordable_high_demand,0.0,-1.0,0.0197387536281344
28206,2023-03-31,3,affordable_high_demand,0.0,-1.0,0.0197013095109587
28206,2023-04-30,3,affordable_high_demand,0.0,-1.0,0.0244501160083923
28206,2023-05-31,3,affordable_high_demand,0.0,-1.0,0.0609714020082174
28206,2023-06-30,3,affordable_high_demand,0.0,-1.0,0.0618136529601616
28206,2023-07-31,3,affordable_high_demand,0.0,-1.0,0.2023852817122499
28206,2023-08-31,3,affordable_high_demand,0.0,-1.0,0.3040794160004269
28206,2023-09-30,3,affordable_high_demand,0.0,0.0,0.5450244352591599
28206,2023-10-31,3,affordable_high_demand,0.0,0.0,0.4500095320218651
28206,2023-11-30,3,affordable_high_demand,0.0,0.0,0.6396305238600549
28206,2023-12-31,3,affordable_high_demand,0.0,0.0,0.7200594667800179
28207,2023-01-31,2,competitive_mid_market,0.0,0.0,0.0126990908352151
28207,2023-02-28,2,competitive_mid_market,0.0,0.0,0.0054757818052284
28207,2023-03-31,2,competitive_mid_market,0.0,-1.0,0.0281423392852025
28207,2023-04-30,2,competitive_mid_market,0.0,0.0,0.0693598786157354
28207,2023-05-31,2,competitive_mid_market,0.0,0.0,0.2035898922923592
28207,2023-06-30,2,competitive_mid_market,0.0,0.0,0.3691852460654565
28207,2023-07-31,2,competitive_mid_market,0.0,0.0,0.3432897093352496
28207,2023-08-31,2,competitive_mid_market,0.0,0.0,0.0953189764677449
28207,2023-09-30,2,competitive_mid_market,0.0,0.0,0.2522163028106051
28207,2023-10-31,2,competitive_mid_market,0.0,0.0,0.3365620239247601
28207,2023-11-30,2,competitive_mid_market,0.0,0.0,0.4555352506726308
28207,2023-12-31,2,competitive_mid_market,0.0,0.0,0.6513835518970243
28208,2023-01-31,3,affordable_high_demand,0.0,-1.0,0.0120569281510045
28208,2023-02-28,3,affordable_high_demand,0.0,-1.0,0.0182865130662871
28208,2023-03-31,3,affordable_high_demand,0.0,-1.0,0.0253565664322003
28208,2023-04-30,3,affordable_high_demand,0.0,-1.0,0.0263277258960818
28208,2023-05-31,3,affordable_high_demand,0.0,-1.0,0.0265408422700119
28208,2023-06-30,3,affordable_high_demand,0.0,-1.0,0.0493489677207499
28208,2023-07-31,3,affordable_high_demand,0.0,-1.0,0.1968398937712261
28208,2023-08-31,3,affordable_high_demand,0.0,0.0,0.2565106127825772
28208,2023-09-30,3,affordable_high_demand,0.0,0.0,0.3410688343677482
28208,2023-10-31,3,affordable_high_demand,0.0,0.0,0.2682225482903572
28208,2023-11-30,3,affordable_high_demand,0.0,0.0,0.1930545261413779
28208,2023-12-31,3,affordable_high_demand,0.0,0.0,0.212009365915286
28209,2023-01-31,2,competitive_mid_market,0.0,0.0,0.0108567185186019
28209,2023-02-28,2,competitive_mid_market,0.0,0.0,0.0083286018384279
28209,2023-03-31,2,competitive_mid_market,0.0,0.0,0.03329044653992
28209,2023-04-30,2,competitive_mid_market,0.0,0.0,0.1183228953220399
28209,2023-05-31,2,competitive_mid_market,0.0,0.0,0.2781192122793173
28209,2023-06-30,2,competitive_mid_market,0.0,0.0,0.2808963208182072
28209,2023-07-31,2,competitive_mid_market,0.0,0.0,0.2108591088751795
28209,2023-08-31,2,competitive_mid_market,0.0,0.0,0.5219634572608257
28209,2023-09-30,2,competitive_mid_market,0.0,0.0,0.3790083984144322
28209,2023-10-31,2,competitive_mid_market,0.0,0.0,0.4041550273404898
28209,2023-11-30,2,competitive_mid_market,0.0,0.0,0.2781971411510607
28209,2023-12-31,2,competitive_mid_market,0.0,0.0,0.2780214329831425
28210,2023-01-31,2,competitive_mid_market,0.0,-1.0,0.011116339642528
28210,2023-02-28,2,competitive_mid_market,0.0,-1.0,0.0142070330208728
28210,2023-03-31,2,competitive_mid_market,0.0,0.0,0.0269118023949722
28210,2023-04-30,2,competitive_mid_market,0.0,0.0,0.254832977424253
28210,2023-05-31,2,competitive_mid_market,0.0,0.0,0.5901467617304258
28210,2023-06-30,2,competitive_mid_market,0.0,0.0,0.8931817589227897
28210,2023-07-31,2,competitive_mid_market,0.0,0.0,0.604018935985054
28210,2023-08-31,2,competitive_mid_market,0.0,0.0,0.4102072681227563
28210,2023-09-30,2,competitive_mid_market,0.0,0.0,0.5349834554930717
28210,2023-10-31,2,competitive_mid_market,0.0,0.0,0.3837477235677587
28210,2023-11-30,2,competitive_mid_market,0.0,0.0,0.4362557370396697
28210,2023-12-31,2,competitive_mid_market,0.0,0.0,0.5464816470967842
28211,2023-01-31,2,competitive_mid_market,0.0,-1.0,0.0162255946476589
28211,2023-02-28,2,competitive_mid_market,0.0,-1.0,0.0090737030949662
28211,2023-03-31,2,competitive_mid_market,0.0,-1.0,0.0505790427506213
28211,2023-04-30,2,competitive_mid_market,0.0,-1.0,0.1974917717355098
28211,2023-05-31,2,competitive_mid_market,0.0,0.0,0.4934697878788842
28211,2023-06-30,2,competitive_mid_market,0.0,0.0,0.7150164582657638
28211,2023-07-31,2,competitive_mid_market,0.0,0.0,0.3711668593993175
28211,2023-08-31,2,competitive_mid_market,0.0,0.0,0.2564220225424519
28211,2023-09-30,2,competitive_mid_market,0.0,0.0,0.530944366588731
28211,2023-10-31,2,competitive_mid_market,0.0,0.0,0.6197470631564881
28211,2023-11-30,2,competitive_mid_market,0.0,0.0,0.4308406496872071
28211,2023-12-31,2,competitive_mid_market,0.0,0.0,0.4055132624364641
28212,2023-01-31,3,affordable_high_demand,0.0,-1.0,0.0122303952704959
28212,2023-02-28,3,affordable_high_demand,0.0,-1.0,0.0134194513970981
28212,2023-03-31,3,affordable_high_demand,0.0,-1.0,0.0102266406802899
28212,2023-04-30,3,affordable_high_demand,0.0,-1.0,0.0188023959409215
28212,2023-05-31,3,affordable_high_demand,0.0,-1.0,0.0530682835647851
28212,2023-06-30,3,affordable_high_demand,0.0,-1.0,0.161024334220173
28212,2023-07-31,3,affordable_high_demand,0.0,-1.0,0.176226741942981
28212,2023-08-31,3,affordable_high_demand,0.0,-1.0,0.2208264807205541
28212,2023-09-30,3,affordable_high_demand,0.0,0.0,0.3842382377860687
28212,2023-10-31,3,affordable_high_demand,0.0,0.0,0.5053353488300898
28212,2023-11-30,3,affordable_high_demand,0.0,0.0,0.4172169426428304
28212,2023-12-31,3,affordable_high_demand,0.0,0.0,0.4104273623727957
28213,2023-01-31,3,affordable_high_demand,0.0,-1.0,0.0106231449157423
28213,2023-02-28,3,affordable_high_demand,0.0,-1.0,0.0144217825169233
28213,2023-03-31,3,affordable_high_demand,0.0,-1.0,0.0121441278254745
28213,2023-04-30,3,affordable_high_demand,0.0,-1.0,0.0207452230875881
28213,2023-05-31,3,affordable_high_demand,0.0,-1.0,0.0927175557986642
28213,2023-06-30,3,affordable_high_demand,0.0,-1.0,0.3559623488491921
28213,2023-07-31,3,affordable_high_demand,0.0,-1.0,0.3209866692010409
28213,2023-08-31,3,affordable_high_demand,0.0,-1.0,0.3359730969875009
28213,2023-09-30,3,affordable_high_demand,0.0,0.0,0.3573723694544299
28213,2023-10-31,3,affordable_high_demand,0.0,0.0,0.5002588777895686
28213,2023-11-30,3,affordable_high_demand,0.0,0.0,0.4807696122593833
28213,2023-12-31,3,affordable_high_demand,0.0,0.0,0.4708836335899296
28214,2023-01-31,3,affordable_high_demand,0.0,-1.0,0.0127242094842189
28214,2023-02-28,3,affordable_high_demand,0.0,-1.0,0.0150162086524502
28214,2023-03-31,3,affordable_high_demand,0.0,-1.0,0.0135386711997745
28214,2023-04-30,3,affordable_high_demand,0.0,-1.0,0.0141388212377547
28214,2023-05-31,3,affordable_high_demand,0.0,-1.0,0.0840391435386809
28214,2023-06-30,3,affordable_high_demand,0.0,-1.0,0.2275065753456483
28214,2023-07-31,3,affordable_high_demand,0.0,-1.0,0.3015775680409226
28214,2023-08-31,3,affordable_high_demand,0.0,0.0,0.2544652052821864
28214,2023-09-30,3,affordable_high_demand,0.0,0.0,0.419003092250919
28214,2023-10-31,3,affordable_high_demand,0.0,0.0,0.4232839843012413
28214,2023-11-30,3,affordable_high_demand,0.0,0.0,0.3692514549358496
28214,2023-12-31,3,affordable_high_demand,0.0,0.0,0.3290263423575014
28215,2023-01-31,3,affordable_high_demand,0.0,-1.0,0.0119463922703362
28215,2023-02-28,3,affordable_high_demand,0.0,-1.0,0.0166486082407266
28215,2023-03-31,3,affordable_high_demand,0.0,-1.0,0.0205516076348484
28215,2023-04-30,3,affordable_high_demand,0.0,-1.0,0.0175485104253296
28215,2023-05-31,3,affordable_high_demand,0.0,-1.0,0.0395245687762192
28215,2023-06-30,3,affordable_high_demand,0.0,-1.0,0.2123552327467738
28215,2023-07-31,3,affordable_high_demand,0.0,0.0,0.3693875417115448
28215,2023-08-31,3,affordable_high_demand,0.0,0.0,0.3082654214653553
28215,2023-09-30,3,affordable_high_demand,0.0,0.0,0.2553997426224764
28215,2023-10-31,3,affordable_high_demand,0.0,0.0,0.2912505738535856
28215,2023-11-30,3,affordable_high_demand,0.0,0.0,0.2588350452401208
28215,2023-12-31,3,affordable_high_demand,0.0,0.0,0.2247678853453054
28216,2023-01-31,3,affordable_high_demand,0.0,-1.0,0.0222511468451275
28216,2023-02-28,3,affordable_high_demand,0.0,-1.0,0.0109183184183763
28216,2023-03-31,3,affordable_high_demand,0.0,-1.0,0.0110803040622477
28216,2023-04-30,3,affordable_high_demand,0.0,-1.0,0.013955365307233
28216,2023-05-31,3,affordable_high_demand,0.0,-1.0,0.0740507688433576
28216,2023-06-30,3,affordable_high_demand,0.0,-1.0,0.3180780446963208
28216,2023-07-31,3,affordable_high_demand,0.0,-1.0,0.4151840733201545
28216,2023-08-31,3,affordable_high_demand,0.0,0.0,0.479722955320973
28216,2023-09-30,3,affordable_high_demand,0.0,0.0,0.690425428790602
28216,2023-10-31,3,affordable_high_demand,0.0,0.0,0.6459533235614774
28216,2023-11-30,3,affordable_high_demand,0.0,0.0,0.5259854261200803
28216,2023-12-31,3,affordable_high_demand,0.0,0.0,0.239389892363616
28217,2023-01-31,3,affordable_high_demand,0.0,-1.0,0.0145472515630328
28217,2023-02-28,3,affordable_high_demand,0.0,-1.0,0.0278048524857051
28217,2023-03-31,3,affordable_high_demand,0.0,-1.0,0.0197121494809449
28217,2023-04-30,3,affordable_high_demand,0.0,-1.0,0.0278743492832142
28217,2023-05-31,3,affordable_high_demand,0.0,0.0,0.0279460924904453
28217,2023-06-30,3,affordable_high_demand,0.0,0.0,0.0280829850507292
28217,2023-07-31,3,affordable_high_demand,0.0,0.0,0.096051094542208
28217,2023-08-31,3,affordable_high_demand,0.0,0.0,0.3402365165016388
28217,2023-09-30,3,affordable_high_demand,0.0,0.0,0.4726133017199025
28217,2023-10-31,3,affordable_high_demand,0.0,0.0,0.571265480087287
28217,2023-11-30,3,affordable_high_demand,0.0,0.0,0.4330309233112831
28217,2023-12-31,3,affordable_high_demand,0.0,0.0,0.3733234885920994
28226,2023-01-31,2,competitive_mid_market,0.0,0.0,0.0113232157120826
28226,2023-02-28,2,competitive_mid_market,0.0,0.0,0.012600981334965
28226,2023-03-31,2,competitive_mid_market,0.0,0.0,0.0152827091001698
28226,2023-04-30,2,competitive_mid_market,0.0,0.0,0.2051311948301321
28226,2023-05-31,2,competitive_mid_market,0.0,0.0,0.4840635614462601
28226,2023-06-30,2,competitive_mid_market,0.0,0.0,0.8215920144095166
28226,2023-07-31,2,competitive_mid_market,0.0,0.0,0.6288982361367405
28226,2023-08-31,2,competitive_mid_market,0.0,0.0,0.3583397159073389
28226,2023-09-30,2,competitive_mid_market,0.0,0.0,0.4306892097537138
28226,2023-10-31,2,competitive_mid_market,0.0,0.0,0.3281534190311724
28226,2023-11-30,2,competitive_mid_market,0.0,0.0,0.2594824299335256
28226,2023-12-31,2,competitive_mid_market,0.0,0.0,0.4707488794392989
28227,2023-01-31,3,affordable_high_demand,0.0,-1.0,0.0086185136649866
28227,2023-02-28,3,affordable_high_demand,0.0,-1.0,0.0104650839006733
28227,2023-03-31,3,affordable_high_demand,0.0,-1.0,0.0082010227343817
28227,2023-04-30,3,affordable_high_demand,0.0,-1.0,0.0276531020558027
28227,2023-05-31,3,affordable_high_demand,0.0,-1.0,0.097152268440587
28227,2023-06-30,3,affordable_high_demand,0.0,-1.0,0.3656476433569778
28227,2023-07-31,3,affordable_high_demand,0.0,-1.0,0.3095438240832661
28227,2023-08-31,3,affordable_high_demand,0.0,-1.0,0.34887252983943
28227,2023-09-30,3,affordable_high_demand,0.0,0.0,0.2556000482984821
28227,2023-10-31,3,affordable_high_demand,0.0,0.0,0.4380129694583708
28227,2023-11-30,3,affordable_high_demand,0.0,0.0,0.3216739107946091
28227,2023-12-31,3,affordable_high_demand,0.0,0.0,0.2315260880487488
28262,2023-01-31,3,affordable_high_demand,0.0,-1.0,0.0124157288079521
28262,2023-02-28,3,affordable_high_demand,0.0,-1.0,0.0172121936456177
28262,2023-03-31,3,affordable_high_demand,0.0,-1.0,0.0144973875056199
28262,2023-04-30,3,affordable_high_demand,0.0,-1.0,0.0068776395607755
28262,2023-05-31,3,affordable_high_demand,0.0,-1.0,0.0160206118275601
28262,2023-06-30,3,affordable_high_demand,0.0,-1.0,0.0654240795882922
28262,2023-07-31,3,affordable_high_demand,0.0,-1.0,0.1551820973454706
28262,2023-08-31,3,affordable_high_demand,0.0,-1.0,0.1734513995424754
28262,2023-09-30,3,affordable_high_demand,0.0,-1.0,0.261659034525335
28262,2023-10-31,3,affordable_high_demand,0.0,-1.0,0.2491281157490648
28262,2023-11-30,3,affordable_high_demand,0.0,-1.0,0.2360291156549957
28262,2023-12-31,3,affordable_high_demand,0.0,-1.0,0.4016885155245699
28269,2023-01-31,3,affordable_high_demand,0.0,-1.0,0.0086305492565706
28269,2023-02-28,3,affordable_high_demand,0.0,-1.0,0.0105784666195534
28269,2023-03-31,3,affordable_high_demand,0.0,-1.0,0.0147088373209635
28269,2023-04-30,3,affordable_high_demand,0.0,-1.0,0.0248374740018833
28269,2023-05-31,3,affordable_high_demand,0.0,-1.0,0.177080502638527
28269,2023-06-30,3,affordable_high_demand,0.0,-1.0,0.3277742261479024
28269,2023-07-31,3,affordable_high_demand,0.0,-1.0,0.4505742466155307
28269,2023-08-31,3,affordable_high_demand,0.0,0.0,0.4077567521399254
28269,2023-09-30,3,affordable_high_demand,0.0,0.0,0.4386917409872639
28269,2023-10-31,3,affordable_high_demand,0.0,0.0,0.3839754582134143
28269,2023-11-30,3,affordable_high_demand,0.0,0.0,0.3199930647162367
28269,2023-12-31,3,affordable_high_demand,0.0,0.0,0.2744262231198884
28270,2023-01-31,2,competitive_mid_market,0.0,-1.0,0.0065020160850219
28270,2023-02-28,2,competitive_mid_market,0.0,0.0,0.0086853827168053
28270,2023-03-31,2,competitive_mid_market,0.0,0.0,0.0068814573941694
28270,2023-04-30,2,competitive_mid_market,0.0,0.0,0.0693334840833017
28270,2023-05-31,2,competitive_mid_market,0.0,0.0,0.3901445178994664
28270,2023-06-30,2,competitive_mid_market,0.0,0.0,0.6601882973772836
28270,2023-07-31,2,competitive_mid_market,0.0,0.0,0.3792022618690543
28270,2023-08-31,2,competitive_mid_market,0.0,0.0,0.4120898409937977
28270,2023-09-30,2,competitive_mid_market,0.0,0.0,0.3764122516233815
28270,2023-10-31,2,competitive_mid_market,0.0,0.0,0.2632250390128635
28270,2023-11-30,2,competitive_mid_market,0.0,0.0,0.3681824192940372
28270,2023-12-31,2,competitive_mid_market,0.0,0.0,0.4007591029402879
28273,2023-01-31,3,affordable_high_demand,0.0,-1.0,0.0144287356336524
28273,2023-02-28,3,affordable_high_demand,0.0,-1.0,0.0133951558765778
28273,2023-03-31,3,affordable_high_demand,0.0,-1.0,0.0157180672513385
28273,2023-04-30,3,affordable_high_demand,0.0,-1.0,0.0752943120072066
28273,2023-05-31,3,affordable_high_demand,0.0,-1.0,0.2969100970358885
28273,2023-06-30,3,affordable_high_demand,0.0,-1.0,0.4734467187687988
28273,2023-07-31,3,affordable_high_demand,0.0,-1.0,0.2715190946889036
28273,2023-08-31,3,affordable_high_demand,0.0,0.0,0.2829780536137601
28273,2023-09-30,3,affordable_high_demand,0.0,0.0,0.3752991993492589
28273,2023-10-31,3,affordable_high_demand,0.0,0.0,0.5276821517805712
28273,2023-11-30,3,affordable_high_demand,0.0,0.0,0.5241323936748988
28273,2023-12-31,3,affordable_high_demand,0.0,0.0,0.4117232978211745
28277,2023-01-31,2,competitive_mid_market,0.0,-1.0,0.0106192939106592
28277,2023-02-28,2,competitive_mid_market,0.0,0.0,0.0127763966293612
28277,2023-03-31,2,competitive_mid_market,0.0,0.0,0.0210693104837448
28277,2023-04-30,2,competitive_mid_market,0.0,0.0,0.1597694535762581
28277,2023-05-31,2,competitive_mid_market,0.0,0.0,0.3812575779916091
28277,2023-06-30,2,competitive_mid_market,0.0,0.0,0.786586944714131
28277,2023-07-31,2,competitive_mid_market,0.0,0.0,0.655568278162822
28277,2023-08-31,2,competitive_mid_market,0.0,0.0,0.5959938233136092
28277,2023-09-30,2,competitive_mid_market,0.0,0.0,0.4897188950898576
28277,2023-10-31,2,competitive_mid_market,0.0,0.0,0.5364005124980591
28277,2023-11-30,2,competitive_mid_market,0.0,0.0,0.2347574164274422
28277,2023-12-31,2,competitive_mid_market,0.0,0.0,0.3120183290986528
28278,2023-01-31,2,competitive_mid_market,0.0,-1.0,0.0138143311935492
28278,2023-02-28,2,competitive_mid_market,0.0,-1.0,0.0154383968515097
28278,2023-03-31,2,competitive_mid_market,0.0,-1.0,0.0160765998933082
28278,2023-04-30,2,competitive_mid_market,0.0,-1.0,0.0369876157784608
28278,2023-05-31,2,competitive_mid_market,0.0,-1.0,0.1703034254364718
28278,2023-06-30,2,competitive_mid_market,0.0,-1.0,0.4969577188737011
28278,2023-07-31,2,competitive_mid_market,0.0,-1.0,0.4190659906258453
28278,2023-08-31,2,competitive_mid_market,0.0,0.0,0.3489341854799105
28278,2023-09-30,2,competitive_mid_market,0.0,0.0,0.2724644350122197
28278,2023-10-31,2,competitive_mid_market,0.0,0.0,0.3404598270835798
28278,2023-11-30,2,competitive_mid_market,0.0,0.0,0.3016974935697736
28278,2023-12-31,2,competitive_mid_market,0.0,0.0,0.1911217710378907
28301,2023-01-31,3,affordable_high_demand,0.0,-1.0,0.0063554388339051
28301,2023-02-28,3,affordable_high_demand,0.0,-1.0,0.0059215279509071
28301,2023-03-31,3,affordable_high_demand,0.0,-1.0,0.0097623797974167
28301,2023-04-30,3,affordable_high_demand,0.0,-1.0,0.0133535029634886
28301,2023-05-31,3,affordable_high_demand,0.0,-1.0,0.0313842114525447
28301,2023-06-30,3,affordable_high_demand,0.0,-1.0,0.0154537663360237
28301,2023-07-31,3,affordable_high_demand,0.0,-1.0,0.0174994154012132
28301,2023-08-31,3,affordable_high_demand,0.0,-1.0,0.0392485686245086
28301,2023-09-30,3,affordable_high_demand,0.0,0.0,0.0892727723224177
28301,2023-10-31,3,affordable_high_demand,0.0,0.0,0.0750199363741592
28301,2023-11-30,3,affordable_high_demand,0.0,0.0,0.0730865196377426
28301,2023-12-31,3,affordable_high_demand,0.0,0.0,0.0512846368379098
28303,2023-01-31,3,affordable_high_demand,0.0,-1.0,0.006707075097899
28303,2023-02-28,3,affordable_high_demand,0.0,-1.0,0.0086903548733399
28303,2023-03-31,3,affordable_high_demand,0.0,-1.0,0.0087905846151876
28303,2023-04-30,3,affordable_high_demand,0.0,-1.0,0.0242712921848072
28303,2023-05-31,3,affordable_high_demand,0.0,-1.0,0.0337425714183731
28303,2023-06-30,3,affordable_high_demand,0.0,-1.0,0.0339087425727545
28303,2023-07-31,3,affordable_high_demand,0.0,-1.0,0.0449104451911432
28303,2023-08-31,3,affordable_high_demand,0.0,-1.0,0.0555520192663733
28303,2023-09-30,3,affordable_high_demand,0.0,-1.0,0.0509173080812796
28303,2023-10-31,3,affordable_high_demand,0.0,-1.0,0.058215323191854
28303,2023-11-30,3,affordable_high_demand,0.0,-1.0,0.0613571196524211
28303,2023-12-31,3,affordable_high_demand,0.0,-1.0,0.0662295672929485
28304,2023-01-31,3,affordable_high_demand,0.0,-1.0,0.0078077150696789
28304,2023-02-28,3,affordable_high_demand,0.0,-1.0,0.0103550427849076
28304,2023-03-31,3,affordable_high_demand,0.0,-1.0,0.0098262245239276
28304,2023-04-30,3,affordable_high_demand,0.0,-1.0,0.018372734525062
28304,2023-05-31,3,affordable_high_demand,0.0,-1.0,0.0272745756094999
28304,2023-06-30,3,affordable_high_demand,0.0,-1.0,0.0319664239457277
28304,2023-07-31,3,affordable_high_demand,0.0,-1.0,0.035260412269492
28304,2023-08-31,3,affordable_high_demand,0.0,-1.0,0.038483109053428
28304,2023-09-30,3,affordable_high_demand,0.0,-1.0,0.0252217807869234
28304,2023-10-31,3,affordable_high_demand,0.0,-1.0,0.0310010781541154
28304,2023-11-30,3,affordable_high_demand,0.0,-1.0,0.0252683037606742
28304,2023-12-31,3,affordable_high_demand,0.0,-1.0,0.0262029002502971
28305,2023-01-31,2,competitive_mid_market,0.0,-1.0,0.0103515776289296
28305,2023-02-28,2,competitive_mid_market,0.0,-1.0,0.011383797501821
28305,2023-03-31,2,competitive_mid_market,0.0,-1.0,0.0110363641729409
28305,2023-04-30,2,competitive_mid_market,0.0,-1.0,0.0160769184533217
28305,2023-05-31,2,competitive_mid_market,0.0,-1.0,0.0290763893959433
28305,2023-06-30,2,competitive_mid_market,0.0,-1.0,0.0363791066190194
28305,2023-07-31,2,competitive_mid_market,0.0,-1.0,0.0327758817711227
28305,2023-08-31,2,competitive_mid_market,0.0,-1.0,0.0346620754395164
28305,2023-09-30,2,competitive_mid_market,0.0,-1.0,0.0446214740899145
28305,2023-10-31,2,competitive_mid_market,0.0,-1.0,0.0606808983437426
28305,2023-11-30,2,competitive_mid_market,0.0,-1.0,0.0974213882236232
28305,2023-12-31,2,competitive_mid_market,0.0,-1.0,0.2777793983790347
28306,2023-01-31,2,competitive_mid_market,0.0,-1.0,0.0062044287903215
28306,2023-02-28,2,competitive_mid_market,0.0,-1.0,0.0080579153238657
28306,2023-03-31,2,competitive_mid_market,0.0,-1.0,0.0129280288360263
28306,2023-04-30,2,competitive_mid_market,0.0,-1.0,0.0359253010110896
28306,2023-05-31,2,competitive_mid_market,0.0,-1.0,0.1007222010566894
28306,2023-06-30,2,competitive_mid_market,0.0,-1.0,0.1233022158929899
28306,2023-07-31,2,competitive_mid_market,0.0,-1.0,0.1549280964860853
28306,2023-08-31,2,competitive_mid_market,0.0,0.0,0.0682579194551695
28306,2023-09-30,2,competitive_mid_market,0.0,0.0,0.0981547387717813
28306,2023-10-31,2,competitive_mid_market,0.0,0.0,0.0915207686345718
28306,2023-11-30,2,competitive_mid_market,0.0,0.0,0.0926515613531668
28306,2023-12-31,2,competitive_mid_market,0.0,0.0,0.1038410477188356
28311,2023-01-31,2,competitive_mid_market,0.0,-1.0,0.0060988467484606
28311,2023-02-28,2,competitive_mid_market,0.0,-1.0,0.0061203492216053
28311,2023-03-31,2,competitive_mid_market,0.0,-1.0,0.0096874170135477
28311,2023-04-30,2,competitive_mid_market,0.0,-1.0,0.0172724566843722
28311,2023-05-31,2,competitive_mid_market,0.0,-1.0,0.0368753954563899
28311,2023-06-30,2,competitive_mid_market,0.0,-1.0,0.0578286364793212
28311,2023-07-31,2,competitive_mid_market,0.0,-1.0,0.0475909580659347
28311,2023-08-31,2,competitive_mid_market,0.0,-1.0,0.0547607720571073
28311,2023-09-30,2,competitive_mid_market,0.0,-1.0,0.0654131564685819
28311,2023-10-31,2,competitive_mid_market,0.0,-1.0,0.0572753110348634
28311,2023-11-30,2,competitive_mid_market,0.0,-1.0,0.1003858692795016
28311,2023-12-31,2,competitive_mid_market,0.0,0.0,0.0710143281646006
28312,2023-01-31,2,competitive_mid_market,0.0,-1.0,0.0093585406066484
28312,2023-02-28,2,competitive_mid_market,0.0,-1.0,0.0123550690616765
28312,2023-03-31,2,competitive_mid_market,0.0,-1.0,0.0114261606009275
28312,2023-04-30,2,competitive_mid_market,0.0,-1.0,0.0324592564464797
28312,2023-05-31,2,competitive_mid_market,0.0,-1.0,0.0431821213767566
28312,2023-06-30,2,competitive_mid_market,0.0,-1.0,0.0681926234261857
28312,2023-07-31,2,competitive_mid_market,0.0,-1.0,0.1035010133149318
28312,2023-08-31,2,competitive_mid_market,0.0,-1.0,0.102238170080997
28312,2023-09-30,2,competitive_mid_market,0.0,-1.0,0.1789511407854195
28312,2023-10-31,2,competitive_mid_market,0.0,-1.0,0.1672826180666265
28312,2023-11-30,2,competitive_mid_market,0.0,0.0,0.1219905399216623
28312,2023-12-31,2,competitive_mid_market,0.0,0.0,0.0974331536912159
28314,2023-01-31,2,competitive_mid_market,0.0,-1.0,0.0046860823489507
28314,2023-02-28,2,competitive_mid_market,0.0,-1.0,0.005210285405235
28314,2023-03-31,2,competitive_mid_market,0.0,-1.0,0.0065528813658295
28314,2023-04-30,2,competitive_mid_market,0.0,-1.0,0.0177683586856945
28314,2023-05-31,2,competitive_mid_market,0.0,-1.0,0.0412065020332465
28314,2023-06-30,2,competitive_mid_market,0.0,-1.0,0.0531017149335351
28314,2023-07-31,2,competitive_mid_market,0.0,-1.0,0.0682553823658042
28314,2023-08-31,2,competitive_mid_market,0.0,-1.0,0.0658441150248825
28314,2023-09-30,2,competitive_mid_market,0.0,-1.0,0.0312865181832081
28314,2023-10-31,2,competitive_mid_market,0.0,-1.0,0.0312098915777107
28314,2023-11-30,2,competitive_mid_market,0.0,-1.0,0.0505246532093976
28314,2023-12-31,2,competitive_mid_market,0.0,-1.0,0.0486986814707343
28315,2023-01-31,2,competitive_mid_market,0.0,-1.0,0.0097059832835955
28315,2023-02-28,2,competitive_mid_market,0.0,-1.0,0.0121301822196267
28315,2023-03-31,2,competitive_mid_market,0.0,-1.0,0.0217665592502725
28315,2023-04-30,2,competitive_mid_market,0.0,-1.0,0.0278168130741014
28315,2023-05-31,2,competitive_mid_market,0.0,-1.0,0.0711886387454759
28315,2023-06-30,2,competitive_mid_market,0.0,-1.0,0.177454054900896
28315,2023-07-31,2,competitive_mid_market,0.0,-1.0,0.1867115207293369
28315,2023-08-31,2,competitive_mid_market,0.0,-1.0,0.1276167832228771
28315,2023-09-30,2,competitive_mid_market,0.0,-1.0,0.0763311008449313
28315,2023-10-31,2,competitive_mid_market,0.0,-1.0,0.088419851333632
28315,2023-11-30,2,competitive_mid_market,0.0,0.0,0.1477052428963031
28315,2023-12-31,2,competitive_mid_market,0.0,0.0,0.4127548680146138
28323,2023-01-31,2,competitive_mid_market,0.0,-1.0,0.0138847940959074
28323,2023-02-28,2,competitive_mid_market,0.0,-1.0,0.0063653329489943
28323,2023-03-31,2,competitive_mid_market,0.0,-1.0,0.0078582209485246
28323,2023-04-30,2,competitive_mid_market,0.0,-1.0,0.0193931749238515
28323,2023-05-31,2,competitive_mid_market,0.0,-1.0,0.0297715237540755
28323,2023-06-30,2,competitive_mid_market,0.0,-1.0,0.0688399552606266
28323,2023-07-31,2,competitive_mid_market,0.0,-1.0,0.1484647807898758
28323,2023-08-31,2,competitive_mid_market,0.0,-1.0,0.1945020490357929
28323,2023-09-30,2,competitive_mid_market,0.0,0.0,0.190620313368227
28323,2023-10-31,2,competitive_mid_market,0.0,0.0,0.1156228294311283
28323,2023-11-30,2,competitive_mid_market,0.0,0.0,0.114600394354697
28323,2023-12-31,2,competitive_mid_market,0.0,0.0,0.1532563697234084
28326,2023-01-31,2,competitive_mid_market,0.0,-1.0,0.0066378564599979
28326,2023-02-28,2,competitive_mid_market,0.0,-1.0,0.0119592231754631
28326,2023-03-31,2,competitive_mid_market,0.0,-1.0,0.0096210405457482
28326,2023-04-30,2,competitive_mid_market,0.0,-1.0,0.0189222664932685
28326,2023-05-31,2,competitive_mid_market,0.0,-1.0,0.0453758892824159
28326,2023-06-30,2,competitive_mid_market,0.0,-1.0,0.1172900131476973
28326,2023-07-31,2,competitive_mid_market,0.0,-1.0,0.1819113200659904
28326,2023-08-31,2,competitive_mid_market,0.0,-1.0,0.1463602507735942
28326,2023-09-30,2,competitive_mid_market,0.0,-1.0,0.0933273387731514
28326,2023-10-31,2,competitive_mid_market,0.0,-1.0,0.1842978368625494
28326,2023-11-30,2,competitive_mid_market,0.0,-1.0,0.1424778594791769
28326,2023-12-31,2,competitive_mid_market,0.0,-1.0,0.1603249961501296
28327,2023-01-31,3,affordable_high_demand,0.0,-1.0,0.0112402247744809
28327,2023-02-28,3,affordable_high_demand,0.0,-1.0,0.0199205134868443
28327,2023-03-31,3,affordable_high_demand,0.0,-1.0,0.0190691437857094
28327,2023-04-30,3,affordable_high_demand,0.0,-1.0,0.0251649678126337
28327,2023-05-31,3,affordable_high_demand,0.0,-1.0,0.0642633784943589
28327,2023-06-30,3,affordable_high_demand,0.0,0.0,0.1569274760711433
28327,2023-07-31,3,affordable_high_demand,0.0,0.0,0.097315858227825
28327,2023-08-31,3,affordable_high_demand,0.0,0.0,0.1094267424658282
28327,2023-09-30,3,affordable_high_demand,0.0,0.0,0.1890735269422979
28327,2023-10-31,3,affordable_high_demand,0.0,0.0,0.25709486784385
28327,2023-11-30,3,affordable_high_demand,0.0,0.0,0.308794085772019
28327,2023-12-31,3,affordable_high_demand,0.0,0.0,0.2491053619243138
28333,2023-01-31,4,moderate_supply_growing,0.0,0.0,0.024893691961646
28333,2023-02-28,4,moderate_supply_growing,0.0,-1.0,0.0073715031536909
28333,2023-03-31,4,moderate_supply_growing,0.0,-1.0,0.0104542114983703
28333,2023-04-30,4,moderate_supply_growing,0.0,-1.0,0.0358502778974123
28333,2023-05-31,4,moderate_supply_growing,0.0,-1.0,0.1675903103500016
28333,2023-06-30,4,moderate_supply_growing,0.0,0.0,0.197456337569162
28333,2023-07-31,4,moderate_supply_growing,0.0,-1.0,0.0771174074646081
28333,2023-08-31,4,moderate_supply_growing,0.0,-1.0,0.092802960920233
28333,2023-09-30,4,moderate_supply_growing,0.0,-1.0,0.0662150164932317
28333,2023-10-31,4,moderate_supply_growing,0.0,-1.0,0.1229182585725719
28333,2023-11-30,4,moderate_supply_growing,0.0,-1.0,0.2492769130817977
28333,2023-12-31,4,moderate_supply_growing,0.0,0.0,0.4079684206967409
28339,2023-01-31,3,affordable_high_demand,0.0,0.0,0.0130201009163358
28339,2023-02-28,3,affordable_high_demand,0.0,0.0,0.0130941054104951
28339,2023-03-31,3,affordable_high_demand,0.0,0.0,0.0183297786852324
28339,2023-04-30,3,affordable_high_demand,0.0,0.0,0.0295834040510634
28339,2023-05-31,3,affordable_high_demand,0.0,0.0,0.1011702559904389
28339,2023-06-30,3,affordable_high_demand,0.0,0.0,0.2696384723420859
28339,2023-07-31,3,affordable_high_demand,0.0,0.0,0.2311181053228811
28339,2023-08-31,3,affordable_high_demand,0.0,0.0,0.2934466660620715
28339,2023-09-30,3,affordable_high_demand,0.0,0.0,0.3700156418148074
28339,2023-10-31,3,affordable_high_demand,0.0,0.0,0.2058769555198231
28339,2023-11-30,3,affordable_high_demand,0.0,0.0,0.2621396610341867
28339,2023-12-31,3,affordable_high_demand,0.0,0.0,0.1447818593165961
28345,2023-01-31,4,moderate_supply_growing,0.0,0.0,0.0304921335913494
28345,2023-02-28,4,moderate_supply_growing,0.0,0.0,0.0324404778529267
28345,2023-03-31,4,moderate_supply_growing,0.0,0.0,0.1000563094888647
28345,2023-04-30,4,moderate_supply_growing,0.0,0.0,0.1676221466874194
28345,2023-05-31,4,moderate_supply_growing,0.0,0.0,0.1629865544903067
28345,2023-06-30,4,moderate_supply_growing,0.0,0.0,0.2390896831825989
28345,2023-07-31,4,moderate_supply_growing,0.0,0.0,0.2314320175192659
28345,2023-08-31,4,moderate_supply_growing,0.0,0.0,0.1890150139131499
28345,2023-09-30,4,moderate_supply_growing,0.0,-1.0,0.1190646172197146
28345,2023-10-31,4,moderate_supply_growing,0.0,-1.0,0.1141724309958461
28345,2023-11-30,4,moderate_supply_growing,0.0,0.0,0.138787450158611
28345,2023-12-31,4,moderate_supply_growing,0.0,0.0,0.0407704320910406
28348,2023-01-31,2,competitive_mid_market,0.0,-1.0,0.0067823298591563
28348,2023-02-28,2,competitive_mid_market,0.0,-1.0,0.0079877626967408
28348,2023-03-31,2,competitive_mid_market,0.0,-1.0,0.0194289769474768
28348,2023-04-30,2,competitive_mid_market,0.0,-1.0,0.0506005492848413
28348,2023-05-31,2,competitive_mid_market,0.0,-1.0,0.0753053551120552
28348,2023-06-30,2,competitive_mid_market,0.0,-1.0,0.1086725852769674
28348,2023-07-31,2,competitive_mid_market,0.0,-1.0,0.1377226120349083
28348,2023-08-31,2,competitive_mid_market,0.0,-1.0,0.1203460538669422
28348,2023-09-30,2,competitive_mid_market,0.0,0.0,0.1301855548204655
28348,2023-10-31,2,competitive_mid_market,0.0,0.0,0.111079590162373
28348,2023-11-30,2,competitive_mid_market,0.0,0.0,0.0844168820833831
28348,2023-12-31,2,competitive_mid_market,0.0,0.0,0.0762786697247098
28352,2023-01-31,0,high_value_appreciating,0.0,-1.0,0.0060872844025992
28352,2023-02-28,0,high_value_appreciating,0.0,-1.0,0.0058694638329515
28352,2023-03-31,0,high_value_appreciating,0.0,-1.0,0.0091418622767023
28352,2023-04-30,0,high_value_appreciating,0.0,-1.0,0.0124791890316645
28352,2023-05-31,0,high_value_appreciating,0.0,-1.0,0.0157627468018763
28352,2023-06-30,0,high_value_appreciating,0.0,-1.0,0.0247936631442079
28352,2023-07-31,0,high_value_appreciating,0.0,-1.0,0.0291068658074822
28352,2023-08-31,0,high_value_appreciating,0.0,-1.0,0.04902546344279
28352,2023-09-30,0,high_value_appreciating,0.0,-1.0,0.1709047519279831
28352,2023-10-31,0,high_value_appreciating,0.0,-1.0,0.1328611155039861
28352,2023-11-30,0,high_value_appreciating,0.0,-1.0,0.1436857469766857
28352,2023-12-31,0,high_value_appreciating,0.0,-1.0,0.0753283191755405
28356,2023-01-31,2,competitive_mid_market,0.0,-1.0,0.0089809408785235
28356,2023-02-28,2,competitive_mid_market,0.0,-1.0,0.0091980828704466
28356,2023-03-31,2,competitive_mid_market,0.0,-1.0,0.0185375475132206
28356,2023-04-30,2,competitive_mid_market,0.0,-1.0,0.06669724824146
28356,2023-05-31,2,competitive_mid_market,0.0,-1.0,0.0996540849135597
28356,2023-06-30,2,competitive_mid_market,0.0,-1.0,0.1413770442609188
28356,2023-07-31,2,competitive_mid_market,0.0,0.0,0.240449814562911
28356,2023-08-31,2,competitive_mid_market,0.0,0.0,0.4038905380002573
28356,2023-09-30,2,competitive_mid_market,0.0,0.0,0.5679794810735799
28356,2023-10-31,2,competitive_mid_market,0.0,0.0,0.3272742463466195
28356,2023-11-30,2,competitive_mid_market,0.0,0.0,0.1385528992031348
28356,2023-12-31,2,competitive_mid_market,0.0,0.0,0.1287944631788288
28357,2023-01-31,4,moderate_supply_growing,0.0,-1.0,0.0390718201602812
28357,2023-02-28,4,moderate_supply_growing,0.0,-1.0,0.0294541574834659
28357,2023-03-31,4,moderate_supply_growing,0.0,-1.0,0.0282328170711963
28357,2023-04-30,4,moderate_supply_growing,0.0,-1.0,0.0190828258257432
28357,2023-05-31,4,moderate_supply_growing,0.0,-1.0,0.0989370603457566
28357,2023-06-30,4,moderate_supply_growing,0.0,-1.0,0.7102267152998568
28357,2023-07-31,4,moderate_supply_growing,1.0,1.0,0.7374951780304247
28357,2023-08-31,4,moderate_supply_growing,1.0,1.0,0.6795308028165473
28357,2023-09-30,4,moderate_supply_growing,1.0,1.0,0.7268760936501504
28357,2023-10-31,4,moderate_supply_growing,1.0,1.0,0.7437565964983532
28357,2023-11-30,4,moderate_supply_growing,1.0,1.0,0.8715146053973475
28357,2023-12-31,4,moderate_supply_growing,1.0,1.0,0.7903410608787604
28358,2023-01-31,0,high_value_appreciating,0.0,-1.0,0.011643603211273
28358,2023-02-28,0,high_value_appreciating,0.0,-1.0,0.0124574660280292
28358,2023-03-31,0,high_value_appreciating,0.0,-1.0,0.0133979462388391
28358,2023-04-30,0,high_value_appreciating,0.0,-1.0,0.0186390544819395
28358,2023-05-31,0,high_value_appreciating,0.0,-1.0,0.0350835306770076
28358,2023-06-30,0,high_value_appreciating,0.0,-1.0,0.0497588083170107
28358,2023-07-31,0,high_value_appreciating,0.0,0.0,0.0438908308741987
28358,2023-08-31,0,high_value_appreciating,0.0,-1.0,0.0743897961856811
28358,2023-09-30,0,high_value_appreciating,0.0,-1.0,0.0558766821396145
28358,2023-10-31,0,high_value_appreciating,0.0,-1.0,0.05663593283612
28358,2023-11-30,0,high_value_appreciating,0.0,-1.0,0.1155506295924925
28358,2023-12-31,0,high_value_appreciating,0.0,0.0,0.143750329214599
28360,2023-01-31,4,moderate_supply_growing,0.0,-1.0,0.0216290025948791
28360,2023-02-28,4,moderate_supply_growing,0.0,0.0,0.0485626497841292
28360,2023-03-31,4,moderate_supply_growing,0.0,0.0,0.0152939173488841
28360,2023-04-30,4,moderate_supply_growing,0.0,-1.0,0.0437903910609729
28360,2023-05-31,4,moderate_supply_growing,0.0,0.0,0.1516914895500845
28360,2023-06-30,4,moderate_supply_growing,0.0,0.0,0.3034367322092792
28360,2023-07-31,4,moderate_supply_growing,0.0,0.0,0.2612551436350015
28360,2023-08-31,4,moderate_supply_growing,0.0,0.0,0.1805883764759876
28360,2023-09-30,4,moderate_supply_growing,0.0,0.0,0.3581966610347133
28360,2023-10-31,4,moderate_supply_growing,0.0,0.0,0.3753277467968941
28360,2023-11-30,4,moderate_supply_growing,0.0,0.0,0.481443118484719
28360,2023-12-31,4,moderate_supply_growing,0.0,0.0,0.4097993007056631
28364,2023-01-31,4,moderate_supply_growing,0.0,-1.0,0.0808495483316479
28364,2023-02-28,4,moderate_supply_growing,0.0,0.0,0.0281788604118756
28364,2023-03-31,4,moderate_supply_growing,0.0,-1.0,0.0183558233392317
28364,2023-04-30,4,moderate_supply_growing,0.0,0.0,0.0840159996758905
28364,2023-05-31,4,moderate_supply_growing,0.0,0.0,0.0881873189752389
28364,2023-06-30,4,moderate_supply_growing,0.0,0.0,0.1049047847291628
28364,2023-07-31,4,moderate_supply_growing,0.0,0.0,0.1007518527121561
28364,2023-08-31,4,moderate_supply_growing,0.0,0.0,0.2468892529986582
28364,2023-09-30,4,moderate_supply_growing,0.0,0.0,0.2990994848211059
28364,2023-10-31,4,moderate_supply_growing,0.0,0.0,0.1540659760219017
28364,2023-11-30,4,moderate_supply_growing,0.0,0.0,0.3129977538084041
28364,2023-12-31,4,moderate_supply_growing,0.0,0.0,0.6190855996266847
28371,2023-01-31,4,moderate_supply_growing,0.0,-1.0,0.0166257664861164
28371,2023-02-28,4,moderate_supply_growing,0.0,-1.0,0.032824212452854
28371,2023-03-31,4,moderate_supply_growing,0.0,0.0,0.1711788831396959
28371,2023-04-30,4,moderate_supply_growing,0.0,0.0,0.1933580560327366
28371,2023-05-31,4,moderate_supply_growing,0.0,0.0,0.1820740837420151
28371,2023-06-30,4,moderate_supply_growing,0.0,0.0,0.1614148123914209
28371,2023-07-31,4,moderate_supply_growing,0.0,0.0,0.2556307181471202
28371,2023-08-31,4,moderate_supply_growing,0.0,0.0,0.3762342382316843
28371,2023-09-30,4,moderate_supply_growing,0.0,0.0,0.3206600634697829
28371,2023-10-31,4,moderate_supply_growing,0.0,0.0,0.15000698353257
28371,2023-11-30,4,moderate_supply_growing,0.0,0.0,0.1989776104623787
28371,2023-12-31,4,moderate_supply_growing,0.0,0.0,0.4411283063401119
28374,2023-01-31,2,competitive_mid_market,0.0,-1.0,0.006552549078564
28374,2023-02-28,2,competitive_mid_market,0.0,-1.0,0.0043418205535312
28374,2023-03-31,2,competitive_mid_market,0.0,-1.0,0.0083542756254442
28374,2023-04-30,2,competitive_mid_market,0.0,-1.0,0.0221370810026102
28374,2023-05-31,2,competitive_mid_market,0.0,-1.0,0.3078504323380151
28374,2023-06-30,2,competitive_mid_market,0.0,-1.0,0.3526957801462944
28374,2023-07-31,2,competitive_mid_market,0.0,-1.0,0.435608437500817
28374,2023-08-31,2,competitive_mid_market,0.0,-1.0,0.4694992852075961
28374,2023-09-30,2,competitive_mid_market,0.0,-1.0,0.400208139213942
28374,2023-10-31,2,competitive_mid_market,0.0,0.0,0.2101685157549373
28374,2023-11-30,2,competitive_mid_market,0.0,0.0,0.2570008513936406
28374,2023-12-31,2,competitive_mid_market,0.0,0.0,0.1318790453998456
28376,2023-01-31,2,competitive_mid_market,0.0,-1.0,0.0116037534275336
28376,2023-02-28,2,competitive_mid_market,0.0,-1.0,0.0107245591644334
28376,2023-03-31,2,competitive_mid_market,0.0,-1.0,0.0132953147602606
28376,2023-04-30,2,competitive_mid_market,0.0,-1.0,0.0436048519488487
28376,2023-05-31,2,competitive_mid_market,0.0,-1.0,0.0963977942449888
28376,2023-06-30,2,competitive_mid_market,0.0,-1.0,0.2186112237131779
28376,2023-07-31,2,competitive_mid_market,0.0,-1.0,0.229652226647975
28376,2023-08-31,2,competitive_mid_market,0.0,-1.0,0.1013016996115346
28376,2023-09-30,2,competitive_mid_market,0.0,-1.0,0.0606440162495266
28376,2023-10-31,2,competitive_mid_market,0.0,-1.0,0.0584320179578929
28376,2023-11-30,2,competitive_mid_market,0.0,-1.0,0.0630601135075537
28376,2023-12-31,2,competitive_mid_market,0.0,-1.0,0.0513691458448897
28377,2023-01-31,4,moderate_supply_growing,0.0,-1.0,0.0159668304327994
28377,2023-02-28,4,moderate_supply_growing,0.0,-1.0,0.0241789530086806
28377,2023-03-31,4,moderate_supply_growing,0.0,-1.0,0.0196129811806862
28377,2023-04-30,4,moderate_supply_growing,0.0,-1.0,0.1084928119152084
28377,2023-05-31,4,moderate_supply_growing,0.0,0.0,0.396798161976648
28377,2023-06-30,4,moderate_supply_growing,0.0,0.0,0.1362846697499377
28377,2023-07-31,4,moderate_supply_growing,0.0,0.0,0.141083379984353
28377,2023-08-31,4,moderate_supply_growing,0.0,0.0,0.074339122215002
28377,2023-09-30,4,moderate_supply_growing,0.0,-1.0,0.516369288581309
28377,2023-10-31,4,moderate_supply_growing,0.0,0.0,0.176481244236296
28377,2023-11-30,4,moderate_supply_growing,0.0,-1.0,0.4024460871208959
28377,2023-12-31,4,moderate_supply_growing,0.0,0.0,0.3050766063957825
28379,2023-01-31,4,moderate_supply_growing,0.0,-1.0,0.0152430129513634
28379,2023-02-28,4,moderate_supply_growing,0.0,-1.0,0.0173618838920051
28379,2023-03-31,4,moderate_supply_growing,0.0,-1.0,0.0100772513523875
28379,2023-04-30,4,moderate_supply_growing,0.0,-1.0,0.0454712942039861
28379,2023-05-31,4,moderate_supply_growing,0.0,-1.0,0.0966691567967752
28379,2023-06-30,4,moderate_supply_growing,0.0,0.0,0.1929624483575717
28379,2023-07-31,4,moderate_supply_growing,0.0,0.0,0.0828933291999702
28379,2023-08-31,4,moderate_supply_growing,0.0,0.0,0.0947821283049981
28379,2023-09-30,4,moderate_supply_growing,0.0,0.0,0.0738022146110856
28379,2023-10-31,4,moderate_supply_growing,0.0,0.0,0.0509453170567897
28379,2023-11-30,4,moderate_supply_growing,0.0,0.0,0.0586701957837164
28379,2023-12-31,4,moderate_supply_growing,0.0,0.0,0.0156948505298227
28384,2023-01-31,0,high_value_appreciating,0.0,0.0,0.0335735462157915
28384,2023-02-28,0,high_value_appreciating,0.0,0.0,0.0380513931943727
28384,2023-03-31,0,high_value_appreciating,0.0,0.0,0.1831777281500602
28384,2023-04-30,0,high_value_appreciating,0.0,0.0,0.1264122210847585
28384,2023-05-31,0,high_value_appreciating,0.0,0.0,0.2337708062125028
28384,2023-06-30,0,high_value_appreciating,0.0,0.0,0.309282723595837
28384,2023-07-31,0,high_value_appreciating,0.0,0.0,0.167910937645772
28384,2023-08-31,0,high_value_appreciating,0.0,0.0,0.0774127063916145
28384,2023-09-30,0,high_value_appreciating,0.0,0.0,0.1401702899611535
28384,2023-10-31,0,high_value_appreciating,0.0,-1.0,0.1454782220231435
28384,2023-11-30,0,high_value_appreciating,0.0,-1.0,0.0548155027222621
28384,2023-12-31,0,high_value_appreciating,0.0,-1.0,0.0564879584313149
28387,2023-01-31,2,competitive_mid_market,0.0,-1.0,0.0060268266612142
28387,2023-02-28,2,competitive_mid_market,0.0,-1.0,0.0093057880898324
28387,2023-03-31,2,competitive_mid_market,0.0,-1.0,0.0234205055652123
28387,2023-04-30,2,competitive_mid_market,0.0,-1.0,0.0343701216399858
28387,2023-05-31,2,competitive_mid_market,0.0,-1.0,0.0983456408436154
28387,2023-06-30,2,competitive_mid_market,0.0,-1.0,0.2424543658705405
28387,2023-07-31,2,competitive_mid_market,0.0,0.0,0.1627733567393395
28387,2023-08-31,2,competitive_mid_market,0.0,0.0,0.1830762723384397
28387,2023-09-30,2,competitive_mid_market,0.0,0.0,0.1463997962512559
28387,2023-10-31,2,competitive_mid_market,0.0,0.0,0.2140805113190016
28387,2023-11-30,2,competitive_mid_market,0.0,0.0,0.1842008440098186
28387,2023-12-31,2,competitive_mid_market,0.0,0.0,0.2154079121388721
28390,2023-01-31,2,competitive_mid_market,0.0,-1.0,0.0108433825375182
28390,2023-02-28,2,competitive_mid_market,0.0,-1.0,0.0163911319519641
28390,2023-03-31,2,competitive_mid_market,0.0,-1.0,0.0174053257491367
28390,2023-04-30,2,competitive_mid_market,0.0,-1.0,0.0402400676811617
28390,2023-05-31,2,competitive_mid_market,0.0,-1.0,0.0555983983692739
28390,2023-06-30,2,competitive_mid_market,0.0,-1.0,0.0688617453512721
28390,2023-07-31,2,competitive_mid_market,0.0,-1.0,0.0706365195771523
28390,2023-08-31,2,competitive_mid_market,0.0,-1.0,0.0794977209572572
28390,2023-09-30,2,competitive_mid_market,0.0,-1.0,0.1912888250577812
28390,2023-10-31,2,competitive_mid_market,0.0,0.0,0.1876749616492281
28390,2023-11-30,2,competitive_mid_market,0.0,0.0,0.1692994951208574
28390,2023-12-31,2,competitive_mid_market,0.0,0.0,0.1047857295344145
28391,2023-01-31,2,competitive_mid_market,0.0,0.0,0.0120791056220361
28391,2023-02-28,2,competitive_mid_market,0.0,-1.0,0.0137581517186898
28391,2023-03-31,2,competitive_mid_market,0.0,-1.0,0.0157034017404232
28391,2023-04-30,2,competitive_mid_market,0.0,-1.0,0.0226710561892101
28391,2023-05-31,2,competitive_mid_market,0.0,-1.0,0.0347139892194086
28391,2023-06-30,2,competitive_mid_market,0.0,-1.0,0.0477454977687682
28391,2023-07-31,2,competitive_mid_market,0.0,-1.0,0.0549246749732645
28391,2023-08-31,2,competitive_mid_market,0.0,-1.0,0.1882228188156198
28391,2023-09-30,2,competitive_mid_market,0.0,-1.0,0.2775943950110985
28391,2023-10-31,2,competitive_mid_market,0.0,-1.0,0.1980027871120432
28391,2023-11-30,2,competitive_mid_market,0.0,-1.0,0.1631223106528621
28391,2023-12-31,2,competitive_mid_market,0.0,-1.0,0.0876984809131799
28394,2023-01-31,4,moderate_supply_growing,0.0,-1.0,0.0104786420138616
28394,2023-02-28,4,moderate_supply_growing,0.0,-1.0,0.009261261179575
28394,2023-03-31,4,moderate_supply_growing,0.0,-1.0,0.0084855199102946
28394,2023-04-30,4,moderate_supply_growing,0.0,-1.0,0.0097345307416869
28394,2023-05-31,4,moderate_supply_growing,0.0,-1.0,0.0417330660729828
28394,2023-06-30,4,moderate_supply_growing,0.0,-1.0,0.18458167037243
28394,2023-07-31,4,moderate_supply_growing,0.0,-1.0,0.2303667190032825
28394,2023-08-31,4,moderate_supply_growing,0.0,-1.0,0.2219684597033702
28394,2023-09-30,4,moderate_supply_growing,0.0,-1.0,0.2298032267844472
28394,2023-10-31,4,moderate_supply_growing,0.0,-1.0,0.1588691434130627
28394,2023-11-30,4,moderate_supply_growing,0.0,0.0,0.1685575567192821
28394,2023-12-31,4,moderate_supply_growing,0.0,0.0,0.2924667704052785
28395,2023-01-31,4,moderate_supply_growing,0.0,-1.0,0.003651103821015
28395,2023-02-28,4,moderate_supply_growing,0.0,-1.0,0.0033497681042423
28395,2023-03-31,4,moderate_supply_growing,0.0,-1.0,0.0175199482557843
28395,2023-04-30,4,moderate_supply_growing,0.0,-1.0,0.0314406120808834
28395,2023-05-31,4,moderate_supply_growing,0.0,-1.0,0.2188013561968842
28395,2023-06-30,4,moderate_supply_growing,0.0,0.0,0.2306582804370231
28395,2023-07-31,4,moderate_supply_growing,0.0,0.0,0.2911981614679205
28395,2023-08-31,4,moderate_supply_growing,0.0,0.0,0.4593634144250685
28395,2023-09-30,4,moderate_supply_growing,0.0,0.0,0.6447060617401106
28395,2023-10-31,4,moderate_supply_growing,1.0,1.0,0.754695069899491
28395,2023-11-30,4,moderate_supply_growing,1.0,1.0,0.7225233208905408
28395,2023-12-31,4,moderate_supply_growing,1.0,1.0,0.6558569898762944
28396,2023-01-31,0,high_value_appreciating,0.0,-1.0,0.0112028798717729
28396,2023-02-28,0,high_value_appreciating,0.0,-1.0,0.0252837966042613
28396,2023-03-31,0,high_value_appreciating,0.0,-1.0,0.0189515163310513
28396,2023-04-30,0,high_value_appreciating,0.0,0.0,0.0491922799525546
28396,2023-05-31,0,high_value_appreciating,0.0,0.0,0.0664549720365505
28396,2023-06-30,0,high_value_appreciating,0.0,0.0,0.0337133208703787
28396,2023-07-31,0,high_value_appreciating,0.0,0.0,0.0683890841441396
28396,2023-08-31,0,high_value_appreciating,0.0,0.0,0.0806748065108968
28396,2023-09-30,0,high_value_appreciating,0.0,0.0,0.1899923130276991
28396,2023-10-31,0,high_value_appreciating,0.0,0.0,0.3991509684152073
28396,2023-11-30,0,high_value_appreciating,0.0,0.0,0.4799145969703986
28396,2023-12-31,0,high_value_appreciating,0.0,-1.0,0.2027782576463808
28401,2023-01-31,3,affordable_high_demand,0.0,-1.0,0.0069804053172715
28401,2023-02-28,3,affordable_high_demand,0.0,-1.0,0.0133466805920912
28401,2023-03-31,3,affordable_high_demand,0.0,-1.0,0.0252000588338226
28401,2023-04-30,3,affordable_high_demand,0.0,-1.0,0.0628743554900182
28401,2023-05-31,3,affordable_high_demand,0.0,-1.0,0.1183864375380478
28401,2023-06-30,3,affordable_high_demand,0.0,-1.0,0.2668617492186287
28401,2023-07-31,3,affordable_high_demand,0.0,0.0,0.4280022447276284
28401,2023-08-31,3,affordable_high_demand,0.0,0.0,0.4773184096646662
28401,2023-09-30,3,affordable_high_demand,0.0,0.0,0.3961464209575535
28401,2023-10-31,3,affordable_high_demand,0.0,0.0,0.3577014157582194
28401,2023-11-30,3,affordable_high_demand,0.0,0.0,0.307947469784714
28401,2023-12-31,3,affordable_high_demand,0.0,0.0,0.4636404983846674
28403,2023-01-31,2,competitive_mid_market,0.0,-1.0,0.0105924708333254
28403,2023-02-28,2,competitive_mid_market,0.0,-1.0,0.0211104593849032
28403,2023-03-31,2,competitive_mid_market,0.0,-1.0,0.0259182792627677
28403,2023-04-30,2,competitive_mid_market,0.0,-1.0,0.0706095692245729
28403,2023-05-31,2,competitive_mid_market,0.0,-1.0,0.081178272560715
28403,2023-06-30,2,competitive_mid_market,0.0,-1.0,0.1177303597654819
28403,2023-07-31,2,competitive_mid_market,0.0,-1.0,0.1796375881710877
28403,2023-08-31,2,competitive_mid_market,0.0,0.0,0.2236440365874876
28403,2023-09-30,2,competitive_mid_market,0.0,0.0,0.2219352771779151
28403,2023-10-31,2,competitive_mid_market,0.0,0.0,0.2511482099595063
28403,2023-11-30,2,competitive_mid_market,0.0,0.0,0.3184008898497131
28403,2023-12-31,2,competitive_mid_market,0.0,0.0,0.3644780317558844
28405,2023-01-31,2,competitive_mid_market,0.0,-1.0,0.0095025793703843
28405,2023-02-28,2,competitive_mid_market,0.0,-1.0,0.0140317813503263
28405,2023-03-31,2,competitive_mid_market,0.0,-1.0,0.0235628801392999
28405,2023-04-30,2,competitive_mid_market,0.0,-1.0,0.0455530285795914
28405,2023-05-31,2,competitive_mid_market,0.0,-1.0,0.0675759253719154
28405,2023-06-30,2,competitive_mid_market,0.0,-1.0,0.0896569388026149
28405,2023-07-31,2,competitive_mid_market,0.0,-1.0,0.13442354566184
28405,2023-08-31,2,competitive_mid_market,0.0,-1.0,0.1369532572338757
28405,2023-09-30,2,competitive_mid_market,0.0,0.0,0.1887238334356058
28405,2023-10-31,2,competitive_mid_market,0.0,0.0,0.2232444317779852
28405,2023-11-30,2,competitive_mid_market,0.0,0.0,0.149485706304634
28405,2023-12-31,2,competitive_mid_market,0.0,0.0,0.2294615948198213
28409,2023-01-31,2,competitive_mid_market,0.0,-1.0,0.0067852546177934
28409,2023-02-28,2,competitive_mid_market,0.0,-1.0,0.0121678246477886
28409,2023-03-31,2,competitive_mid_market,0.0,-1.0,0.0166582824165754
28409,2023-04-30,2,competitive_mid_market,0.0,-1.0,0.0653566459789588
28409,2023-05-31,2,competitive_mid_market,0.0,-1.0,0.160420184664608
28409,2023-06-30,2,competitive_mid_market,0.0,-1.0,0.2344463156622569
28409,2023-07-31,2,competitive_mid_market,0.0,-1.0,0.4295051186726795
28409,2023-08-31,2,competitive_mid_market,0.0,0.0,0.2925762791940949
28409,2023-09-30,2,competitive_mid_market,0.0,0.0,0.3579165907088599
28409,2023-10-31,2,competitive_mid_market,0.0,0.0,0.3302001964659543
28409,2023-11-30,2,competitive_mid_market,0.0,0.0,0.137363654832936
28409,2023-12-31,2,competitive_mid_market,0.0,0.0,0.1775983056681057
28411,2023-01-31,2,competitive_mid_market,0.0,-1.0,0.0061589959603179
28411,2023-02-28,2,competitive_mid_market,0.0,-1.0,0.0097047424342563
28411,2023-03-31,2,competitive_mid_market,0.0,-1.0,0.021661507423639
28411,2023-04-30,2,competitive_mid_market,0.0,-1.0,0.086830952382538
28411,2023-05-31,2,competitive_mid_market,0.0,-1.0,0.1288916782009541
28411,2023-06-30,2,competitive_mid_market,0.0,-1.0,0.2244813119292963
28411,2023-07-31,2,competitive_mid_market,0.0,-1.0,0.4342521197448188
28411,2023-08-31,2,competitive_mid_market,0.0,-1.0,0.3108109350411664
28411,2023-09-30,2,competitive_mid_market,0.0,-1.0,0.1664283806205375
28411,2023-10-31,2,competitive_mid_market,0.0,0.0,0.1955767131107915
28411,2023-11-30,2,competitive_mid_market,0.0,0.0,0.1306431530474581
28411,2023-12-31,2,competitive_mid_market,0.0,0.0,0.1282829199567574
28412,2023-01-31,2,competitive_mid_market,0.0,-1.0,0.0085900116961915
28412,2023-02-28,2,competitive_mid_market,0.0,-1.0,0.0161266940749867
28412,2023-03-31,2,competitive_mid_market,0.0,-1.0,0.0194228345865325
28412,2023-04-30,2,competitive_mid_market,0.0,-1.0,0.0742903321354886
28412,2023-05-31,2,competitive_mid_market,0.0,-1.0,0.1054949251290689
28412,2023-06-30,2,competitive_mid_market,0.0,-1.0,0.1651210984286126
28412,2023-07-31,2,competitive_mid_market,0.0,-1.0,0.2798073801512793
28412,2023-08-31,2,competitive_mid_market,0.0,-1.0,0.4695241680202747
28412,2023-09-30,2,competitive_mid_market,0.0,-1.0,0.3450473751919884
28412,2023-10-31,2,competitive_mid_market,0.0,0.0,0.2363547583764537
28412,2023-11-30,2,competitive_mid_market,0.0,0.0,0.1013681535732712
28412,2023-12-31,2,competitive_mid_market,0.0,0.0,0.0911433342308882
28422,2023-01-31,1,low_activity_cooling,0.0,-1.0,0.0151743164690017
28422,2023-02-28,1,low_activity_cooling,0.0,-1.0,0.0292947037231154
28422,2023-03-31,1,low_activity_cooling,0.0,-1.0,0.0237524938925024
28422,2023-04-30,1,low_activity_cooling,0.0,-1.0,0.0200739958432153
28422,2023-05-31,1,low_activity_cooling,0.0,-1.0,0.0312930624394967
28422,2023-06-30,1,low_activity_cooling,0.0,-1.0,0.0210128523607262
28422,2023-07-31,1,low_activity_cooling,0.0,-1.0,0.0533514969333126
28422,2023-08-31,1,low_activity_cooling,0.0,-1.0,0.0869437181031279
28422,2023-09-30,1,low_activity_cooling,0.0,0.0,0.0820063317380173
28422,2023-10-31,1,low_activity_cooling,0.0,0.0,0.1510200787811505
28422,2023-11-30,1,low_activity_cooling,0.0,0.0,0.1539921562575355
28422,2023-12-31,1,low_activity_cooling,0.0,0.0,0.1362986554789496
28425,2023-01-31,3,affordable_high_demand,0.0,0.0,0.0128431842003851
28425,2023-02-28,3,affordable_high_demand,0.0,0.0,0.0108376390493203
28425,2023-03-31,3,affordable_high_demand,0.0,0.0,0.0272998936317892
28425,2023-04-30,3,affordable_high_demand,0.0,0.0,0.0671165424403782
28425,2023-05-31,3,affordable_high_demand,0.0,0.0,0.168645809002114
28425,2023-06-30,3,affordable_high_demand,0.0,0.0,0.0803497460028621
28425,2023-07-31,3,affordable_high_demand,0.0,0.0,0.0323611338978015
28425,2023-08-31,3,affordable_high_demand,0.0,0.0,0.1056699016879548
28425,2023-09-30,3,affordable_high_demand,0.0,0.0,0.4686522542983241
28425,2023-10-31,3,affordable_high_demand,0.0,0.0,0.369063603998247
28425,2023-11-30,3,affordable_high_demand,0.0,0.0,0.2166183103474661
28425,2023-12-31,3,affordable_high_demand,0.0,0.0,0.1057838511048008
28428,2023-01-31,0,high_value_appreciating,0.0,-1.0,0.0095209253386572
28428,2023-02-28,0,high_value_appreciating,0.0,-1.0,0.015430384329494
28428,2023-03-31,0,high_value_appreciating,0.0,-1.0,0.0182522185285282
28428,2023-04-30,0,high_value_appreciating,0.0,-1.0,0.0386076553169382
28428,2023-05-31,0,high_value_appreciating,0.0,-1.0,0.0540985358297198
28428,2023-06-30,0,high_value_appreciating,0.0,-1.0,0.1132720388474412
28428,2023-07-31,0,high_value_appreciating,0.0,-1.0,0.061471613105361
28428,2023-08-31,0,high_value_appreciating,0.0,0.0,0.1636248616221055
28428,2023-09-30,0,high_value_appreciating,0.0,0.0,0.3498746286342182
28428,2023-10-31,0,high_value_appreciating,0.0,0.0,0.4399490374554886
28428,2023-11-30,0,high_value_appreciating,0.0,0.0,0.3798980198676819
28428,2023-12-31,0,high_value_appreciating,0.0,0.0,0.4062801531781093
28429,2023-01-31,3,affordable_high_demand,0.0,-1.0,0.0154887479927052
28429,2023-02-28,3,affordable_high_demand,0.0,-1.0,0.020389739752383
28429,2023-03-31,3,affordable_high_demand,0.0,-1.0,0.0361164000130907
28429,2023-04-30,3,affordable_high_demand,0.0,-1.0,0.0699037148137538
28429,2023-05-31,3,affordable_high_demand,0.0,-1.0,0.2124892330544037
28429,2023-06-30,3,affordable_high_demand,0.0,-1.0,0.257909439249058
28429,2023-07-31,3,affordable_high_demand,0.0,-1.0,0.2845169946989251
28429,2023-08-31,3,affordable_high_demand,0.0,0.0,0.3053517059858812
28429,2023-09-30,3,affordable_high_demand,0.0,0.0,0.2661017908569299
28429,2023-10-31,3,affordable_high_demand,0.0,0.0,0.2322286631179498
28429,2023-11-30,3,affordable_high_demand,0.0,0.0,0.1378398382450909
28429,2023-12-31,3,affordable_high_demand,0.0,0.0,0.1362466880543492
28443,2023-01-31,2,competitive_mid_market,0.0,-1.0,0.009506029606066
28443,2023-02-28,2,competitive_mid_market,0.0,-1.0,0.0144211632272428
28443,2023-03-31,2,competitive_mid_market,0.0,-1.0,0.0185212708780962
28443,2023-04-30,2,competitive_mid_market,0.0,-1.0,0.0840943015435012
28443,2023-05-31,2,competitive_mid_market,0.0,-1.0,0.2538475716026386
28443,2023-06-30,2,competitive_mid_market,0.0,-1.0,0.254100861767203
28443,2023-07-31,2,competitive_mid_market,0.0,0.0,0.30049082479699
28443,2023-08-31,2,competitive_mid_market,0.0,0.0,0.2360467340654925
28443,2023-09-30,2,competitive_mid_market,0.0,0.0,0.2196577674094585
28443,2023-10-31,2,competitive_mid_market,0.0,0.0,0.2366710322908885
28443,2023-11-30,2,competitive_mid_market,0.0,0.0,0.2245859918149482
28443,2023-12-31,2,competitive_mid_market,0.0,0.0,0.1302984291113949
28445,2023-01-31,0,high_value_appreciating,0.0,-1.0,0.0078758574548912
28445,2023-02-28,0,high_value_appreciating,0.0,-1.0,0.0105152472250637
28445,2023-03-31,0,high_value_appreciating,0.0,-1.0,0.0095482628865953
28445,2023-04-30,0,high_value_appreciating,0.0,-1.0,0.0330982405048204
28445,2023-05-31,0,high_value_appreciating,0.0,-1.0,0.0433852835489082
28445,2023-06-30,0,high_value_appreciating,0.0,-1.0,0.1103617544213787
28445,2023-07-31,0,high_value_appreciating,0.0,-1.0,0.158197337740562
28445,2023-08-31,0,high_value_appreciating,0.0,-1.0,0.0949290683719198
28445,2023-09-30,0,high_value_appreciating,0.0,-1.0,0.1089763349792952
28445,2023-10-31,0,high_value_appreciating,0.0,0.0,0.1395919784310879
28445,2023-11-30,0,high_value_appreciating,0.0,0.0,0.1892018133710179
28445,2023-12-31,0,high_value_appreciating,0.0,0.0,0.3258718655863123
28449,2023-01-31,0,high_value_appreciating,0.0,-1.0,0.0094650872450263
28449,2023-02-28,0,high_value_appreciating,0.0,-1.0,0.0214069119806019
28449,2023-03-31,0,high_value_appreciating,0.0,-1.0,0.0172734225429273
28449,2023-04-30,0,high_value_appreciating,0.0,-1.0,0.0336735890059635
28449,2023-05-31,0,high_value_appreciating,0.0,-1.0,0.103764050486439
28449,2023-06-30,0,high_value_appreciating,0.0,-1.0,0.0500293972223908
28449,2023-07-31,0,high_value_appreciating,0.0,-1.0,0.0589546917124505
28449,2023-08-31,0,high_value_appreciating,0.0,-1.0,0.1938865382538467
28449,2023-09-30,0,high_value_appreciating,0.0,0.0,0.3954533425837087
28449,2023-10-31,0,high_value_appreciating,0.0,0.0,0.8300782133365034
28449,2023-11-30,0,high_value_appreciating,0.0,0.0,0.8585921434188869
28449,2023-12-31,0,high_value_appreciating,0.0,0.0,0.7289129045516958
28451,2023-01-31,2,competitive_mid_market,0.0,-1.0,0.0079490859088251
28451,2023-02-28,2,competitive_mid_market,0.0,-1.0,0.0143536553186747
28451,2023-03-31,2,competitive_mid_market,0.0,-1.0,0.0287398834021205
28451,2023-04-30,2,competitive_mid_market,0.0,-1.0,0.0509995764137423
28451,2023-05-31,2,competitive_mid_market,0.0,-1.0,0.0520866911788082
28451,2023-06-30,2,competitive_mid_market,0.0,-1.0,0.1335839717956642
28451,2023-07-31,2,competitive_mid_market,0.0,-1.0,0.0671107838569054
28451,2023-08-31,2,competitive_mid_market,0.0,-1.0,0.1453943045171778
28451,2023-09-30,2,competitive_mid_market,0.0,0.0,0.2453820401061422
28451,2023-10-31,2,competitive_mid_market,0.0,0.0,0.202079854366076
28451,2023-11-30,2,competitive_mid_market,0.0,0.0,0.2557593054774383
28451,2023-12-31,2,competitive_mid_market,0.0,0.0,0.2495471748703295
28454,2023-01-31,4,moderate_supply_growing,0.0,-1.0,0.0047673782048012
28454,2023-02-28,4,moderate_supply_growing,0.0,-1.0,0.0267738006709119
28454,2023-03-31,4,moderate_supply_growing,0.0,-1.0,0.0518063540555585
28454,2023-04-30,4,moderate_supply_growing,0.0,-1.0,0.1922491045120209
28454,2023-05-31,4,moderate_supply_growing,0.0,0.0,0.141207285670614
28454,2023-06-30,4,moderate_supply_growing,0.0,0.0,0.2147786586760626
28454,2023-07-31,4,moderate_supply_growing,0.0,0.0,0.2631288797943454
28454,2023-08-31,4,moderate_supply_growing,0.0,0.0,0.2497783128589536
28454,2023-09-30,4,moderate_supply_growing,0.0,0.0,0.5635846328510192
28454,2023-10-31,4,moderate_supply_growing,0.0,0.0,0.3375791782766375
28454,2023-11-30,4,moderate_supply_growing,0.0,0.0,0.3990411436233652
28454,2023-12-31,4,moderate_supply_growing,0.0,0.0,0.3778542693238066
28457,2023-01-31,2,competitive_mid_market,0.0,-1.0,0.0183123790358861
28457,2023-02-28,2,competitive_mid_market,0.0,-1.0,0.0187649000541047
28457,2023-03-31,2,competitive_mid_market,0.0,0.0,0.0203096633337484
28457,2023-04-30,2,competitive_mid_market,0.0,0.0,0.05378914929507
28457,2023-05-31,2,competitive_mid_market,0.0,0.0,0.0857534539605936
28457,2023-06-30,2,competitive_mid_market,0.0,0.0,0.1013529434400153
28457,2023-07-31,2,competitive_mid_market,0.0,0.0,0.0976037222318179
28457,2023-08-31,2,competitive_mid_market,0.0,0.0,0.2028714565985819
28457,2023-09-30,2,competitive_mid_market,0.0,0.0,0.2089316525701516
28457,2023-10-31,2,competitive_mid_market,0.0,0.0,0.1738902380402858
28457,2023-11-30,2,competitive_mid_market,0.0,0.0,0.1608802137158146
28457,2023-12-31,2,competitive_mid_market,0.0,0.0,0.1063417007445624
28460,2023-01-31,0,high_value_appreciating,0.0,-1.0,0.0079620266131885
28460,2023-02-28,0,high_value_appreciating,0.0,-1.0,0.0101713155399149
28460,2023-03-31,0,high_value_appreciating,0.0,-1.0,0.0204056198552244
28460,2023-04-30,0,high_value_appreciating,0.0,-1.0,0.0451950193308342
28460,2023-05-31,0,high_value_appreciating,0.0,-1.0,0.1138915516074329
28460,2023-06-30,0,high_value_appreciating,0.0,-1.0,0.1838260216368442
28460,2023-07-31,0,high_value_appreciating,0.0,-1.0,0.0670229960021734
28460,2023-08-31,0,high_value_appreciating,0.0,-1.0,0.1072899503807844
28460,2023-09-30,0,high_value_appreciating,0.0,-1.0,0.089546741653755
28460,2023-10-31,0,high_value_appreciating,0.0,0.0,0.2449949531784247
28460,2023-11-30,0,high_value_appreciating,0.0,0.0,0.1349130908675729
28460,2023-12-31,0,high_value_appreciating,0.0,0.0,0.2290911911037954
28461,2023-01-31,0,high_value_appreciating,0.0,-1.0,0.0099015897851081
28461,2023-02-28,0,high_value_appreciating,0.0,-1.0,0.0136857427848906
28461,2023-03-31,0,high_value_appreciating,0.0,-1.0,0.0145505358485778
28461,2023-04-30,0,high_value_appreciating,0.0,-1.0,0.0152518693011131
28461,2023-05-31,0,high_value_appreciating,0.0,-1.0,0.0275609770746489
28461,2023-06-30,0,high_value_appreciating,0.0,-1.0,0.0676916226620688
28461,2023-07-31,0,high_value_appreciating,0.0,-1.0,0.1818988550445924
28461,2023-08-31,0,high_value_appreciating,0.0,-1.0,0.166209503107018
28461,2023-09-30,0,high_value_appreciating,0.0,-1.0,0.4776974295316172
28461,2023-10-31,0,high_value_appreciating,0.0,0.0,0.1928913997422776
28461,2023-11-30,0,high_value_appreciating,0.0,0.0,0.128584323310401
28461,2023-12-31,0,high_value_appreciating,0.0,0.0,0.2760583251652275
28462,2023-01-31,0,high_value_appreciating,0.0,-1.0,0.0057743096930423
28462,2023-02-28,0,high_value_appreciating,0.0,-1.0,0.0098631591158448
28462,2023-03-31,0,high_value_appreciating,0.0,-1.0,0.0087536036693296
28462,2023-04-30,0,high_value_appreciating,0.0,-1.0,0.0178977773263383
28462,2023-05-31,0,high_value_appreciating,0.0,-1.0,0.0344388477384178
28462,2023-06-30,0,high_value_appreciating,0.0,-1.0,0.0663110571962325
28462,2023-07-31,0,high_value_appreciating,0.0,-1.0,0.2810810525218483
28462,2023-08-31,0,high_value_appreciating,0.0,-1.0,0.4162346276593764
28462,2023-09-30,0,high_value_appreciating,0.0,0.0,0.5965900174330486
28462,2023-10-31,0,high_value_appreciating,0.0,0.0,0.5970350011830237
28462,2023-11-30,0,high_value_appreciating,0.0,0.0,0.4202589338368082
28462,2023-12-31,0,high_value_appreciating,0.0,0.0,0.4572704888049024
28465,2023-01-31,0,high_value_appreciating,0.0,-1.0,0.0126864140262273
28465,2023-02-28,0,high_value_appreciating,0.0,-1.0,0.0166171069463481
28465,2023-03-31,0,high_value_appreciating,0.0,-1.0,0.0115821867335171
28465,2023-04-30,0,high_value_appreciating,0.0,-1.0,0.0325034026612161
28465,2023-05-31,0,high_value_appreciating,0.0,-1.0,0.0477345070937797
28465,2023-06-30,0,high_value_appreciating,0.0,-1.0,0.089322733665636
28465,2023-07-31,0,high_value_appreciating,0.0,-1.0,0.1321360308857196
28465,2023-08-31,0,high_value_appreciating,0.0,-1.0,0.1686449467170118
28465,2023-09-30,0,high_value_appreciating,0.0,0.0,0.3315933683958284
28465,2023-10-31,0,high_value_appreciating,0.0,0.0,0.3871952040554774
28465,2023-11-30,0,high_value_appreciating,0.0,0.0,0.2374355553927267
28465,2023-12-31,0,high_value_appreciating,0.0,0.0,0.3214618655298268
28467,2023-01-31,0,high_value_appreciating,0.0,-1.0,0.0101413132187252
28467,2023-02-28,0,high_value_appreciating,0.0,-1.0,0.0110990834107987
28467,2023-03-31,0,high_value_appreciating,0.0,-1.0,0.0134294085339436
28467,2023-04-30,0,high_value_appreciating,0.0,-1.0,0.0290853657206684
28467,2023-05-31,0,high_value_appreciating,0.0,-1.0,0.0341372828599777
28467,2023-06-30,0,high_value_appreciating,0.0,-1.0,0.0357361551030344
28467,2023-07-31,0,high_value_appreciating,0.0,-1.0,0.0822437113899772
28467,2023-08-31,0,high_value_appreciating,0.0,-1.0,0.1568256241248474
28467,2023-09-30,0,high_value_appreciating,0.0,0.0,0.3488353152464947
28467,2023-10-31,0,high_value_appreciating,0.0,0.0,0.3077884593531031
28467,2023-11-30,0,high_value_appreciating,0.0,0.0,0.0760192000668453
28467,2023-12-31,0,high_value_appreciating,0.0,0.0,0.0601649822417476
28468,2023-01-31,0,high_value_appreciating,0.0,-1.0,0.0089090379469405
28468,2023-02-28,0,high_value_appreciating,0.0,-1.0,0.0179552667746874
28468,2023-03-31,0,high_value_appreciating,0.0,-1.0,0.0489934950754515
28468,2023-04-30,0,high_value_appreciating,0.0,-1.0,0.0434163400139916
28468,2023-05-31,0,high_value_appreciating,0.0,-1.0,0.0366971497558837
28468,2023-06-30,0,high_value_appreciating,0.0,-1.0,0.0448228142053989
28468,2023-07-31,0,high_value_appreciating,0.0,-1.0,0.0539584144642854
28468,2023-08-31,0,high_value_appreciating,0.0,-1.0,0.1519056617224187
28468,2023-09-30,0,high_value_appreciating,0.0,0.0,0.3172844112239816
28468,2023-10-31,0,high_value_appreciating,0.0,0.0,0.3576659918413946
28468,2023-11-30,0,high_value_appreciating,0.0,0.0,0.2404139994713851
28468,2023-12-31,0,high_value_appreciating,0.0,0.0,0.2395439118003062
28469,2023-01-31,0,high_value_appreciating,0.0,-1.0,0.0150668217289545
28469,2023-02-28,0,high_value_appreciating,0.0,-1.0,0.0160180264130195
28469,2023-03-31,0,high_value_appreciating,0.0,-1.0,0.0264365455546549
28469,2023-04-30,0,high_value_appreciating,0.0,-1.0,0.0166522467436881
28469,2023-05-31,0,high_value_appreciating,0.0,-1.0,0.0287060958536526
28469,2023-06-30,0,high_value_appreciating,0.0,-1.0,0.0588333931000391
28469,2023-07-31,0,high_value_appreciating,0.0,-1.0,0.2000250521771183
28469,2023-08-31,0,high_value_appreciating,0.0,0.0,0.3909085115680552
28469,2023-09-30,0,high_value_appreciating,0.0,0.0,0.4970470848464032
28469,2023-10-31,0,high_value_appreciating,0.0,0.0,0.3606986825229643
28469,2023-11-30,0,high_value_appreciating,0.0,0.0,0.5476839338133968
28469,2023-12-31,0,high_value_appreciating,0.0,0.0,0.3912433191707975
28470,2023-01-31,4,moderate_supply_growing,0.0,-1.0,0.0140546764326397
28470,2023-02-28,4,moderate_supply_growing,0.0,-1.0,0.0165702695785086
28470,2023-03-31,4,moderate_supply_growing,0.0,-1.0,0.0136863039465863
28470,2023-04-30,4,moderate_supply_growing,0.0,-1.0,0.0122951003488639
28470,2023-05-31,4,moderate_supply_growing,0.0,-1.0,0.0207417014063774
28470,2023-06-30,4,moderate_supply_growing,0.0,-1.0,0.3265676345237382
28470,2023-07-31,4,moderate_supply_growing,0.0,0.0,0.2757057424103725
28470,2023-08-31,4,moderate_supply_growing,0.0,0.0,0.6292587339257788
28470,2023-09-30,4,moderate_supply_growing,0.0,0.0,0.803995320633057
28470,2023-10-31,4,moderate_supply_growing,0.0,0.0,0.6813424562515188
28470,2023-11-30,4,moderate_supply_growing,0.0,0.0,0.753941332505182
28470,2023-12-31,4,moderate_supply_growing,0.0,0.0,0.7856395796287179
28478,2023-01-31,4,moderate_supply_growing,1.0,1.0,0.0940436232494071
28478,2023-02-28,4,moderate_supply_growing,1.0,1.0,0.0718937174985792
28478,2023-03-31,4,moderate_supply_growing,1.0,1.0,0.5018257563110766
28478,2023-04-30,4,moderate_supply_growing,1.0,1.0,0.1802523526908468
28478,2023-05-31,4,moderate_supply_growing,1.0,1.0,0.172326699366971
28478,2023-06-30,4,moderate_supply_growing,1.0,1.0,0.4325343019940921
28478,2023-07-31,4,moderate_supply_growing,1.0,1.0,0.0795902794066582
28478,2023-08-31,4,moderate_supply_growing,0.0,0.0,0.3294507958773943
28478,2023-09-30,4,moderate_supply_growing,1.0,1.0,0.3448600777218724
28478,2023-10-31,4,moderate_supply_growing,1.0,1.0,0.7559201565087353
28478,2023-11-30,4,moderate_supply_growing,1.0,1.0,0.1305435797169799
28478,2023-12-31,4,moderate_supply_growing,0.0,0.0,0.1017088792340435
28479,2023-01-31,3,affordable_high_demand,0.0,-1.0,0.0151464814400072
28479,2023-02-28,3,affordable_high_demand,0.0,-1.0,0.0124952602927636
28479,2023-03-31,3,affordable_high_demand,0.0,-1.0,0.1171278883366287
28479,2023-04-30,3,affordable_high_demand,0.0,-1.0,0.2462177178569384
28479,2023-05-31,3,affordable_high_demand,0.0,-1.0,0.2312944423226484
28479,2023-06-30,3,affordable_high_demand,0.0,0.0,0.2751365693124872
28479,2023-07-31,3,affordable_high_demand,0.0,0.0,0.3331937282395705
28479,2023-08-31,3,affordable_high_demand,0.0,0.0,0.503306291932823
28479,2023-09-30,3,affordable_high_demand,0.0,0.0,0.5054422833277458
28479,2023-10-31,3,affordable_high_demand,0.0,0.0,0.6972852854386702
28479,2023-11-30,3,affordable_high_demand,0.0,0.0,0.6347432279827464
28479,2023-12-31,3,affordable_high_demand,0.0,0.0,0.7212820511926833
28480,2023-01-31,0,high_value_appreciating,0.0,-1.0,0.0154015148111621
28480,2023-02-28,0,high_value_appreciating,0.0,-1.0,0.0264336307933563
28480,2023-03-31,0,high_value_appreciating,0.0,-1.0,0.0151228592295064
28480,2023-04-30,0,high_value_appreciating,0.0,-1.0,0.061915669692853
28480,2023-05-31,0,high_value_appreciating,0.0,-1.0,0.0670302451519152
28480,2023-06-30,0,high_value_appreciating,0.0,-1.0,0.0684906329707723
28480,2023-07-31,0,high_value_appreciating,0.0,-1.0,0.0856270829181085
28480,2023-08-31,0,high_value_appreciating,0.0,0.0,0.2298605189442734
28480,2023-09-30,0,high_value_appreciating,0.0,0.0,0.2793101051151493
28480,2023-10-31,0,high_value_appreciating,0.0,0.0,0.5270840495037924
28480,2023-11-30,0,high_value_appreciating,0.0,0.0,0.238125109392586
28480,2023-12-31,0,high_value_appreciating,0.0,0.0,0.2660169890005345
28501,2023-01-31,0,high_value_appreciating,0.0,0.0,0.018501254471901
28501,2023-02-28,0,high_value_appreciating,0.0,0.0,0.0177189347175327
28501,2023-03-31,0,high_value_appreciating,0.0,0.0,0.0189405586698179
28501,2023-04-30,0,high_value_appreciating,0.0,0.0,0.0469167280952646
28501,2023-05-31,0,high_value_appreciating,0.0,-1.0,0.0346188818678464
28501,2023-06-30,0,high_value_appreciating,0.0,-1.0,0.0203388235958702
28501,2023-07-31,0,high_value_appreciating,0.0,-1.0,0.0432027487676435
28501,2023-08-31,0,high_value_appreciating,0.0,0.0,0.0302563806275753
28501,2023-09-30,0,high_value_appreciating,0.0,0.0,0.0772732175065812
28501,2023-10-31,0,high_value_appreciating,0.0,0.0,0.0352295249414023
28501,2023-11-30,0,high_value_appreciating,0.0,-1.0,0.0796863120746115
28501,2023-12-31,0,high_value_appreciating,0.0,-1.0,0.0308267857307311
28504,2023-01-31,0,high_value_appreciating,0.0,0.0,0.0108197856367196
28504,2023-02-28,0,high_value_appreciating,0.0,-1.0,0.0127039615353567
28504,2023-03-31,0,high_value_appreciating,0.0,-1.0,0.0157609571746687
28504,2023-04-30,0,high_value_appreciating,0.0,-1.0,0.0166208548841198
28504,2023-05-31,0,high_value_appreciating,0.0,-1.0,0.0260387922126698
28504,2023-06-30,0,high_value_appreciating,0.0,-1.0,0.0407654787946755
28504,2023-07-31,0,high_value_appreciating,0.0,-1.0,0.047475264763553
28504,2023-08-31,0,high_value_appreciating,0.0,-1.0,0.0672382641903115
28504,2023-09-30,0,high_value_appreciating,0.0,-1.0,0.1098478666594287
28504,2023-10-31,0,high_value_appreciating,0.0,-1.0,0.1476021493050273
28504,2023-11-30,0,high_value_appreciating,0.0,0.0,0.1026645506679932
28504,2023-12-31,0,high_value_appreciating,0.0,0.0,0.079811862981393
28510,2023-01-31,4,moderate_supply_growing,0.0,-1.0,0.028304488278535
28510,2023-02-28,4,moderate_supply_growing,0.0,-1.0,0.0277742663915765
28510,2023-03-31,4,moderate_supply_growing,0.0,-1.0,0.0235801794849452
28510,2023-04-30,4,moderate_supply_growing,0.0,-1.0,0.0644650612127694
28510,2023-05-31,4,moderate_supply_growing,0.0,-1.0,0.1730510588152063
28510,2023-06-30,4,moderate_supply_growing,0.0,-1.0,0.6201781226836486
28510,2023-07-31,4,moderate_supply_growing,0.0,0.0,0.3802232101539058
28510,2023-08-31,4,moderate_supply_growing,0.0,0.0,0.4873762166307531
28510,2023-09-30,4,moderate_supply_growing,1.0,1.0,0.745730407340593
28510,2023-10-31,4,moderate_supply_growing,1.0,1.0,0.7244333068932536
28510,2023-11-30,4,moderate_supply_growing,1.0,1.0,0.6794775650039214
28510,2023-12-31,4,moderate_supply_growing,1.0,1.0,0.6583730221313898
28512,2023-01-31,0,high_value_appreciating,0.0,-1.0,0.0093039099372562
28512,2023-02-28,0,high_value_appreciating,0.0,-1.0,0.0128297888238954
28512,2023-03-31,0,high_value_appreciating,0.0,-1.0,0.0232537220662471
28512,2023-04-30,0,high_value_appreciating,0.0,-1.0,0.1071579461549585
28512,2023-05-31,0,high_value_appreciating,0.0,-1.0,0.20583566494706
28512,2023-06-30,0,high_value_appreciating,0.0,-1.0,0.1671808258804586
28512,2023-07-31,0,high_value_appreciating,0.0,-1.0,0.1879416422075163
28512,2023-08-31,0,high_value_appreciating,0.0,-1.0,0.2277297978289182
28512,2023-09-30,0,high_value_appreciating,0.0,0.0,0.4323103699499833
28512,2023-10-31,0,high_value_appreciating,0.0,0.0,0.5157887349967153
28512,2023-11-30,0,high_value_appreciating,0.0,0.0,0.5918003807051226
28512,2023-12-31,0,high_value_appreciating,0.0,0.0,0.3184640176618707
28513,2023-01-31,3,affordable_high_demand,0.0,-1.0,0.0378607546077679
28513,2023-02-28,3,affordable_high_demand,0.0,-1.0,0.0335180661655944
28513,2023-03-31,3,affordable_high_demand,0.0,0.0,0.0512006977485979
28513,2023-04-30,3,affordable_high_demand,0.0,0.0,0.0653116022672804
28513,2023-05-31,3,affordable_high_demand,0.0,0.0,0.1404191506295728
28513,2023-06-30,3,affordable_high_demand,0.0,0.0,0.1735641174624289
28513,2023-07-31,3,affordable_high_demand,0.0,0.0,0.1920741299727129
28513,2023-08-31,3,affordable_high_demand,0.0,0.0,0.3614756684951641
28513,2023-09-30,3,affordable_high_demand,0.0,0.0,0.165184924722803
28513,2023-10-31,3,affordable_high_demand,0.0,0.0,0.1464618904249126
28513,2023-11-30,3,affordable_high_demand,0.0,0.0,0.3518045003603218
28513,2023-12-31,3,affordable_high_demand,0.0,0.0,0.4408772786898651
28516,2023-01-31,0,high_value_appreciating,0.0,-1.0,0.0112135088438745
28516,2023-02-28,0,high_value_appreciating,0.0,-1.0,0.0131195861252354
28516,2023-03-31,0,high_value_appreciating,0.0,-1.0,0.0188016263104529
28516,2023-04-30,0,high_value_appreciating,0.0,-1.0,0.1206860560985826
28516,2023-05-31,0,high_value_appreciating,0.0,-1.0,0.1064883915832654
28516,2023-06-30,0,high_value_appreciating,0.0,-1.0,0.5235532737177568
28516,2023-07-31,0,high_value_appreciating,0.0,0.0,0.2304849080910762
28516,2023-08-31,0,high_value_appreciating,0.0,0.0,0.3825275057536522
28516,2023-09-30,0,high_value_appreciating,0.0,0.0,0.4151746581592012
28516,2023-10-31,0,high_value_appreciating,0.0,0.0,0.2611888589486515
28516,2023-11-30,0,high_value_appreciating,0.0,0.0,0.2993259719977601
28516,2023-12-31,0,high_value_appreciating,0.0,0.0,0.2393541383076289
28530,2023-01-31,4,moderate_supply_growing,0.0,-1.0,0.0158910742325003
28530,2023-02-28,4,moderate_supply_growing,0.0,-1.0,0.0136329944010948
28530,2023-03-31,4,moderate_supply_growing,0.0,-1.0,0.0252948810525622
28530,2023-04-30,4,moderate_supply_growing,0.0,-1.0,0.0365386394977623
28530,2023-05-31,4,moderate_supply_growing,0.0,-1.0,0.0346940861581515
28530,2023-06-30,4,moderate_supply_growing,0.0,-1.0,0.0195738425313486
28530,2023-07-31,4,moderate_supply_growing,0.0,-1.0,0.0346614953471759
28530,2023-08-31,4,moderate_supply_growing,0.0,-1.0,0.1485730978886496
28530,2023-09-30,4,moderate_supply_growing,0.0,-1.0,0.460493562203321
28530,2023-10-31,4,moderate_supply_growing,0.0,-1.0,0.1827167955926252
28530,2023-11-30,4,moderate_supply_growing,0.0,-1.0,0.473375961492668
28530,2023-12-31,4,moderate_supply_growing,0.0,0.0,0.4327756675080888
28531,2023-01-31,4,moderate_supply_growing,0.0,-1.0,0.0333257638222829
28531,2023-02-28,4,moderate_supply_growing,0.0,-1.0,0.0097452396268958
28531,2023-03-31,4,moderate_supply_growing,0.0,-1.0,0.0162408673778656
28531,2023-04-30,4,moderate_supply_growing,0.0,0.0,0.0795862307045285
28531,2023-05-31,4,moderate_supply_growing,0.0,0.0,0.1054715862094117
28531,2023-06-30,4,moderate_supply_growing,0.0,0.0,0.1649387890394586
28531,2023-07-31,4,moderate_supply_growing,0.0,0.0,0.4467253466620783
28531,2023-08-31,4,moderate_supply_growing,0.0,0.0,0.0416718853234213
28531,2023-09-30,4,moderate_supply_growing,0.0,0.0,0.0386781631616204
28531,2023-10-31,4,moderate_supply_growing,0.0,0.0,0.3344153754431546
28531,2023-11-30,4,moderate_supply_growing,0.0,0.0,0.3763770363712311
28531,2023-12-31,4,moderate_supply_growing,0.0,-1.0,0.3478878575875641
28532,2023-01-31,2,competitive_mid_market,0.0,-1.0,0.0117485164435413
28532,2023-02-28,2,competitive_mid_market,0.0,-1.0,0.0146967531981675
28532,2023-03-31,2,competitive_mid_market,0.0,-1.0,0.0268578679044718
28532,2023-04-30,2,competitive_mid_market,0.0,-1.0,0.0356200673636949
28532,2023-05-31,2,competitive_mid_market,0.0,-1.0,0.0555456972662448
28532,2023-06-30,2,competitive_mid_market,0.0,-1.0,0.1792410692484179
28532,2023-07-31,2,competitive_mid_market,0.0,-1.0,0.1596128947556442
28532,2023-08-31,2,competitive_mid_market,0.0,0.0,0.3354166522830915
28532,2023-09-30,2,competitive_mid_market,0.0,0.0,0.1737992299260928
28532,2023-10-31,2,competitive_mid_market,0.0,0.0,0.1161022590507095
28532,2023-11-30,2,competitive_mid_market,0.0,0.0,0.0855887276071222
28532,2023-12-31,2,competitive_mid_market,0.0,0.0,0.0433825115179455
28539,2023-01-31,2,competitive_mid_market,0.0,-1.0,0.0067294664431504
28539,2023-02-28,2,competitive_mid_market,0.0,-1.0,0.0191649615159882
28539,2023-03-31,2,competitive_mid_market,0.0,-1.0,0.0436111844053805
28539,2023-04-30,2,competitive_mid_market,0.0,-1.0,0.0645212362628988
28539,2023-05-31,2,competitive_mid_market,0.0,-1.0,0.0886220940612816
28539,2023-06-30,2,competitive_mid_market,0.0,0.0,0.0825263046385599
28539,2023-07-31,2,competitive_mid_market,0.0,0.0,0.0862234536533993
28539,2023-08-31,2,competitive_mid_market,0.0,0.0,0.0896184934611833
28539,2023-09-30,2,competitive_mid_market,0.0,0.0,0.1305381413731529
28539,2023-10-31,2,competitive_mid_market,0.0,0.0,0.0938454970080621
28539,2023-11-30,2,competitive_mid_market,0.0,0.0,0.0902087968143564
28539,2023-12-31,2,competitive_mid_market,0.0,0.0,0.1079887221384369
28540,2023-01-31,2,competitive_mid_market,0.0,-1.0,0.0091092416673116
28540,2023-02-28,2,competitive_mid_market,0.0,-1.0,0.0183301317958286
28540,2023-03-31,2,competitive_mid_market,0.0,-1.0,0.0272773010084095
28540,2023-04-30,2,competitive_mid_market,0.0,-1.0,0.0384175570637621
28540,2023-05-31,2,competitive_mid_market,0.0,-1.0,0.0722802965558772
28540,2023-06-30,2,competitive_mid_market,0.0,-1.0,0.1353071256103419
28540,2023-07-31,2,competitive_mid_market,0.0,-1.0,0.1156519976962256
28540,2023-08-31,2,competitive_mid_market,0.0,-1.0,0.0762793181056697
28540,2023-09-30,2,competitive_mid_market,0.0,-1.0,0.0687847948134732
28540,2023-10-31,2,competitive_mid_market,0.0,0.0,0.0852740579234336
28540,2023-11-30,2,competitive_mid_market,0.0,0.0,0.090102669030399
28540,2023-12-31,2,competitive_mid_market,0.0,0.0,0.1184222383550299
28544,2023-01-31,4,moderate_supply_growing,0.0,-1.0,0.0475076328502016
28544,2023-02-28,4,moderate_supply_growing,0.0,-1.0,0.115769794695026
28544,2023-03-31,4,moderate_supply_growing,0.0,-1.0,0.0715422259166986
28544,2023-04-30,4,moderate_supply_growing,0.0,-1.0,0.0352540311860827
28544,2023-05-31,4,moderate_supply_growing,0.0,-1.0,0.45022134783147
28544,2023-06-30,4,moderate_supply_growing,1.0,1.0,0.7636396623076741
28544,2023-07-31,4,moderate_supply_growing,1.0,1.0,0.5171333240521757
28544,2023-08-31,4,moderate_supply_growing,0.0,0.0,0.5835180618492827
28544,2023-09-30,4,moderate_supply_growing,0.0,0.0,0.3454583691325825
28544,2023-10-31,4,moderate_supply_growing,1.0,1.0,0.4591337451425406
28544,2023-11-30,4,moderate_supply_growing,1.0,1.0,0.3084026977247572
28544,2023-12-31,4,moderate_supply_growing,1.0,1.0,0.5391650397007083
28546,2023-01-31,2,competitive_mid_market,0.0,-1.0,0.0143875131541576
28546,2023-02-28,2,competitive_mid_market,0.0,-1.0,0.017934477526636
28546,2023-03-31,2,competitive_mid_market,0.0,-1.0,0.0367738930211857
28546,2023-04-30,2,competitive_mid_market,0.0,-1.0,0.0607111580757269
28546,2023-05-31,2,competitive_mid_market,0.0,-1.0,0.1019945971226529
28546,2023-06-30,2,competitive_mid_market,0.0,-1.0,0.1749718837851072
28546,2023-07-31,2,competitive_mid_market,0.0,-1.0,0.0873355493361131
28546,2023-08-31,2,competitive_mid_market,0.0,-1.0,0.082217549529073
28546,2023-09-30,2,competitive_mid_market,0.0,0.0,0.0478826167114217
28546,2023-10-31,2,competitive_mid_market,0.0,0.0,0.0558679907286223
28546,2023-11-30,2,competitive_mid_market,0.0,0.0,0.0627991875429353
28546,2023-12-31,2,competitive_mid_market,0.0,0.0,0.0760649300175992
28551,2023-01-31,3,affordable_high_demand,0.0,-1.0,0.0073134379540455
28551,2023-02-28,3,affordable_high_demand,0.0,-1.0,0.0138311211693393
28551,2023-03-31,3,affordable_high_demand,0.0,0.0,0.0220525417034432
28551,2023-04-30,3,affordable_high_demand,0.0,0.0,0.0483259963642159
28551,2023-05-31,3,affordable_high_demand,0.0,-1.0,0.0487826955903074
28551,2023-06-30,3,affordable_high_demand,0.0,0.0,0.1007803121129387
28551,2023-07-31,3,affordable_high_demand,0.0,0.0,0.1262179177122009
28551,2023-08-31,3,affordable_high_demand,0.0,0.0,0.0936006893745296
28551,2023-09-30,3,affordable_high_demand,0.0,0.0,0.140477220144933
28551,2023-10-31,3,affordable_high_demand,0.0,0.0,0.103831178336048
28551,2023-11-30,3,affordable_high_demand,0.0,0.0,0.0784767535746649
28551,2023-12-31,3,affordable_high_demand,0.0,0.0,0.0867777787626429
28555,2023-01-31,4,moderate_supply_growing,0.0,-1.0,0.0070553376458435
28555,2023-02-28,4,moderate_supply_growing,0.0,-1.0,0.0075063388658191
28555,2023-03-31,4,moderate_supply_growing,0.0,-1.0,0.0139026578079778
28555,2023-04-30,4,moderate_supply_growing,0.0,-1.0,0.0340097217395279
28555,2023-05-31,4,moderate_supply_growing,0.0,-1.0,0.0304773240636186
28555,2023-06-30,4,moderate_supply_growing,0.0,-1.0,0.0982395900178808
28555,2023-07-31,4,moderate_supply_growing,0.0,0.0,0.2126122427890248
28555,2023-08-31,4,moderate_supply_growing,0.0,0.0,0.4565069455135486
28555,2023-09-30,4,moderate_supply_growing,0.0,0.0,0.4236516755364833
28555,2023-10-31,4,moderate_supply_growing,0.0,0.0,0.5259235268624887
28555,2023-11-30,4,moderate_supply_growing,0.0,0.0,0.442579141144368
28555,2023-12-31,4,moderate_supply_growing,0.0,0.0,0.4206162843442109
28557,2023-01-31,0,high_value_appreciating,0.0,-1.0,0.0116364613737812
28557,2023-02-28,0,high_value_appreciating,0.0,-1.0,0.0229277374763298
28557,2023-03-31,0,high_value_appreciating,0.0,-1.0,0.0422036266294058
28557,2023-04-30,0,high_value_appreciating,0.0,-1.0,0.0448814233161646
28557,2023-05-31,0,high_value_appreciating,0.0,-1.0,0.0743574596470686
28557,2023-06-30,0,high_value_appreciating,0.0,-1.0,0.097559507691755
28557,2023-07-31,0,high_value_appreciating,0.0,-1.0,0.1050600065880311
28557,2023-08-31,0,high_value_appreciating,0.0,-1.0,0.1249791333846767
28557,2023-09-30,0,high_value_appreciating,0.0,-1.0,0.1781158497669545
28557,2023-10-31,0,high_value_appreciating,0.0,-1.0,0.0792131148245141
28557,2023-11-30,0,high_value_appreciating,0.0,-1.0,0.1222055889440508
28557,2023-12-31,0,high_value_appreciating,0.0,0.0,0.1269308170079437
28560,2023-01-31,0,high_value_appreciating,0.0,-1.0,0.0084031419854863
28560,2023-02-28,0,high_value_appreciating,0.0,-1.0,0.0154392307564829
28560,2023-03-31,0,high_value_appreciating,0.0,-1.0,0.030274584960467
28560,2023-04-30,0,high_value_appreciating,0.0,-1.0,0.0961377493572653
28560,2023-05-31,0,high_value_appreciating,0.0,0.0,0.1637369942179331
28560,2023-06-30,0,high_value_appreciating,0.0,0.0,0.3084447718209605
28560,2023-07-31,0,high_value_appreciating,0.0,0.0,0.2420015080472571
28560,2023-08-31,0,high_value_appreciating,0.0,0.0,0.2541169396530319
28560,2023-09-30,0,high_value_appreciating,0.0,0.0,0.4062670726523325
28560,2023-10-31,0,high_value_appreciating,0.0,0.0,0.4302328506399931
28560,2023-11-30,0,high_value_appreciating,0.0,0.0,0.4605263368881934
28560,2023-12-31,0,high_value_appreciating,0.0,0.0,0.4358470964379067
28562,2023-01-31,2,competitive_mid_market,0.0,-1.0,0.0152287968267516
28562,2023-02-28,2,competitive_mid_market,0.0,-1.0,0.0248677685899885
28562,2023-03-31,2,competitive_mid_market,0.0,-1.0,0.0365007983169863
28562,2023-04-30,2,competitive_mid_market,0.0,-1.0,0.1124209094312805
28562,2023-05-31,2,competitive_mid_market,0.0,-1.0,0.2673402831523346
28562,2023-06-30,2,competitive_mid_market,0.0,-1.0,0.4089998194037548
28562,2023-07-31,2,competitive_mid_market,0.0,-1.0,0.2517950391547185
28562,2023-08-31,2,competitive_mid_market,0.0,-1.0,0.2495854775780795
28562,2023-09-30,2,competitive_mid_market,0.0,0.0,0.1646320624989937
28562,2023-10-31,2,competitive_mid_market,0.0,0.0,0.1032565730208428
28562,2023-11-30,2,competitive_mid_market,0.0,0.0,0.1058314483050223
28562,2023-12-31,2,competitive_mid_market,0.0,0.0,0.1072335857259263
28570,2023-01-31,2,competitive_mid_market,0.0,-1.0,0.0137659530783419
28570,2023-02-28,2,competitive_mid_market,0.0,-1.0,0.0245651368976464
28570,2023-03-31,2,competitive_mid_market,0.0,-1.0,0.0220975366003831
28570,2023-04-30,2,competitive_mid_market,0.0,-1.0,0.1008427499833342
28570,2023-05-31,2,competitive_mid_market,0.0,0.0,0.1280633926478921
28570,2023-06-30,2,competitive_mid_market,0.0,0.0,0.1842154064160912
28570,2023-07-31,2,competitive_mid_market,0.0,0.0,0.1689289926517866
28570,2023-08-31,2,competitive_mid_market,0.0,0.0,0.3328162681605519
28570,2023-09-30,2,competitive_mid_market,0.0,0.0,0.4609930559798865
28570,2023-10-31,2,competitive_mid_market,0.0,0.0,0.3055581802452108
28570,2023-11-30,2,competitive_mid_market,0.0,0.0,0.1730676369316089
28570,2023-12-31,2,competitive_mid_market,0.0,0.0,0.1403812964168742
28571,2023-01-31,0,high_value_appreciating,0.0,-1.0,0.0696828713411248
28571,2023-02-28,0,high_value_appreciating,0.0,-1.0,0.1281618325520737
28571,2023-03-31,0,high_value_appreciating,0.0,0.0,0.1955962232913682
28571,2023-04-30,0,high_value_appreciating,0.0,0.0,0.2094738371700746
28571,2023-05-31,0,high_value_appreciating,0.0,0.0,0.1849152560571794
28571,2023-06-30,0,high_value_appreciating,0.0,0.0,0.1730835139007483
28571,2023-07-31,0,high_value_appreciating,0.0,0.0,0.1632136626586587
28571,2023-08-31,0,high_value_appreciating,0.0,0.0,0.1780673683451362
28571,2023-09-30,0,high_value_appreciating,0.0,0.0,0.275443401896731
28571,2023-10-31,0,high_value_appreciating,0.0,0.0,0.1885437339194306
28571,2023-11-30,0,high_value_appreciating,0.0,0.0,0.2526945247706924
28571,2023-12-31,0,high_value_appreciating,0.0,0.0,0.1682795524226625
28573,2023-01-31,0,high_value_appreciating,0.0,-1.0,0.0070124154086921
28573,2023-02-28,0,high_value_appreciating,0.0,-1.0,0.0087988858345448
28573,2023-03-31,0,high_value_appreciating,0.0,-1.0,0.0061458706766048
28573,2023-04-30,0,high_value_appreciating,0.0,-1.0,0.0088250161875846
28573,2023-05-31,0,high_value_appreciating,0.0,-1.0,0.0094738547746903
28573,2023-06-30,0,high_value_appreciating,0.0,-1.0,0.016917645235713
28573,2023-07-31,0,high_value_appreciating,0.0,-1.0,0.0171487687445524
28573,2023-08-31,0,high_value_appreciating,0.0,-1.0,0.3914841922900161
28573,2023-09-30,0,high_value_appreciating,0.0,0.0,0.7432028001692429
28573,2023-10-31,0,high_value_appreciating,0.0,0.0,0.5484234737095988
28573,2023-11-30,0,high_value_appreciating,0.0,0.0,0.3770914429426231
28573,2023-12-31,0,high_value_appreciating,0.0,0.0,0.075966124610569
28574,2023-01-31,2,competitive_mid_market,0.0,-1.0,0.0092764459150292
28574,2023-02-28,2,competitive_mid_market,0.0,-1.0,0.0159933454191851
28574,2023-03-31,2,competitive_mid_market,0.0,-1.0,0.0395802969881055
28574,2023-04-30,2,competitive_mid_market,0.0,0.0,0.0633580457930839
28574,2023-05-31,2,competitive_mid_market,0.0,0.0,0.1191824764130818
28574,2023-06-30,2,competitive_mid_market,0.0,0.0,0.1591860428450331
28574,2023-07-31,2,competitive_mid_market,0.0,0.0,0.0857575486724335
28574,2023-08-31,2,competitive_mid_market,0.0,0.0,0.1376449832364139
28574,2023-09-30,2,competitive_mid_market,0.0,0.0,0.1350817799607303
28574,2023-10-31,2,competitive_mid_market,0.0,0.0,0.2401327677438703
28574,2023-11-30,2,competitive_mid_market,0.0,0.0,0.08662376863052
28574,2023-12-31,2,competitive_mid_market,0.0,0.0,0.0718192704491327
28582,2023-01-31,2,competitive_mid_market,0.0,-1.0,0.0341150765675148
28582,2023-02-28,2,competitive_mid_market,0.0,-1.0,0.462201898690869
28582,2023-03-31,2,competitive_mid_market,0.0,0.0,0.6492810106135418
28582,2023-04-30,2,competitive_mid_market,0.0,0.0,0.4087324331674064
28582,2023-05-31,2,competitive_mid_market,0.0,0.0,0.4098550143500277
28582,2023-06-30,2,competitive_mid_market,0.0,0.0,0.3710676581652183
28582,2023-07-31,2,competitive_mid_market,0.0,0.0,0.4423542173442188
28582,2023-08-31,2,competitive_mid_market,0.0,0.0,0.0772034901196015
28582,2023-09-30,2,competitive_mid_market,0.0,0.0,0.132758388990973
28582,2023-10-31,2,competitive_mid_market,0.0,-1.0,0.225556438332426
28582,2023-11-30,2,competitive_mid_market,0.0,-1.0,0.2346232669065003
28582,2023-12-31,2,competitive_mid_market,0.0,-1.0,0.1088986364672347
28584,2023-01-31,2,competitive_mid_market,0.0,-1.0,0.0119389171381605
28584,2023-02-28,2,competitive_mid_market,0.0,-1.0,0.0154278617890208
28584,2023-03-31,2,competitive_mid_market,0.0,-1.0,0.0164147458482598
28584,2023-04-30,2,competitive_mid_market,0.0,-1.0,0.082665358152329
28584,2023-05-31,2,competitive_mid_market,0.0,-1.0,0.1640274338815859
28584,2023-06-30,2,competitive_mid_market,0.0,-1.0,0.2253416989913537
28584,2023-07-31,2,competitive_mid_market,0.0,-1.0,0.2399402882394262
28584,2023-08-31,2,competitive_mid_market,0.0,-1.0,0.1808187674608058
28584,2023-09-30,2,competitive_mid_market,0.0,0.0,0.1033311987378889
28584,2023-10-31,2,competitive_mid_market,0.0,0.0,0.0921184512628199
28584,2023-11-30,2,competitive_mid_market,0.0,0.0,0.0988932804648392
28584,2023-12-31,2,competitive_mid_market,0.0,0.0,0.1118464618698812
28585,2023-01-31,0,high_value_appreciating,0.0,-1.0,0.0050639909936042
28585,2023-02-28,0,high_value_appreciating,0.0,-1.0,0.0142377936589619
28585,2023-03-31,0,high_value_appreciating,0.0,-1.0,0.03046061061489
28585,2023-04-30,0,high_value_appreciating,0.0,-1.0,0.0429630931484269
28585,2023-05-31,0,high_value_appreciating,0.0,-1.0,0.0275382372060966
28585,2023-06-30,0,high_value_appreciating,0.0,-1.0,0.0177293125972359
28585,2023-07-31,0,high_value_appreciating,0.0,-1.0,0.0478363055826738
28585,2023-08-31,0,high_value_appreciating,0.0,0.0,0.1401815194944064
28585,2023-09-30,0,high_value_appreciating,0.0,0.0,0.3633374551616955
28585,2023-10-31,0,high_value_appreciating,0.0,-1.0,0.2173640323181038
28585,2023-11-30,0,high_value_appreciating,0.0,-1.0,0.3022348254137335
28585,2023-12-31,0,high_value_appreciating,0.0,-1.0,0.2405061127309019
28586,2023-01-31,1,low_activity_cooling,0.0,-1.0,0.0074780849631205
28586,2023-02-28,1,low_activity_cooling,0.0,-1.0,0.0087882375710007
28586,2023-03-31,1,low_activity_cooling,0.0,-1.0,0.0055097938876606
28586,2023-04-30,1,low_activity_cooling,0.0,-1.0,0.0175838638596708
28586,2023-05-31,1,low_activity_cooling,0.0,-1.0,0.0449234813393922
28586,2023-06-30,1,low_activity_cooling,0.0,-1.0,0.0579392274582291
28586,2023-07-31,1,low_activity_cooling,0.0,-1.0,0.1640005406019782
28586,2023-08-31,1,low_activity_cooling,0.0,-1.0,0.5150204050896933
28586,2023-09-30,1,low_activity_cooling,0.0,0.0,0.5290587679302989
28586,2023-10-31,1,low_activity_cooling,0.0,-1.0,0.5934387381661856
28586,2023-11-30,1,low_activity_cooling,0.0,0.0,0.8401584580038085
28586,2023-12-31,1,low_activity_cooling,0.0,0.0,0.3415466278931644
28590,2023-01-31,2,competitive_mid_market,0.0,-1.0,0.0053478021911797
28590,2023-02-28,2,competitive_mid_market,0.0,-1.0,0.0102141619236585
28590,2023-03-31,2,competitive_mid_market,0.0,-1.0,0.0132524056664574
28590,2023-04-30,2,competitive_mid_market,0.0,-1.0,0.0262036729469343
28590,2023-05-31,2,competitive_mid_market,0.0,-1.0,0.088697566469365
28590,2023-06-30,2,competitive_mid_market,0.0,-1.0,0.2130333844945732
28590,2023-07-31,2,competitive_mid_market,0.0,-1.0,0.2747712818104161
28590,2023-08-31,2,competitive_mid_market,0.0,-1.0,0.1874526146101382
28590,2023-09-30,2,competitive_mid_market,0.0,-1.0,0.1122789127873708
28590,2023-10-31,2,competitive_mid_market,0.0,-1.0,0.0752290673747034
28590,2023-11-30,2,competitive_mid_market,0.0,-1.0,0.081813178367974
28590,2023-12-31,2,competitive_mid_market,0.0,-1.0,0.1168164986504442
28594,2023-01-31,0,high_value_appreciating,0.0,-1.0,0.0087919971991629
28594,2023-02-28,0,high_value_appreciating,0.0,-1.0,0.0110968780814064
28594,2023-03-31,0,high_value_appreciating,0.0,-1.0,0.0293836165122397
28594,2023-04-30,0,high_value_appreciating,0.0,-1.0,0.0542420220831548
28594,2023-05-31,0,high_value_appreciating,0.0,-1.0,0.1208161600598421
28594,2023-06-30,0,high_value_appreciating,0.0,-1.0,0.2663803642673235
28594,2023-07-31,0,high_value_appreciating,0.0,-1.0,0.2825054796041075
28594,2023-08-31,0,high_value_appreciating,0.0,-1.0,0.4370973081392759
28594,2023-09-30,0,high_value_appreciating,0.0,0.0,0.5962242431299042
28594,2023-10-31,0,high_value_appreciating,0.0,0.0,0.6123738585085967
28594,2023-11-30,0,high_value_appreciating,0.0,0.0,0.4052324943739709
28594,2023-12-31,0,high_value_appreciating,0.0,0.0,0.5534240055567956
28601,2023-01-31,3,affordable_high_demand,0.0,-1.0,0.0128446885255591
28601,2023-02-28,3,affordable_high_demand,0.0,-1.0,0.0149758795267313
28601,2023-03-31,3,affordable_high_demand,0.0,-1.0,0.022520787403662
28601,2023-04-30,3,affordable_high_demand,0.0,-1.0,0.0332960580094984
28601,2023-05-31,3,affordable_high_demand,0.0,-1.0,0.1165941695212714
28601,2023-06-30,3,affordable_high_demand,0.0,-1.0,0.1755457196027373
28601,2023-07-31,3,affordable_high_demand,0.0,-1.0,0.2237439683684106
28601,2023-08-31,3,affordable_high_demand,0.0,-1.0,0.3563889991197005
28601,2023-09-30,3,affordable_high_demand,0.0,-1.0,0.4166817047731613
28601,2023-10-31,3,affordable_high_demand,0.0,-1.0,0.2795460658738807
28601,2023-11-30,3,affordable_high_demand,0.0,0.0,0.1936468898537451
28601,2023-12-31,3,affordable_high_demand,0.0,0.0,0.1277497508696206
28602,2023-01-31,3,affordable_high_demand,0.0,-1.0,0.0071185813069366
28602,2023-02-28,3,affordable_high_demand,0.0,-1.0,0.0087748605624786
28602,2023-03-31,3,affordable_high_demand,0.0,-1.0,0.0153166813940202
28602,2023-04-30,3,affordable_high_demand,0.0,-1.0,0.041622641292203
28602,2023-05-31,3,affordable_high_demand,0.0,-1.0,0.0518015509710423
28602,2023-06-30,3,affordable_high_demand,0.0,0.0,0.1204167786789488
28602,2023-07-31,3,affordable_high_demand,0.0,0.0,0.1464287564373009
28602,2023-08-31,3,affordable_high_demand,0.0,0.0,0.3710254121912236
28602,2023-09-30,3,affordable_high_demand,0.0,0.0,0.5938239591812284
28602,2023-10-31,3,affordable_high_demand,0.0,0.0,0.4877218416000143
28602,2023-11-30,3,affordable_high_demand,0.0,0.0,0.3855598360238757
28602,2023-12-31,3,affordable_high_demand,0.0,0.0,0.448743597241679
28604,2023-01-31,0,high_value_appreciating,0.0,-1.0,0.0143615281176297
28604,2023-02-28,0,high_value_appreciating,0.0,-1.0,0.0153279648753811
28604,2023-03-31,0,high_value_appreciating,0.0,-1.0,0.0285956726166215
28604,2023-04-30,0,high_value_appreciating,0.0,-1.0,0.0394354446625073
28604,2023-05-31,0,high_value_appreciating,0.0,-1.0,0.0206290408959016
28604,2023-06-30,0,high_value_appreciating,0.0,-1.0,0.047909277097556
28604,2023-07-31,0,high_value_appreciating,0.0,-1.0,0.0730024502340263
28604,2023-08-31,0,high_value_appreciating,0.0,0.0,0.2065601064629756
28604,2023-09-30,0,high_value_appreciating,0.0,0.0,0.3478268288126792
28604,2023-10-31,0,high_value_appreciating,0.0,0.0,0.4885452654983536
28604,2023-11-30,0,high_value_appreciating,0.0,0.0,0.4105428266087903
28604,2023-12-31,0,high_value_appreciating,0.0,0.0,0.3608838780807834
28605,2023-01-31,0,high_value_appreciating,0.0,-1.0,0.016974061921443
28605,2023-02-28,0,high_value_appreciating,0.0,-1.0,0.0133566168435071
28605,2023-03-31,0,high_value_appreciating,0.0,-1.0,0.0105348198983727
28605,2023-04-30,0,high_value_appreciating,0.0,-1.0,0.0395380863950078
28605,2023-05-31,0,high_value_appreciating,0.0,0.0,0.0771452810926543
28605,2023-06-30,0,high_value_appreciating,0.0,0.0,0.2574800721732275
28605,2023-07-31,0,high_value_appreciating,0.0,0.0,0.3326914564802211
28605,2023-08-31,0,high_value_appreciating,0.0,0.0,0.252817195126357
28605,2023-09-30,0,high_value_appreciating,0.0,0.0,0.519761308182769
28605,2023-10-31,0,high_value_appreciating,0.0,0.0,0.6131020776322803
28605,2023-11-30,0,high_value_appreciating,0.0,0.0,0.4508104545124751
28605,2023-12-31,0,high_value_appreciating,0.0,0.0,0.4065661927816141
28607,2023-01-31,0,high_value_appreciating,0.0,-1.0,0.0133014119018678
28607,2023-02-28,0,high_value_appreciating,0.0,-1.0,0.0138554544095514
28607,2023-03-31,0,high_value_appreciating,0.0,-1.0,0.0213818100697547
28607,2023-04-30,0,high_value_appreciating,0.0,-1.0,0.0842585236925316
28607,2023-05-31,0,high_value_appreciating,0.0,0.0,0.2155292743254631
28607,2023-06-30,0,high_value_appreciating,0.0,0.0,0.5239362405251811
28607,2023-07-31,0,high_value_appreciating,0.0,0.0,0.5953944166158542
28607,2023-08-31,0,high_value_appreciating,0.0,0.0,0.5668472284558116
28607,2023-09-30,0,high_value_appreciating,0.0,0.0,0.5242338692633021
28607,2023-10-31,0,high_value_appreciating,0.0,0.0,0.6329102904817414
28607,2023-11-30,0,high_value_appreciating,0.0,0.0,0.3152691716603328
28607,2023-12-31,0,high_value_appreciating,0.0,0.0,0.1900790558545493
28613,2023-01-31,3,affordable_high_demand,0.0,-1.0,0.0097937795093705
28613,2023-02-28,3,affordable_high_demand,0.0,-1.0,0.0149181211955675
28613,2023-03-31,3,affordable_high_demand,0.0,-1.0,0.0187204714324643
28613,2023-04-30,3,affordable_high_demand,0.0,-1.0,0.0407160164166035
28613,2023-05-31,3,affordable_high_demand,0.0,-1.0,0.059011357862136
28613,2023-06-30,3,affordable_high_demand,0.0,-1.0,0.1265480378693338
28613,2023-07-31,3,affordable_high_demand,0.0,-1.0,0.1809332512653211
28613,2023-08-31,3,affordable_high_demand,0.0,0.0,0.5011048457966832
28613,2023-09-30,3,affordable_high_demand,0.0,0.0,0.5564013023898047
28613,2023-10-31,3,affordable_high_demand,0.0,0.0,0.6181498470305258
28613,2023-11-30,3,affordable_high_demand,0.0,0.0,0.4454049673857886
28613,2023-12-31,3,affordable_high_demand,0.0,0.0,0.4857733143579464
28618,2023-01-31,0,high_value_appreciating,0.0,0.0,0.0130250623277572
28618,2023-02-28,0,high_value_appreciating,0.0,0.0,0.044082414081921
28618,2023-03-31,0,high_value_appreciating,0.0,0.0,0.1822631149399592
28618,2023-04-30,0,high_value_appreciating,0.0,0.0,0.1318453459078804
28618,2023-05-31,0,high_value_appreciating,0.0,0.0,0.2638564033245074
28618,2023-06-30,0,high_value_appreciating,0.0,0.0,0.5363882195470088
28618,2023-07-31,0,high_value_appreciating,0.0,0.0,0.1495146826067671
28618,2023-08-31,0,high_value_appreciating,0.0,0.0,0.4288868211093015
28618,2023-09-30,0,high_value_appreciating,0.0,0.0,0.4573034219472291
28618,2023-10-31,0,high_value_appreciating,0.0,0.0,0.455151812235348
28618,2023-11-30,0,high_value_appreciating,0.0,0.0,0.4747302062856782
28618,2023-12-31,0,high_value_appreciating,0.0,0.0,0.100139669634673
28621,2023-01-31,3,affordable_high_demand,0.0,-1.0,0.004614280859807
28621,2023-02-28,3,affordable_high_demand,0.0,-1.0,0.0126642703638294
28621,2023-03-31,3,affordable_high_demand,0.0,-1.0,0.0088816693375144
28621,2023-04-30,3,affordable_high_demand,0.0,-1.0,0.0250756179886251
28621,2023-05-31,3,affordable_high_demand,0.0,-1.0,0.1000668896884222
28621,2023-06-30,3,affordable_high_demand,0.0,-1.0,0.127411013681874
28621,2023-07-31,3,affordable_high_demand,0.0,-1.0,0.1640173023245201
28621,2023-08-31,3,affordable_high_demand,0.0,-1.0,0.22615737028111
28621,2023-09-30,3,affordable_high_demand,0.0,-1.0,0.2084041701201504
28621,2023-10-31,3,affordable_high_demand,0.0,0.0,0.619365216029894
28621,2023-11-30,3,affordable_high_demand,0.0,0.0,0.4382269018669616
28621,2023-12-31,3,affordable_high_demand,0.0,0.0,0.2063018169644319
28624,2023-01-31,1,low_activity_cooling,0.0,-1.0,0.0390767971658549
28624,2023-02-28,1,low_activity_cooling,0.0,-1.0,0.0692597767475625
28624,2023-03-31,1,low_activity_cooling,0.0,-1.0,0.1490832411591066
28624,2023-04-30,1,low_activity_cooling,0.0,0.0,0.4945817688087787
28624,2023-05-31,1,low_activity_cooling,0.0,0.0,0.6421914186927931
28624,2023-06-30,1,low_activity_cooling,0.0,0.0,0.3018665195682772
28624,2023-07-31,1,low_activity_cooling,0.0,0.0,0.3907756124554786
28624,2023-08-31,1,low_activity_cooling,0.0,0.0,0.4119899589728805
28624,2023-09-30,1,low_activity_cooling,0.0,0.0,0.761449941023414
28624,2023-10-31,1,low_activity_cooling,0.0,0.0,0.7527934192998718
28624,2023-11-30,1,low_activity_cooling,0.0,0.0,0.3568504861177013
28624,2023-12-31,1,low_activity_cooling,0.0,0.0,0.2174084840563293
28625,2023-01-31,3,affordable_high_demand,0.0,-1.0,0.019994374084961
28625,2023-02-28,3,affordable_high_demand,0.0,-1.0,0.0251105248989629
28625,2023-03-31,3,affordable_high_demand,0.0,-1.0,0.0229975294198727
28625,2023-04-30,3,affordable_high_demand,0.0,-1.0,0.0307740590184459
28625,2023-05-31,3,affordable_high_demand,0.0,-1.0,0.0376625779189853
28625,2023-06-30,3,affordable_high_demand,0.0,-1.0,0.1160995659542915
28625,2023-07-31,3,affordable_high_demand,0.0,-1.0,0.2194912670803485
28625,2023-08-31,3,affordable_high_demand,0.0,-1.0,0.5665888276539931
28625,2023-09-30,3,affordable_high_demand,0.0,-1.0,0.4652953985977209
28625,2023-10-31,3,affordable_high_demand,0.0,0.0,0.5239493009457553
28625,2023-11-30,3,affordable_high_demand,0.0,0.0,0.5644426102321509
28625,2023-12-31,3,affordable_high_demand,0.0,0.0,0.3649459923770534
28634,2023-01-31,4,moderate_supply_growing,0.0,-1.0,0.0114001674065414
28634,2023-02-28,4,moderate_supply_growing,0.0,-1.0,0.016765922393968
28634,2023-03-31,4,moderate_supply_growing,0.0,-1.0,0.0105911626830199
28634,2023-04-30,4,moderate_supply_growing,0.0,-1.0,0.0111790598307561
28634,2023-05-31,4,moderate_supply_growing,0.0,-1.0,0.2071515902546809
28634,2023-06-30,4,moderate_supply_growing,0.0,-1.0,0.1671438653108597
28634,2023-07-31,4,moderate_supply_growing,0.0,-1.0,0.4179647636239297
28634,2023-08-31,4,moderate_supply_growing,0.0,-1.0,0.344477479564255
28634,2023-09-30,4,moderate_supply_growing,0.0,-1.0,0.4666484908800817
28634,2023-10-31,4,moderate_supply_growing,0.0,-1.0,0.6292865257891589
28634,2023-11-30,4,moderate_supply_growing,0.0,0.0,0.8999220765100745
28634,2023-12-31,4,moderate_supply_growing,1.0,1.0,0.919373822446153
28636,2023-01-31,3,affordable_high_demand,0.0,0.0,0.1530839783976705
28636,2023-02-28,3,affordable_high_demand,0.0,0.0,0.3702057581782526
28636,2023-03-31,3,affordable_high_demand,0.0,0.0,0.272617401923861
28636,2023-04-30,3,affordable_high_demand,0.0,0.0,0.1425582724948241
28636,2023-05-31,3,affordable_high_demand,0.0,0.0,0.4595561550336063
28636,2023-06-30,3,affordable_high_demand,0.0,0.0,0.7293300479592177
28636,2023-07-31,3,affordable_high_demand,0.0,0.0,0.6775334845593259
28636,2023-08-31,3,affordable_high_demand,0.0,0.0,0.4587387845017854
28636,2023-09-30,3,affordable_high_demand,0.0,0.0,0.2395060569112201
28636,2023-10-31,3,affordable_high_demand,0.0,0.0,0.0932940529089382
28636,2023-11-30,3,affordable_high_demand,0.0,0.0,0.0265630751104475
28636,2023-12-31,3,affordable_high_demand,0.0,0.0,0.0816135125647844
28642,2023-01-31,4,moderate_supply_growing,0.0,-1.0,0.0056116739502875
28642,2023-02-28,4,moderate_supply_growing,0.0,-1.0,0.0102203513250554
28642,2023-03-31,4,moderate_supply_growing,0.0,-1.0,0.0111797735823845
28642,2023-04-30,4,moderate_supply_growing,0.0,-1.0,0.0215323609143203
28642,2023-05-31,4,moderate_supply_growing,0.0,-1.0,0.0266853565530648
28642,2023-06-30,4,moderate_supply_growing,0.0,-1.0,0.0347532863570625
28642,2023-07-31,4,moderate_supply_growing,0.0,-1.0,0.1181424334843484
28642,2023-08-31,4,moderate_supply_growing,0.0,0.0,0.3599937748396237
28642,2023-09-30,4,moderate_supply_growing,0.0,0.0,0.7041533382848219
28642,2023-10-31,4,moderate_supply_growing,0.0,0.0,0.8100302390618684
28642,2023-11-30,4,moderate_supply_growing,0.0,0.0,0.435288956279931
28642,2023-12-31,4,moderate_supply_growing,0.0,0.0,0.4043003683812253
28645,2023-01-31,3,affordable_high_demand,0.0,-1.0,0.0088392090969084
28645,2023-02-28,3,affordable_high_demand,0.0,-1.0,0.0109090117795653
28645,2023-03-31,3,affordable_high_demand,0.0,0.0,0.0193819395392401
28645,2023-04-30,3,affordable_high_demand,0.0,-1.0,0.0316717979203407
28645,2023-05-31,3,affordable_high_demand,0.0,-1.0,0.0876013680315126
28645,2023-06-30,3,affordable_high_demand,0.0,0.0,0.1869613710450182
28645,2023-07-31,3,affordable_high_demand,0.0,0.0,0.2334759077289864
28645,2023-08-31,3,affordable_high_demand,0.0,0.0,0.4865981830630111
28645,2023-09-30,3,affordable_high_demand,0.0,0.0,0.6745362967673497
28645,2023-10-31,3,affordable_high_demand,0.0,0.0,0.4720403215177002
28645,2023-11-30,3,affordable_high_demand,0.0,0.0,0.294525361902173
28645,2023-12-31,3,affordable_high_demand,0.0,0.0,0.1956190108528679
28650,2023-01-31,3,affordable_high_demand,0.0,-1.0,0.0123168922546397
28650,2023-02-28,3,affordable_high_demand,0.0,-1.0,0.0149470048256474
28650,2023-03-31,3,affordable_high_demand,0.0,-1.0,0.0429249393921053
28650,2023-04-30,3,affordable_high_demand,0.0,-1.0,0.0441917681863166
28650,2023-05-31,3,affordable_high_demand,0.0,-1.0,0.1008631704750441
28650,2023-06-30,3,affordable_high_demand,0.0,0.0,0.1729012423407383
28650,2023-07-31,3,affordable_high_demand,0.0,0.0,0.093622490347984
28650,2023-08-31,3,affordable_high_demand,0.0,0.0,0.2199403584444312
28650,2023-09-30,3,affordable_high_demand,0.0,0.0,0.3455774250893956
28650,2023-10-31,3,affordable_high_demand,0.0,0.0,0.6412706501213088
28650,2023-11-30,3,affordable_high_demand,0.0,0.0,0.4364704197239604
28650,2023-12-31,3,affordable_high_demand,0.0,0.0,0.2688242705241162
28651,2023-01-31,3,affordable_high_demand,0.0,-1.0,0.0630818283415039
28651,2023-02-28,3,affordable_high_demand,0.0,0.0,0.010916098929004
28651,2023-03-31,3,affordable_high_demand,0.0,0.0,0.0223984419732127
28651,2023-04-30,3,affordable_high_demand,0.0,0.0,0.0336954667248152
28651,2023-05-31,3,affordable_high_demand,0.0,0.0,0.0584234769824364
28651,2023-06-30,3,affordable_high_demand,0.0,0.0,0.174192750595356
28651,2023-07-31,3,affordable_high_demand,0.0,0.0,0.4095597063140109
28651,2023-08-31,3,affordable_high_demand,0.0,0.0,0.5339285890484575
28651,2023-09-30,3,affordable_high_demand,0.0,0.0,0.5978579845052879
28651,2023-10-31,3,affordable_high_demand,0.0,0.0,0.4555053761146911
28651,2023-11-30,3,affordable_high_demand,0.0,-1.0,0.2802338821780035
28651,2023-12-31,3,affordable_high_demand,0.0,0.0,0.3493753698608243
28654,2023-01-31,1,low_activity_cooling,0.0,0.0,0.064669659586846
28654,2023-02-28,1,low_activity_cooling,0.0,0.0,0.0441923986288239
28654,2023-03-31,1,low_activity_cooling,0.0,0.0,0.037198051183232
28654,2023-04-30,1,low_activity_cooling,0.0,0.0,0.0835909461955983
28654,2023-05-31,1,low_activity_cooling,0.0,0.0,0.2863085599925247
28654,2023-06-30,1,low_activity_cooling,0.0,0.0,0.1139956963866937
28654,2023-07-31,1,low_activity_cooling,0.0,0.0,0.2920856207143139
28654,2023-08-31,1,low_activity_cooling,0.0,-1.0,0.1781947557206096
28654,2023-09-30,1,low_activity_cooling,0.0,-1.0,0.2894328570286843
28654,2023-10-31,1,low_activity_cooling,0.0,-1.0,0.4547066098944248
28654,2023-11-30,1,low_activity_cooling,0.0,0.0,0.2662100190761369
28654,2023-12-31,1,low_activity_cooling,0.0,0.0,0.1267649914133876
28655,2023-01-31,3,affordable_high_demand,0.0,0.0,0.010160751066679
28655,2023-02-28,3,affordable_high_demand,0.0,-1.0,0.0128066168250509
28655,2023-03-31,3,affordable_high_demand,0.0,-1.0,0.0242184889450202
28655,2023-04-30,3,affordable_high_demand,0.0,-1.0,0.0400980015630139
28655,2023-05-31,3,affordable_high_demand,0.0,-1.0,0.1656827205299693
28655,2023-06-30,3,affordable_high_demand,0.0,-1.0,0.1774538750774919
28655,2023-07-31,3,affordable_high_demand,0.0,-1.0,0.2879208154233134
28655,2023-08-31,3,affordable_high_demand,0.0,0.0,0.4926244871320397
28655,2023-09-30,3,affordable_high_demand,0.0,0.0,0.7229313782883101
28655,2023-10-31,3,affordable_high_demand,0.0,0.0,0.6967958097573378
28655,2023-11-30,3,affordable_high_demand,0.0,0.0,0.2933108046017657
28655,2023-12-31,3,affordable_high_demand,0.0,0.0,0.1625111231074024
28658,2023-01-31,3,affordable_high_demand,0.0,-1.0,0.0132013186582145
28658,2023-02-28,3,affordable_high_demand,0.0,-1.0,0.0128681089330994
28658,2023-03-31,3,affordable_high_demand,0.0,-1.0,0.0238422694442184
28658,2023-04-30,3,affordable_high_demand,0.0,-1.0,0.0316474581589054
28658,2023-05-31,3,affordable_high_demand,0.0,-1.0,0.0992606436404213
28658,2023-06-30,3,affordable_high_demand,0.0,0.0,0.1133372666799926
28658,2023-07-31,3,affordable_high_demand,0.0,0.0,0.2226343886493529
28658,2023-08-31,3,affordable_high_demand,0.0,0.0,0.2863013166872884
28658,2023-09-30,3,affordable_high_demand,0.0,0.0,0.4692102250287441
28658,2023-10-31,3,affordable_high_demand,0.0,0.0,0.3874460397120258
28658,2023-11-30,3,affordable_high_demand,0.0,0.0,0.3054372699989841
28658,2023-12-31,3,affordable_high_demand,0.0,0.0,0.2744081149274691
28659,2023-01-31,3,affordable_high_demand,0.0,0.0,0.0169406971155251
28659,2023-02-28,3,affordable_high_demand,0.0,0.0,0.0236473300293499
28659,2023-03-31,3,affordable_high_demand,0.0,0.0,0.0290925599223495
28659,2023-04-30,3,affordable_high_demand,0.0,0.0,0.0725109190490053
28659,2023-05-31,3,affordable_high_demand,0.0,-1.0,0.0364651922298974
28659,2023-06-30,3,affordable_high_demand,0.0,-1.0,0.1027292184384867
28659,2023-07-31,3,affordable_high_demand,0.0,-1.0,0.0837263576669209
28659,2023-08-31,3,affordable_high_demand,0.0,-1.0,0.1112128600194515
28659,2023-09-30,3,affordable_high_demand,0.0,-1.0,0.1162943743283265
28659,2023-10-31,3,affordable_high_demand,0.0,-1.0,0.2517342579845787
28659,2023-11-30,3,affordable_high_demand,0.0,-1.0,0.1272217361731066
28659,2023-12-31,3,affordable_high_demand,0.0,0.0,0.0606122047130084
28660,2023-01-31,3,affordable_high_demand,0.0,0.0,0.0528500128751578
28660,2023-02-28,3,affordable_high_demand,0.0,0.0,0.0468847165735999
28660,2023-03-31,3,affordable_high_demand,0.0,0.0,0.0318076136066174
28660,2023-04-30,3,affordable_high_demand,0.0,-1.0,0.058596471868806
28660,2023-05-31,3,affordable_high_demand,0.0,0.0,0.2366256467068342
28660,2023-06-30,3,affordable_high_demand,0.0,0.0,0.2739377030349594
28660,2023-07-31,3,affordable_high_demand,0.0,0.0,0.029301359449097
28660,2023-08-31,3,affordable_high_demand,0.0,-1.0,0.0554039200286108
28660,2023-09-30,3,affordable_high_demand,0.0,-1.0,0.3001296932381649
28660,2023-10-31,3,affordable_high_demand,0.0,0.0,0.573369382565042
28660,2023-11-30,3,affordable_high_demand,0.0,0.0,0.4867193370748685
28660,2023-12-31,3,affordable_high_demand,0.0,-1.0,0.081667308876554
28665,2023-01-31,3,affordable_high_demand,0.0,-1.0,0.0158526137648758
28665,2023-02-28,3,affordable_high_demand,0.0,0.0,0.0777619929412406
28665,2023-03-31,3,affordable_high_demand,0.0,-1.0,0.0316811722802465
28665,2023-04-30,3,affordable_high_demand,0.0,-1.0,0.0362167701167831
28665,2023-05-31,3,affordable_high_demand,0.0,-1.0,0.0529510153882442
28665,2023-06-30,3,affordable_high_demand,0.0,-1.0,0.1906479081967274
28665,2023-07-31,3,affordable_high_demand,0.0,-1.0,0.3144859654632721
28665,2023-08-31,3,affordable_high_demand,0.0,0.0,0.6113461323035488
28665,2023-09-30,3,affordable_high_demand,0.0,0.0,0.6810333917134894
28665,2023-10-31,3,affordable_high_demand,0.0,0.0,0.4966798221512036
28665,2023-11-30,3,affordable_high_demand,0.0,0.0,0.3797500443239402
28665,2023-12-31,3,affordable_high_demand,0.0,0.0,0.2057789124766411
28670,2023-01-31,1,low_activity_cooling,0.0,0.0,0.0844713523893111
28670,2023-02-28,1,low_activity_cooling,0.0,0.0,0.0316543402877676
28670,2023-03-31,1,low_activity_cooling,0.0,-1.0,0.0640605383501344
28670,2023-04-30,1,low_activity_cooling,0.0,-1.0,0.0232157635562037
28670,2023-05-31,1,low_activity_cooling,0.0,-1.0,0.0588613552187346
28670,2023-06-30,1,low_activity_cooling,0.0,-1.0,0.0507440989483583
28670,2023-07-31,1,low_activity_cooling,0.0,-1.0,0.1523221026025897
28670,2023-08-31,1,low_activity_cooling,0.0,-1.0,0.2531893542085653
28670,2023-09-30,1,low_activity_cooling,0.0,-1.0,0.5057685356138004
28670,2023-10-31,1,low_activity_cooling,0.0,-1.0,0.1624093001823988
28670,2023-11-30,1,low_activity_cooling,0.0,-1.0,0.1630069444146321
28670,2023-12-31,1,low_activity_cooling,0.0,-1.0,0.0954398773129894
28676,2023-01-31,4,moderate_supply_growing,0.0,0.0,0.0526607537817309
28676,2023-02-28,4,moderate_supply_growing,0.0,0.0,0.0357113418949819
28676,2023-03-31,4,moderate_supply_growing,0.0,-1.0,0.007287251573652
28676,2023-04-30,4,moderate_supply_growing,0.0,-1.0,0.0078440873441611
28676,2023-05-31,4,moderate_supply_growing,0.0,-1.0,0.0975506263524379
28676,2023-06-30,4,moderate_supply_growing,0.0,0.0,0.1468018268958925
28676,2023-07-31,4,moderate_supply_growing,0.0,-1.0,0.1428613151205947
28676,2023-08-31,4,moderate_supply_growing,0.0,-1.0,0.3604412353487229
28676,2023-09-30,4,moderate_supply_growing,0.0,0.0,0.5417072056256517
28676,2023-10-31,4,moderate_supply_growing,0.0,0.0,0.4445565278594161
28676,2023-11-30,4,moderate_supply_growing,0.0,0.0,0.3835566265009187
28676,2023-12-31,4,moderate_supply_growing,0.0,0.0,0.3584688220899324
28677,2023-01-31,3,affordable_high_demand,0.0,-1.0,0.0125258592322395
28677,2023-02-28,3,affordable_high_demand,0.0,-1.0,0.0181675756209993
28677,2023-03-31,3,affordable_high_demand,0.0,0.0,0.0200246463753191
28677,2023-04-30,3,affordable_high_demand,0.0,-1.0,0.0510364685090451
28677,2023-05-31,3,affordable_high_demand,0.0,0.0,0.0335028963296949
28677,2023-06-30,3,affordable_high_demand,0.0,-1.0,0.1734876407717679
28677,2023-07-31,3,affordable_high_demand,0.0,0.0,0.1586880088944317
28677,2023-08-31,3,affordable_high_demand,0.0,0.0,0.4128701127798392
28677,2023-09-30,3,affordable_high_demand,0.0,0.0,0.1855591234953554
28677,2023-10-31,3,affordable_high_demand,0.0,0.0,0.1573253711283144
28677,2023-11-30,3,affordable_high_demand,0.0,0.0,0.2302575755638256
28677,2023-12-31,3,affordable_high_demand,0.0,0.0,0.2108197051780656
28678,2023-01-31,4,moderate_supply_growing,0.0,-1.0,0.0057969675192701
28678,2023-02-28,4,moderate_supply_growing,0.0,-1.0,0.0580372411753862
28678,2023-03-31,4,moderate_supply_growing,0.0,0.0,0.0841512537653016
28678,2023-04-30,4,moderate_supply_growing,0.0,0.0,0.3972233904720175
28678,2023-05-31,4,moderate_supply_growing,0.0,0.0,0.6413789813253711
28678,2023-06-30,4,moderate_supply_growing,0.0,0.0,0.6417012110338258
28678,2023-07-31,4,moderate_supply_growing,0.0,0.0,0.5721245225433157
28678,2023-08-31,4,moderate_supply_growing,0.0,0.0,0.9278374179801222
28678,2023-09-30,4,moderate_supply_growing,0.0,0.0,0.8285092096167089
28678,2023-10-31,4,moderate_supply_growing,0.0,0.0,0.7933917257510591
28678,2023-11-30,4,moderate_supply_growing,0.0,0.0,0.7235758882322015
28678,2023-12-31,4,moderate_supply_growing,0.0,0.0,0.5550043083420306
28679,2023-01-31,0,high_value_appreciating,0.0,-1.0,0.1695968486449623
28679,2023-02-28,0,high_value_appreciating,0.0,-1.0,0.0226212482826224
28679,2023-03-31,0,high_value_appreciating,0.0,-1.0,0.0211923577768663
28679,2023-04-30,0,high_value_appreciating,0.0,-1.0,0.1849410685796369
28679,2023-05-31,0,high_value_appreciating,0.0,0.0,0.0602346358474979
28679,2023-06-30,0,high_value_appreciating,0.0,0.0,0.1005060544173635
28679,2023-07-31,0,high_value_appreciating,0.0,0.0,0.1557278543933544
28679,2023-08-31,0,high_value_appreciating,0.0,0.0,0.4338426675003574
28679,2023-09-30,0,high_value_appreciating,0.0,0.0,0.735477230529726
28679,2023-10-31,0,high_value_appreciating,0.0,0.0,0.7807672264643072
28679,2023-11-30,0,high_value_appreciating,0.0,0.0,0.5200812293172217
28679,2023-12-31,0,high_value_appreciating,0.0,0.0,0.6869352619583479
28681,2023-01-31,3,affordable_high_demand,0.0,0.0,0.1209244752305626
28681,2023-02-28,3,affordable_high_demand,0.0,0.0,0.3539676074992135
28681,2023-03-31,3,affordable_high_demand,0.0,-1.0,0.0988045217456125
28681,2023-04-30,3,affordable_high_demand,0.0,-1.0,0.1649066949697896
28681,2023-05-31,3,affordable_high_demand,0.0,0.0,0.1695485447431846
28681,2023-06-30,3,affordable_high_demand,0.0,-1.0,0.6551650284249534
28681,2023-07-31,3,affordable_high_demand,0.0,-1.0,0.3172269666854707
28681,2023-08-31,3,affordable_high_demand,0.0,0.0,0.1518207028403669
28681,2023-09-30,3,affordable_high_demand,0.0,-1.0,0.0718795477009187
28681,2023-10-31,3,affordable_high_demand,0.0,0.0,0.0616296193955722
28681,2023-11-30,3,affordable_high_demand,0.0,-1.0,0.04331391958055
28681,2023-12-31,3,affordable_high_demand,0.0,-1.0,0.0262911682015569
28683,2023-01-31,4,moderate_supply_growing,0.0,-1.0,0.028155422003718
28683,2023-02-28,4,moderate_supply_growing,0.0,-1.0,0.0928584615601851
28683,2023-03-31,4,moderate_supply_growing,0.0,0.0,0.083286690294563
28683,2023-04-30,4,moderate_supply_growing,0.0,0.0,0.0689442366747563
28683,2023-05-31,4,moderate_supply_growing,0.0,0.0,0.0695589931023437
28683,2023-06-30,4,moderate_supply_growing,0.0,0.0,0.0813098848104155
28683,2023-07-31,4,moderate_supply_growing,0.0,0.0,0.1360400677950663
28683,2023-08-31,4,moderate_supply_growing,0.0,0.0,0.1032180430341596
28683,2023-09-30,4,moderate_supply_growing,0.0,-1.0,0.3725076176718901
28683,2023-10-31,4,moderate_supply_growing,0.0,0.0,0.4700464968148737
28683,2023-11-30,4,moderate_supply_growing,0.0,0.0,0.3465856981958056
28683,2023-12-31,4,moderate_supply_growing,0.0,0.0,0.2881725637426149
28692,2023-01-31,0,high_value_appreciating,0.0,0.0,0.0314515245031814
28692,2023-02-28,0,high_value_appreciating,0.0,0.0,0.0203010120135801
28692,2023-03-31,0,high_value_appreciating,0.0,-1.0,0.0099482835863744
28692,2023-04-30,0,high_value_appreciating,0.0,-1.0,0.0539096616316341
28692,2023-05-31,0,high_value_appreciating,0.0,-1.0,0.0793522665718852
28692,2023-06-30,0,high_value_appreciating,0.0,0.0,0.1407930770821494
28692,2023-07-31,0,high_value_appreciating,0.0,0.0,0.2395763425083909
28692,2023-08-31,0,high_value_appreciating,0.0,0.0,0.4862506954838097
28692,2023-09-30,0,high_value_appreciating,0.0,0.0,0.5406493389349798
28692,2023-10-31,0,high_value_appreciating,0.0,0.0,0.4584111980507526
28692,2023-11-30,0,high_value_appreciating,0.0,-1.0,0.1098329767270924
28692,2023-12-31,0,high_value_appreciating,0.0,-1.0,0.1295825292928598
28697,2023-01-31,3,affordable_high_demand,0.0,-1.0,0.0091409485311951
28697,2023-02-28,3,affordable_high_demand,0.0,-1.0,0.0308836872291438
28697,2023-03-31,3,affordable_high_demand,0.0,-1.0,0.0184398863285306
28697,2023-04-30,3,affordable_high_demand,0.0,-1.0,0.1170009040156467
28697,2023-05-31,3,affordable_high_demand,0.0,0.0,0.3525178505640212
28697,2023-06-30,3,affordable_high_demand,0.0,0.0,0.2412830382255924
28697,2023-07-31,3,affordable_high_demand,0.0,0.0,0.3220988509857104
28697,2023-08-31,3,affordable_high_demand,0.0,0.0,0.5817759372802813
28697,2023-09-30,3,affordable_high_demand,0.0,0.0,0.6342531938322999
28697,2023-10-31,3,affordable_high_demand,0.0,0.0,0.4806212198193937
28697,2023-11-30,3,affordable_high_demand,0.0,0.0,0.2584948595897516
28697,2023-12-31,3,affordable_high_demand,0.0,0.0,0.0810840001983522
28698,2023-01-31,4,moderate_supply_growing,0.0,0.0,0.0950914777186286
28698,2023-02-28,4,moderate_supply_growing,1.0,1.0,0.1442628699895056
28698,2023-03-31,4,moderate_supply_growing,1.0,1.0,0.2075467649582984
28698,2023-04-30,4,moderate_supply_growing,1.0,1.0,0.5505937233458329
28698,2023-05-31,4,moderate_supply_growing,1.0,1.0,0.374349809547236
28698,2023-06-30,4,moderate_supply_growing,0.0,0.0,0.2069609541454502
28698,2023-07-31,4,moderate_supply_growing,0.0,0.0,0.261668395458267
28698,2023-08-31,4,moderate_supply_growing,0.0,0.0,0.6133378543614477
28698,2023-09-30,4,moderate_supply_growing,1.0,1.0,0.7336597103227931
28698,2023-10-31,4,moderate_supply_growing,1.0,1.0,0.6410897313052646
28698,2023-11-30,4,moderate_supply_growing,0.0,0.0,0.7572612763503275
28698,2023-12-31,4,moderate_supply_growing,0.0,0.0,0.3334088368760487
28701,2023-01-31,2,competitive_mid_market,0.0,-1.0,0.0121648462115292
28701,2023-02-28,2,competitive_mid_market,0.0,-1.0,0.0365542878382032
28701,2023-03-31,2,competitive_mid_market,0.0,-1.0,0.0092009652650005
28701,2023-04-30,2,competitive_mid_market,0.0,-1.0,0.0397529550809775
28701,2023-05-31,2,competitive_mid_market,0.0,-1.0,0.0922630443718974
28701,2023-06-30,2,competitive_mid_market,0.0,0.0,0.1789969747165029
28701,2023-07-31,2,competitive_mid_market,0.0,0.0,0.338497589503086
28701,2023-08-31,2,competitive_mid_market,0.0,0.0,0.6459044963217055
28701,2023-09-30,2,competitive_mid_market,0.0,0.0,0.6681360439164514
28701,2023-10-31,2,competitive_mid_market,0.0,0.0,0.6415658239471306
28701,2023-11-30,2,competitive_mid_market,0.0,0.0,0.4424634823002191
28701,2023-12-31,2,competitive_mid_market,0.0,0.0,0.2969825332474054
28704,2023-01-31,2,competitive_mid_market,0.0,-1.0,0.0175022923530661
28704,2023-02-28,2,competitive_mid_market,0.0,-1.0,0.0163868143363151
28704,2023-03-31,2,competitive_mid_market,0.0,-1.0,0.0183771839394599
28704,2023-04-30,2,competitive_mid_market,0.0,-1.0,0.0729682847350631
28704,2023-05-31,2,competitive_mid_market,0.0,0.0,0.1407158726558649
28704,2023-06-30,2,competitive_mid_market,0.0,0.0,0.1540094276035214
28704,2023-07-31,2,competitive_mid_market,0.0,0.0,0.3441729180483465
28704,2023-08-31,2,competitive_mid_market,0.0,0.0,0.4151605355425611
28704,2023-09-30,2,competitive_mid_market,0.0,0.0,0.3939018001975981
28704,2023-10-31,2,competitive_mid_market,0.0,0.0,0.4652676935219804
28704,2023-11-30,2,competitive_mid_market,0.0,0.0,0.3647217924360882
28704,2023-12-31,2,competitive_mid_market,0.0,0.0,0.3337424077910828
28709,2023-01-31,0,high_value_appreciating,0.0,0.0,0.0063115325302831
28709,2023-02-28,0,high_value_appreciating,0.0,0.0,0.0211126994353606
28709,2023-03-31,0,high_value_appreciating,0.0,0.0,0.027884257177931
28709,2023-04-30,0,high_value_appreciating,0.0,-1.0,0.0696357725408195
28709,2023-05-31,0,high_value_appreciating,0.0,-1.0,0.0459527486178704
28709,2023-06-30,0,high_value_appreciating,0.0,-1.0,0.0860871125908003
28709,2023-07-31,0,high_value_appreciating,0.0,-1.0,0.1617730732589791
28709,2023-08-31,0,high_value_appreciating,0.0,-1.0,0.1293249894247004
28709,2023-09-30,0,high_value_appreciating,0.0,-1.0,0.1292262327581664
28709,2023-10-31,0,high_value_appreciating,0.0,-1.0,0.2247808955413057
28709,2023-11-30,0,high_value_appreciating,0.0,-1.0,0.031112561041346
28709,2023-12-31,0,high_value_appreciating,0.0,-1.0,0.069138986298275
28711,2023-01-31,2,competitive_mid_market,0.0,-1.0,0.0145517267784579
28711,2023-02-28,2,competitive_mid_market,0.0,0.0,0.0190192523581145
28711,2023-03-31,2,competitive_mid_market,0.0,0.0,0.0225547428054555
28711,2023-04-30,2,competitive_mid_market,0.0,0.0,0.0536618690424716
28711,2023-05-31,2,competitive_mid_market,0.0,0.0,0.1100415574373746
28711,2023-06-30,2,competitive_mid_market,0.0,0.0,0.096202780469517
28711,2023-07-31,2,competitive_mid_market,0.0,0.0,0.1092533684228025
28711,2023-08-31,2,competitive_mid_market,0.0,0.0,0.3849889503807802
28711,2023-09-30,2,competitive_mid_market,0.0,0.0,0.6028847496318209
28711,2023-10-31,2,competitive_mid_market,0.0,0.0,0.6136043854985983
28711,2023-11-30,2,competitive_mid_market,0.0,0.0,0.44126110895535
28711,2023-12-31,2,competitive_mid_market,0.0,0.0,0.4310619569146826
28712,2023-01-31,0,high_value_appreciating,0.0,-1.0,0.0168013350374516
28712,2023-02-28,0,high_value_appreciating,0.0,-1.0,0.0403308030862355
28712,2023-03-31,0,high_value_appreciating,0.0,0.0,0.0508940460576981
28712,2023-04-30,0,high_value_appreciating,0.0,0.0,0.045618522509288
28712,2023-05-31,0,high_value_appreciating,0.0,0.0,0.0997351826969122
28712,2023-06-30,0,high_value_appreciating,0.0,0.0,0.4621273716725463
28712,2023-07-31,0,high_value_appreciating,0.0,0.0,0.5938032479690402
28712,2023-08-31,0,high_value_appreciating,0.0,0.0,0.8095701696071504
28712,2023-09-30,0,high_value_appreciating,0.0,0.0,0.8016083608620167
28712,2023-10-31,0,high_value_appreciating,0.0,0.0,0.6338386569957053
28712,2023-11-30,0,high_value_appreciating,0.0,0.0,0.4488125513963063
28712,2023-12-31,0,high_value_appreciating,0.0,0.0,0.2518113891684068
28713,2023-01-31,0,high_value_appreciating,0.0,-1.0,0.0164863815104279
28713,2023-02-28,0,high_value_appreciating,0.0,-1.0,0.0137877481647687
28713,2023-03-31,0,high_value_appreciating,0.0,-1.0,0.0268215963232845
28713,2023-04-30,0,high_value_appreciating,0.0,0.0,0.1244852183043226
28713,2023-05-31,0,high_value_appreciating,0.0,0.0,0.3104111268786666
28713,2023-06-30,0,high_value_appreciating,0.0,0.0,0.4679775276689446
28713,2023-07-31,0,high_value_appreciating,0.0,0.0,0.3070386356188695
28713,2023-08-31,0,high_value_appreciating,0.0,0.0,0.2886684030419114
28713,2023-09-30,0,high_value_appreciating,0.0,0.0,0.5812043434081365
28713,2023-10-31,0,high_value_appreciating,0.0,0.0,0.4443212268151054
28713,2023-11-30,0,high_value_appreciating,0.0,0.0,0.3187955800181619
28713,2023-12-31,0,high_value_appreciating,0.0,0.0,0.1440118215489105
28715,2023-01-31,2,competitive_mid_market,0.0,-1.0,0.019046097012619
28715,2023-02-28,2,competitive_mid_market,0.0,-1.0,0.0297929728519152
28715,2023-03-31,2,competitive_mid_market,0.0,0.0,0.0294276950867072
28715,2023-04-30,2,competitive_mid_market,0.0,0.0,0.0606741692958948
28715,2023-05-31,2,competitive_mid_market,0.0,0.0,0.2012536325733099
28715,2023-06-30,2,competitive_mid_market,0.0,0.0,0.3325482218838613
28715,2023-07-31,2,competitive_mid_market,0.0,0.0,0.4497145529271457
28715,2023-08-31,2,competitive_mid_market,0.0,0.0,0.4162669350814088
28715,2023-09-30,2,competitive_mid_market,0.0,0.0,0.55711834582377
28715,2023-10-31,2,competitive_mid_market,0.0,0.0,0.6588778228685842
28715,2023-11-30,2,competitive_mid_market,0.0,0.0,0.4146992099183196
28715,2023-12-31,2,competitive_mid_market,0.0,0.0,0.2568435004329447
28716,2023-01-31,3,affordable_high_demand,0.0,0.0,0.0246384348280829
28716,2023-02-28,3,affordable_high_demand,0.0,0.0,0.0259773031957431
28716,2023-03-31,3,affordable_high_demand,0.0,0.0,0.0365266825905897
28716,2023-04-30,3,affordable_high_demand,0.0,0.0,0.0464960284829611
28716,2023-05-31,3,affordable_high_demand,0.0,-1.0,0.0922241797483565
28716,2023-06-30,3,affordable_high_demand,0.0,0.0,0.370528615500329
28716,2023-07-31,3,affordable_high_demand,0.0,0.0,0.5375017111432797
28716,2023-08-31,3,affordable_high_demand,0.0,0.0,0.5140184771728863
28716,2023-09-30,3,affordable_high_demand,0.0,0.0,0.5594456614582076
28716,2023-10-31,3,affordable_high_demand,0.0,0.0,0.3461959009407573
28716,2023-11-30,3,affordable_high_demand,0.0,0.0,0.2288825824569868
28716,2023-12-31,3,affordable_high_demand,0.0,0.0,0.1457105966274078
28717,2023-01-31,0,high_value_appreciating,0.0,-1.0,0.0284290251337384
28717,2023-02-28,0,high_value_appreciating,0.0,-1.0,0.0415126290867277
28717,2023-03-31,0,high_value_appreciating,0.0,-1.0,0.0268587132283232
28717,2023-04-30,0,high_value_appreciating,0.0,-1.0,0.0168000291943935
28717,2023-05-31,0,high_value_appreciating,0.0,-1.0,0.0193752190974389
28717,2023-06-30,0,high_value_appreciating,0.0,-1.0,0.0636613106999672
28717,2023-07-31,0,high_value_appreciating,0.0,-1.0,0.2199696110826799
28717,2023-08-31,0,high_value_appreciating,0.0,0.0,0.2831068224241655
28717,2023-09-30,0,high_value_appreciating,0.0,0.0,0.3979558661872575
28717,2023-10-31,0,high_value_appreciating,0.0,0.0,0.7101252890362969
28717,2023-11-30,0,high_value_appreciating,0.0,0.0,0.5126022943045275
28717,2023-12-31,0,high_value_appreciating,0.0,0.0,0.5306465878383614
28721,2023-01-31,4,moderate_supply_growing,0.0,-1.0,0.0194661735361587
28721,2023-02-28,4,moderate_supply_growing,0.0,-1.0,0.0228987778007873
28721,2023-03-31,4,moderate_supply_growing,0.0,-1.0,0.0325845391656044
28721,2023-04-30,4,moderate_supply_growing,0.0,-1.0,0.0364590038209605
28721,2023-05-31,4,moderate_supply_growing,0.0,-1.0,0.1823385511019361
28721,2023-06-30,4,moderate_supply_growing,0.0,-1.0,0.4426179993981956
28721,2023-07-31,4,moderate_supply_growing,0.0,-1.0,0.3181629387449268
28721,2023-08-31,4,moderate_supply_growing,0.0,0.0,0.3871643563385261
28721,2023-09-30,4,moderate_supply_growing,0.0,0.0,0.3709581010001647
28721,2023-10-31,4,moderate_supply_growing,0.0,0.0,0.4286555856472256
28721,2023-11-30,4,moderate_supply_growing,0.0,0.0,0.5075915202861098
28721,2023-12-31,4,moderate_supply_growing,0.0,0.0,0.398231358174937
28723,2023-01-31,0,high_value_appreciating,0.0,-1.0,0.0335614426427645
28723,2023-02-28,0,high_value_appreciating,0.0,-1.0,0.0171731239856553
28723,2023-03-31,0,high_value_appreciating,0.0,-1.0,0.0165029656494061
28723,2023-04-30,0,high_value_appreciating,0.0,-1.0,0.024881663696075
28723,2023-05-31,0,high_value_appreciating,0.0,-1.0,0.0874133856214863
28723,2023-06-30,0,high_value_appreciating,0.0,-1.0,0.210333396241328
28723,2023-07-31,0,high_value_appreciating,0.0,0.0,0.3939467619099938
28723,2023-08-31,0,high_value_appreciating,0.0,0.0,0.3149236042656303
28723,2023-09-30,0,high_value_appreciating,0.0,0.0,0.4059649023208386
28723,2023-10-31,0,high_value_appreciating,0.0,0.0,0.4618111481371225
28723,2023-11-30,0,high_value_appreciating,0.0,0.0,0.5118011089233299
28723,2023-12-31,0,high_value_appreciating,0.0,0.0,0.3071966033527024
28726,2023-01-31,3,affordable_high_demand,1.0,1.0,0.0182342931783948
28726,2023-02-28,3,affordable_high_demand,0.0,0.0,0.0348698012675611
28726,2023-03-31,3,affordable_high_demand,0.0,0.0,0.0551480307736063
28726,2023-04-30,3,affordable_high_demand,0.0,0.0,0.073733899019405
28726,2023-05-31,3,affordable_high_demand,0.0,0.0,0.5280056909908842
28726,2023-06-30,3,affordable_high_demand,0.0,0.0,0.6574952519544236
28726,2023-07-31,3,affordable_high_demand,0.0,0.0,0.5817512811230198
28726,2023-08-31,3,affordable_high_demand,0.0,0.0,0.6237598336624313
28726,2023-09-30,3,affordable_high_demand,0.0,0.0,0.556631075782237
28726,2023-10-31,3,affordable_high_demand,0.0,0.0,0.4418361969806937
28726,2023-11-30,3,affordable_high_demand,0.0,0.0,0.1510754627496344
28726,2023-12-31,3,affordable_high_demand,0.0,0.0,0.2026982347752487
28729,2023-01-31,2,competitive_mid_market,0.0,-1.0,0.0449459525863163
28729,2023-02-28,2,competitive_mid_market,0.0,-1.0,0.0506108932019466
28729,2023-03-31,2,competitive_mid_market,0.0,-1.0,0.1110882404382521
28729,2023-04-30,2,competitive_mid_market,0.0,0.0,0.222702953636676
28729,2023-05-31,2,competitive_mid_market,0.0,0.0,0.4008045546685093
28729,2023-06-30,2,competitive_mid_market,0.0,0.0,0.195949170925373
28729,2023-07-31,2,competitive_mid_market,0.0,0.0,0.4217061372239421
28729,2023-08-31,2,competitive_mid_market,0.0,0.0,0.4689952600644863
28729,2023-09-30,2,competitive_mid_market,0.0,0.0,0.6996665495454469
28729,2023-10-31,2,competitive_mid_market,0.0,0.0,0.5079619967770818
28729,2023-11-30,2,competitive_mid_market,0.0,-1.0,0.2282368133249979
28729,2023-12-31,2,competitive_mid_market,0.0,-1.0,0.1014347281972451
28730,2023-01-31,2,competitive_mid_market,0.0,0.0,0.0530798764906259
28730,2023-02-28,2,competitive_mid_market,0.0,0.0,0.0643622096776944
28730,2023-03-31,2,competitive_mid_market,0.0,0.0,0.0283725870711849
28730,2023-04-30,2,competitive_mid_market,0.0,0.0,0.1026823770663776
28730,2023-05-31,2,competitive_mid_market,0.0,0.0,0.127217071454969
28730,2023-06-30,2,competitive_mid_market,0.0,0.0,0.546132035337792
28730,2023-07-31,2,competitive_mid_market,0.0,0.0,0.3663378497917217
28730,2023-08-31,2,competitive_mid_market,0.0,0.0,0.6071955146143979
28730,2023-09-30,2,competitive_mid_market,0.0,0.0,0.6601816718759937
28730,2023-10-31,2,competitive_mid_market,0.0,0.0,0.578766023241542
28730,2023-11-30,2,competitive_mid_market,0.0,0.0,0.5468054517432143
28730,2023-12-31,2,competitive_mid_market,0.0,0.0,0.2634383539825444
28731,2023-01-31,2,competitive_mid_market,0.0,0.0,0.031750264440183
28731,2023-02-28,2,competitive_mid_market,0.0,-1.0,0.0171848848114696
28731,2023-03-31,2,competitive_mid_market,0.0,-1.0,0.0113661415586907
28731,2023-04-30,2,competitive_mid_market,0.0,-1.0,0.0277705618600131
28731,2023-05-31,2,competitive_mid_market,0.0,-1.0,0.0510281598036262
28731,2023-06-30,2,competitive_mid_market,0.0,-1.0,0.1259951404160413
28731,2023-07-31,2,competitive_mid_market,0.0,-1.0,0.2374611916013304
28731,2023-08-31,2,competitive_mid_market,0.0,-1.0,0.339697444396643
28731,2023-09-30,2,competitive_mid_market,0.0,-1.0,0.3769508364871452
28731,2023-10-31,2,competitive_mid_market,0.0,-1.0,0.6535723388035185
28731,2023-11-30,2,competitive_mid_market,0.0,-1.0,0.5679708850748927
28731,2023-12-31,2,competitive_mid_market,0.0,-1.0,0.5256414115991406
28732,2023-01-31,2,competitive_mid_market,0.0,-1.0,0.0132419090911229
28732,2023-02-28,2,competitive_mid_market,0.0,-1.0,0.0241072489184828
28732,2023-03-31,2,competitive_mid_market,0.0,-1.0,0.0252919456083612
28732,2023-04-30,2,competitive_mid_market,0.0,-1.0,0.0552560382956404
28732,2023-05-31,2,competitive_mid_market,0.0,-1.0,0.1159115842461752
28732,2023-06-30,2,competitive_mid_market,0.0,-1.0,0.2191578548567788
28732,2023-07-31,2,competitive_mid_market,0.0,-1.0,0.2859455252040596
28732,2023-08-31,2,competitive_mid_market,0.0,-1.0,0.4697501247228777
28732,2023-09-30,2,competitive_mid_market,0.0,0.0,0.6928494063895129
28732,2023-10-31,2,competitive_mid_market,0.0,0.0,0.7911049973610076
28732,2023-11-30,2,competitive_mid_market,0.0,0.0,0.7066818348345726
28732,2023-12-31,2,competitive_mid_market,0.0,0.0,0.7055062469521572
28736,2023-01-31,0,high_value_appreciating,0.0,-1.0,0.3008270190184403
28736,2023-02-28,0,high_value_appreciating,0.0,-1.0,0.2108455409253254
28736,2023-03-31,0,high_value_appreciating,0.0,-1.0,0.0554125304000932
28736,2023-04-30,0,high_value_appreciating,0.0,-1.0,0.09105636228761
28736,2023-05-31,0,high_value_appreciating,0.0,-1.0,0.0203026580048708
28736,2023-06-30,0,high_value_appreciating,0.0,-1.0,0.0481044324262666
28736,2023-07-31,0,high_value_appreciating,0.0,0.0,0.3168087740992231
28736,2023-08-31,0,high_value_appreciating,0.0,0.0,0.5055662815653169
28736,2023-09-30,0,high_value_appreciating,0.0,0.0,0.7349042695556667
28736,2023-10-31,0,high_value_appreciating,0.0,0.0,0.6963108006620088
28736,2023-11-30,0,high_value_appreciating,0.0,0.0,0.5892814077630969
28736,2023-12-31,0,high_value_appreciating,0.0,0.0,0.6241387699021355
28739,2023-01-31,2,competitive_mid_market,0.0,-1.0,0.014068697882434
28739,2023-02-28,2,competitive_mid_market,0.0,-1.0,0.0191613355352748
28739,2023-03-31,2,competitive_mid_market,0.0,-1.0,0.0203914390993817
28739,2023-04-30,2,competitive_mid_market,0.0,-1.0,0.0346883797492425
28739,2023-05-31,2,competitive_mid_market,0.0,-1.0,0.1024821186784463
28739,2023-06-30,2,competitive_mid_market,0.0,-1.0,0.2174400832512133
28739,2023-07-31,2,competitive_mid_market,0.0,0.0,0.1524330857693611
28739,2023-08-31,2,competitive_mid_market,0.0,0.0,0.3871087725534126
28739,2023-09-30,2,competitive_mid_market,0.0,0.0,0.351351946852168
28739,2023-10-31,2,competitive_mid_market,0.0,0.0,0.4316459359851677
28739,2023-11-30,2,competitive_mid_market,0.0,0.0,0.3845238066595694
28739,2023-12-31,2,competitive_mid_market,0.0,0.0,0.3930631559771274
28742,2023-01-31,4,moderate_supply_growing,0.0,-1.0,0.0087362656464355
28742,2023-02-28,4,moderate_supply_growing,0.0,-1.0,0.0236423697387469
28742,2023-03-31,4,moderate_supply_growing,0.0,-1.0,0.0239570563153907
28742,2023-04-30,4,moderate_supply_growing,0.0,-1.0,0.0206708005861206
28742,2023-05-31,4,moderate_supply_growing,0.0,-1.0,0.0466826088700111
28742,2023-06-30,4,moderate_supply_growing,0.0,-1.0,0.0402899889977113
28742,2023-07-31,4,moderate_supply_growing,0.0,-1.0,0.3812658867377522
28742,2023-08-31,4,moderate_supply_growing,0.0,0.0,0.5092226508362958
28742,2023-09-30,4,moderate_supply_growing,0.0,0.0,0.6587250184895269
28742,2023-10-31,4,moderate_supply_growing,0.0,0.0,0.6618384442924773
28742,2023-11-30,4,moderate_supply_growing,0.0,0.0,0.7145429087081234
28742,2023-12-31,4,moderate_supply_growing,0.0,0.0,0.6769688876216742
28743,2023-01-31,1,low_activity_cooling,0.0,0.0,0.1569707784125968
28743,2023-02-28,1,low_activity_cooling,0.0,0.0,0.0305729018381281
28743,2023-03-31,1,low_activity_cooling,0.0,0.0,0.0397999453643874
28743,2023-04-30,1,low_activity_cooling,0.0,0.0,0.0445461996383014
28743,2023-05-31,1,low_activity_cooling,0.0,0.0,0.4716061046174062
28743,2023-06-30,1,low_activity_cooling,0.0,0.0,0.5956271541133334
28743,2023-07-31,1,low_activity_cooling,0.0,0.0,0.2309124821896842
28743,2023-08-31,1,low_activity_cooling,0.0,-1.0,0.1767810410188305
28743,2023-09-30,1,low_activity_cooling,0.0,0.0,0.3958448177774017
28743,2023-10-31,1,low_activity_cooling,0.0,0.0,0.7590079434033017
28743,2023-11-30,1,low_activity_cooling,0.0,0.0,0.6199428445983487
28743,2023-12-31,1,low_activity_cooling,0.0,0.0,0.5957048964022954
28746,2023-01-31,0,high_value_appreciating,0.0,-1.0,0.0127366685108115
28746,2023-02-28,0,high_value_appreciating,0.0,-1.0,0.0151548374039979
28746,2023-03-31,0,high_value_appreciating,0.0,-1.0,0.0418930268624112
28746,2023-04-30,0,high_value_appreciating,0.0,-1.0,0.1101578805380955
28746,2023-05-31,0,high_value_appreciating,0.0,-1.0,0.1680568821917059
28746,2023-06-30,0,high_value_appreciating,0.0,-1.0,0.197996866521775
28746,2023-07-31,0,high_value_appreciating,0.0,-1.0,0.1426546363161052
28746,2023-08-31,0,high_value_appreciating,0.0,-1.0,0.1758648507682135
28746,2023-09-30,0,high_value_appreciating,0.0,0.0,0.5977990746882808
28746,2023-10-31,0,high_value_appreciating,0.0,0.0,0.3585477850541129
28746,2023-11-30,0,high_value_appreciating,0.0,0.0,0.3679580602615893
28746,2023-12-31,0,high_value_appreciating,0.0,0.0,0.2185762122751377
28747,2023-01-31,0,high_value_appreciating,0.0,-1.0,0.0232830574191031
28747,2023-02-28,0,high_value_appreciating,0.0,-1.0,0.0188854567461443
28747,2023-03-31,0,high_value_appreciating,0.0,-1.0,0.0199293332409936
28747,2023-04-30,0,high_value_appreciating,0.0,-1.0,0.0601524283813482
28747,2023-05-31,0,high_value_appreciating,0.0,-1.0,0.1920785228295972
28747,2023-06-30,0,high_value_appreciating,0.0,0.0,0.4081318871908219
28747,2023-07-31,0,high_value_appreciating,0.0,0.0,0.2217454901322752
28747,2023-08-31,0,high_value_appreciating,0.0,0.0,0.3032924556954289
28747,2023-09-30,0,high_value_appreciating,0.0,0.0,0.4781497511721924
28747,2023-10-31,0,high_value_appreciating,0.0,0.0,0.6349134700159733
28747,2023-11-30,0,high_value_appreciating,0.0,0.0,0.367711588070629
28747,2023-12-31,0,high_value_appreciating,0.0,0.0,0.3176446212809234
28748,2023-01-31,2,competitive_mid_market,0.0,-1.0,0.0133358881771064
28748,2023-02-28,2,competitive_mid_market,0.0,-1.0,0.0169604778826278
28748,2023-03-31,2,competitive_mid_market,0.0,-1.0,0.0251610351304605
28748,2023-04-30,2,competitive_mid_market,0.0,-1.0,0.0874945815023959
28748,2023-05-31,2,competitive_mid_market,0.0,0.0,0.2431914863896441
28748,2023-06-30,2,competitive_mid_market,0.0,0.0,0.2463460342154365
28748,2023-07-31,2,competitive_mid_market,0.0,0.0,0.2962481868099751
28748,2023-08-31,2,competitive_mid_market,0.0,0.0,0.3405494848004417
28748,2023-09-30,2,competitive_mid_market,0.0,0.0,0.2938432596308968
28748,2023-10-31,2,competitive_mid_market,0.0,0.0,0.3358711267378801
28748,2023-11-30,2,competitive_mid_market,0.0,0.0,0.19344135997766
28748,2023-12-31,2,competitive_mid_market,0.0,0.0,0.116670635783514
28751,2023-01-31,0,high_value_appreciating,0.0,-1.0,0.0673648002801971
28751,2023-02-28,0,high_value_appreciating,0.0,-1.0,0.0527639129408306
28751,2023-03-31,0,high_value_appreciating,0.0,0.0,0.0958548498205627
28751,2023-04-30,0,high_value_appreciating,0.0,0.0,0.0656869821226942
28751,2023-05-31,0,high_value_appreciating,0.0,0.0,0.161679514494698
28751,2023-06-30,0,high_value_appreciating,0.0,0.0,0.3786090690531788
28751,2023-07-31,0,high_value_appreciating,0.0,0.0,0.400755142680896
28751,2023-08-31,0,high_value_appreciating,0.0,0.0,0.5706590797577645
28751,2023-09-30,0,high_value_appreciating,0.0,0.0,0.5606319122256408
28751,2023-10-31,0,high_value_appreciating,0.0,0.0,0.5143001066062532
28751,2023-11-30,0,high_value_appreciating,0.0,0.0,0.3169324626955509
28751,2023-12-31,0,high_value_appreciating,0.0,0.0,0.1618664148119303
28752,2023-01-31,1,low_activity_cooling,0.0,0.0,0.0269069920355212
28752,2023-02-28,1,low_activity_cooling,0.0,0.0,0.0307207112850904
28752,2023-03-31,1,low_activity_cooling,0.0,0.0,0.0350059037840456
28752,2023-04-30,1,low_activity_cooling,0.0,0.0,0.164290117429317
28752,2023-05-31,1,low_activity_cooling,0.0,0.0,0.4055371805260001
28752,2023-06-30,1,low_activity_cooling,0.0,0.0,0.6462784761305926
28752,2023-07-31,1,low_activity_cooling,0.0,0.0,0.3929388573086603
28752,2023-08-31,1,low_activity_cooling,0.0,0.0,0.4829205988214617
28752,2023-09-30,1,low_activity_cooling,0.0,0.0,0.3698501514199293
28752,2023-10-31,1,low_activity_cooling,0.0,0.0,0.4326004983883932
28752,2023-11-30,1,low_activity_cooling,0.0,0.0,0.2924313623678693
28752,2023-12-31,1,low_activity_cooling,0.0,0.0,0.2811758744481474
28753,2023-01-31,0,high_value_appreciating,0.0,-1.0,0.0139548899572174
28753,2023-02-28,0,high_value_appreciating,0.0,-1.0,0.0121801098144599
28753,2023-03-31,0,high_value_appreciating,0.0,-1.0,0.0178365565394696
28753,2023-04-30,0,high_value_appreciating,0.0,0.0,0.0833166307262937
28753,2023-05-31,0,high_value_appreciating,0.0,0.0,0.3095323141565408
28753,2023-06-30,0,high_value_appreciating,0.0,0.0,0.2732084383229597
28753,2023-07-31,0,high_value_appreciating,0.0,0.0,0.3961947593565711
28753,2023-08-31,0,high_value_appreciating,0.0,0.0,0.5659709389396291
28753,2023-09-30,0,high_value_appreciating,0.0,0.0,0.7040837448698354
28753,2023-10-31,0,high_value_appreciating,0.0,0.0,0.6551913399980447
28753,2023-11-30,0,high_value_appreciating,0.0,0.0,0.4900748582344819
28753,2023-12-31,0,high_value_appreciating,0.0,0.0,0.4369409479404192
28754,2023-01-31,0,high_value_appreciating,0.0,-1.0,0.0223605364868674
28754,2023-02-28,0,high_value_appreciating,0.0,0.0,0.0244122563478921
28754,2023-03-31,0,high_value_appreciating,0.0,0.0,0.0243364903391772
28754,2023-04-30,0,high_value_appreciating,0.0,0.0,0.0746422604444679
28754,2023-05-31,0,high_value_appreciating,0.0,0.0,0.1354590740821877
28754,2023-06-30,0,high_value_appreciating,0.0,0.0,0.2319056627708866
28754,2023-07-31,0,high_value_appreciating,0.0,0.0,0.405295808902257
28754,2023-08-31,0,high_value_appreciating,0.0,0.0,0.5645806369245904
28754,2023-09-30,0,high_value_appreciating,0.0,0.0,0.7227603188762727
28754,2023-10-31,0,high_value_appreciating,0.0,0.0,0.6527395348929474
28754,2023-11-30,0,high_value_appreciating,0.0,0.0,0.4810914241054009
28754,2023-12-31,0,high_value_appreciating,0.0,0.0,0.3408242691779595
28759,2023-01-31,2,competitive_mid_market,0.0,-1.0,0.0158709899821673
28759,2023-02-28,2,competitive_mid_market,0.0,-1.0,0.0220456610435352
28759,2023-03-31,2,competitive_mid_market,0.0,-1.0,0.0258091061580057
28759,2023-04-30,2,competitive_mid_market,0.0,-1.0,0.046292773226703
28759,2023-05-31,2,competitive_mid_market,0.0,-1.0,0.0768664589903377
28759,2023-06-30,2,competitive_mid_market,0.0,0.0,0.0954645633378046
28759,2023-07-31,2,competitive_mid_market,0.0,0.0,0.2397157276801038
28759,2023-08-31,2,competitive_mid_market,0.0,0.0,0.3168074769341598
28759,2023-09-30,2,competitive_mid_market,0.0,0.0,0.5045171279050217
28759,2023-10-31,2,competitive_mid_market,0.0,0.0,0.4452548567873264
28759,2023-11-30,2,competitive_mid_market,0.0,0.0,0.2529255551197641
28759,2023-12-31,2,competitive_mid_market,0.0,0.0,0.3192786280184925
28761,2023-01-31,1,low_activity_cooling,0.0,0.0,0.0601745957557236
28761,2023-02-28,1,low_activity_cooling,0.0,0.0,0.0277655809350239
28761,2023-03-31,1,low_activity_cooling,0.0,0.0,0.0309284841137207
28761,2023-04-30,1,low_activity_cooling,0.0,0.0,0.0717078486525802
28761,2023-05-31,1,low_activity_cooling,0.0,0.0,0.1602227813575475
28761,2023-06-30,1,low_activity_cooling,0.0,0.0,0.1285165751880195
28761,2023-07-31,1,low_activity_cooling,0.0,0.0,0.1540527682619128
28761,2023-08-31,1,low_activity_cooling,0.0,0.0,0.2440714083871916
28761,2023-09-30,1,low_activity_cooling,0.0,0.0,0.3259807621607808
28761,2023-10-31,1,low_activity_cooling,0.0,0.0,0.1943717742018147
28761,2023-11-30,1,low_activity_cooling,0.0,0.0,0.353097304320023
28761,2023-12-31,1,low_activity_cooling,0.0,0.0,0.2972683767019499
28762,2023-01-31,1,low_activity_cooling,0.0,0.0,0.0686961130594527
28762,2023-02-28,1,low_activity_cooling,0.0,0.0,0.0418245196280378
28762,2023-03-31,1,low_activity_cooling,0.0,0.0,0.1832872587760623
28762,2023-04-30,1,low_activity_cooling,0.0,0.0,0.5870601673400755
28762,2023-05-31,1,low_activity_cooling,0.0,0.0,0.6539418639975023
28762,2023-06-30,1,low_activity_cooling,0.0,0.0,0.7590887391568313
28762,2023-07-31,1,low_activity_cooling,0.0,0.0,0.6117509301559618
28762,2023-08-31,1,low_activity_cooling,0.0,0.0,0.7333124563649022
28762,2023-09-30,1,low_activity_cooling,0.0,0.0,0.8057265424264863
28762,2023-10-31,1,low_activity_cooling,0.0,0.0,0.4664854272258714
28762,2023-11-30,1,low_activity_cooling,0.0,0.0,0.1369453237311915
28762,2023-12-31,1,low_activity_cooling,0.0,0.0,0.1466745935521844
28774,2023-01-31,0,high_value_appreciating,0.0,-1.0,0.034962543647099
28774,2023-02-28,0,high_value_appreciating,0.0,-1.0,0.0334044846432484
28774,2023-03-31,0,high_value_appreciating,0.0,-1.0,0.0140906674365641
28774,2023-04-30,0,high_value_appreciating,0.0,-1.0,0.0242977635714855
28774,2023-05-31,0,high_value_appreciating,0.0,-1.0,0.0453461603501593
28774,2023-06-30,0,high_value_appreciating,0.0,0.0,0.183542838032222
28774,2023-07-31,0,high_value_appreciating,0.0,0.0,0.3369341453161363
28774,2023-08-31,0,high_value_appreciating,0.0,0.0,0.5206423586804844
28774,2023-09-30,0,high_value_appreciating,0.0,0.0,0.7727015846298705
28774,2023-10-31,0,high_value_appreciating,0.0,0.0,0.87161251295958
28774,2023-11-30,0,high_value_appreciating,0.0,0.0,0.8795067357137393
28774,2023-12-31,0,high_value_appreciating,0.0,0.0,0.7749804849845012
28778,2023-01-31,2,competitive_mid_market,0.0,0.0,0.0193086458778491
28778,2023-02-28,2,competitive_mid_market,0.0,0.0,0.0235918109997104
28778,2023-03-31,2,competitive_mid_market,0.0,0.0,0.0146629742484528
28778,2023-04-30,2,competitive_mid_market,0.0,-1.0,0.0230850377760349
28778,2023-05-31,2,competitive_mid_market,0.0,-1.0,0.0859856228331061
28778,2023-06-30,2,competitive_mid_market,0.0,-1.0,0.3401357190692984
28778,2023-07-31,2,competitive_mid_market,0.0,0.0,0.352095608980984
28778,2023-08-31,2,competitive_mid_market,0.0,0.0,0.556442139558469
28778,2023-09-30,2,competitive_mid_market,0.0,0.0,0.4086354989016478
28778,2023-10-31,2,competitive_mid_market,0.0,-1.0,0.3907487475112908
28778,2023-11-30,2,competitive_mid_market,0.0,-1.0,0.1391114057039505
28778,2023-12-31,2,competitive_mid_market,0.0,-1.0,0.2553434436471538
28779,2023-01-31,0,high_value_appreciating,0.0,-1.0,0.0116301005684334
28779,2023-02-28,0,high_value_appreciating,0.0,-1.0,0.0250846523398008
28779,2023-03-31,0,high_value_appreciating,0.0,-1.0,0.0274110992494432
28779,2023-04-30,0,high_value_appreciating,0.0,-1.0,0.0375167188281316
28779,2023-05-31,0,high_value_appreciating,0.0,-1.0,0.0585153084690533
28779,2023-06-30,0,high_value_appreciating,0.0,-1.0,0.1015049887368088
28779,2023-07-31,0,high_value_appreciating,0.0,-1.0,0.2726861042560802
28779,2023-08-31,0,high_value_appreciating,0.0,-1.0,0.2579627532477954
28779,2023-09-30,0,high_value_appreciating,0.0,-1.0,0.3938336123682237
28779,2023-10-31,0,high_value_appreciating,0.0,-1.0,0.4590484517624022
28779,2023-11-30,0,high_value_appreciating,0.0,-1.0,0.3768029122052861
28779,2023-12-31,0,high_value_appreciating,0.0,0.0,0.272218179615127
28783,2023-01-31,0,high_value_appreciating,0.0,-1.0,0.0162638962707684
28783,2023-02-28,0,high_value_appreciating,0.0,-1.0,0.0657737824355032
28783,2023-03-31,0,high_value_appreciating,0.0,0.0,0.1621875726199727
28783,2023-04-30,0,high_value_appreciating,0.0,0.0,0.471717217837539
28783,2023-05-31,0,high_value_appreciating,0.0,0.0,0.3514606319698426
28783,2023-06-30,0,high_value_appreciating,0.0,0.0,0.2855091646561151
28783,2023-07-31,0,high_value_appreciating,0.0,0.0,0.3948016996716651
28783,2023-08-31,0,high_value_appreciating,0.0,0.0,0.5626484170636444
28783,2023-09-30,0,high_value_appreciating,0.0,0.0,0.8194212977221919
28783,2023-10-31,0,high_value_appreciating,1.0,1.0,0.9190895047889478
28783,2023-11-30,0,high_value_appreciating,1.0,1.0,0.8462204623948711
28783,2023-12-31,0,high_value_appreciating,1.0,1.0,0.86851662239182
28785,2023-01-31,0,high_value_appreciating,0.0,-1.0,0.0336966022066263
28785,2023-02-28,0,high_value_appreciating,0.0,0.0,0.0776145468049884
28785,2023-03-31,0,high_value_appreciating,0.0,0.0,0.0726794944651531
28785,2023-04-30,0,high_value_appreciating,0.0,-1.0,0.1041148206791442
28785,2023-05-31,0,high_value_appreciating,0.0,0.0,0.1297641128716863
28785,2023-06-30,0,high_value_appreciating,0.0,0.0,0.3776528842954887
28785,2023-07-31,0,high_value_appreciating,0.0,0.0,0.2369231135735753
28785,2023-08-31,0,high_value_appreciating,0.0,0.0,0.3909623510635286
28785,2023-09-30,0,high_value_appreciating,0.0,0.0,0.6703813318694509
28785,2023-10-31,0,high_value_appreciating,0.0,0.0,0.692006948196377
28785,2023-11-30,0,high_value_appreciating,0.0,0.0,0.4279635619283905
28785,2023-12-31,0,high_value_appreciating,0.0,0.0,0.3023000150176845
28786,2023-01-31,3,affordable_high_demand,0.0,-1.0,0.019281955115076
28786,2023-02-28,3,affordable_high_demand,0.0,0.0,0.0242812832933
28786,2023-03-31,3,affordable_high_demand,0.0,0.0,0.0306197989141886
28786,2023-04-30,3,affordable_high_demand,0.0,-1.0,0.0359371310825662
28786,2023-05-31,3,affordable_high_demand,0.0,-1.0,0.1483408958201258
28786,2023-06-30,3,affordable_high_demand,0.0,-1.0,0.5896806998150376
28786,2023-07-31,3,affordable_high_demand,0.0,-1.0,0.6119425254954449
28786,2023-08-31,3,affordable_high_demand,0.0,0.0,0.8116559932203727
28786,2023-09-30,3,affordable_high_demand,0.0,0.0,0.8318663741521701
28786,2023-10-31,3,affordable_high_demand,0.0,0.0,0.5996296043063918
28786,2023-11-30,3,affordable_high_demand,0.0,0.0,0.5264770811828979
28786,2023-12-31,3,affordable_high_demand,0.0,0.0,0.2899384112363518
28787,2023-01-31,2,competitive_mid_market,0.0,-1.0,0.0120821740271786
28787,2023-02-28,2,competitive_mid_market,0.0,-1.0,0.0129855256032843
28787,2023-03-31,2,competitive_mid_market,0.0,-1.0,0.0124963238495515
28787,2023-04-30,2,competitive_mid_market,0.0,-1.0,0.0663061684617368
28787,2023-05-31,2,competitive_mid_market,0.0,-1.0,0.1983370032058195
28787,2023-06-30,2,competitive_mid_market,0.0,-1.0,0.3617468174309626
28787,2023-07-31,2,competitive_mid_market,0.0,0.0,0.2862412878664826
28787,2023-08-31,2,competitive_mid_market,0.0,0.0,0.4803279444269982
28787,2023-09-30,2,competitive_mid_market,0.0,0.0,0.4941145917518744
28787,2023-10-31,2,competitive_mid_market,0.0,0.0,0.3146855634981092
28787,2023-11-30,2,competitive_mid_market,0.0,0.0,0.4149751935709727
28787,2023-12-31,2,competitive_mid_market,0.0,0.0,0.4816190099061975
28789,2023-01-31,0,high_value_appreciating,0.0,-1.0,0.0237340130104868
28789,2023-02-28,0,high_value_appreciating,0.0,-1.0,0.033197647270802
28789,2023-03-31,0,high_value_appreciating,0.0,0.0,0.0508996004136212
28789,2023-04-30,0,high_value_appreciating,0.0,0.0,0.0765140029469232
28789,2023-05-31,0,high_value_appreciating,0.0,0.0,0.1188219000454357
28789,2023-06-30,0,high_value_appreciating,0.0,0.0,0.3001559277839566
28789,2023-07-31,0,high_value_appreciating,0.0,0.0,0.1995406891504579
28789,2023-08-31,0,high_value_appreciating,0.0,0.0,0.1678544470806551
28789,2023-09-30,0,high_value_appreciating,0.0,0.0,0.4598177798311968
28789,2023-10-31,0,high_value_appreciating,0.0,0.0,0.5526353770422079
28789,2023-11-30,0,high_value_appreciating,0.0,0.0,0.4317686325021036
28789,2023-12-31,0,high_value_appreciating,0.0,0.0,0.4194876683122076
28790,2023-01-31,0,high_value_appreciating,0.0,-1.0,0.0148582789139325
28790,2023-02-28,0,high_value_appreciating,0.0,-1.0,0.0217467670511241
28790,2023-03-31,0,high_value_appreciating,0.0,-1.0,0.0297287649206284
28790,2023-04-30,0,high_value_appreciating,0.0,-1.0,0.0727332308476177
28790,2023-05-31,0,high_value_appreciating,0.0,0.0,0.1033743048759178
28790,2023-06-30,0,high_value_appreciating,0.0,0.0,0.0758636316799766
28790,2023-07-31,0,high_value_appreciating,0.0,0.0,0.1633997788039828
28790,2023-08-31,0,high_value_appreciating,0.0,0.0,0.4874150612618259
28790,2023-09-30,0,high_value_appreciating,0.0,0.0,0.5842130180455456
28790,2023-10-31,0,high_value_appreciating,0.0,0.0,0.7152342181679356
28790,2023-11-30,0,high_value_appreciating,0.0,0.0,0.7488244155014275
28790,2023-12-31,0,high_value_appreciating,1.0,1.0,0.4487973049555139
28791,2023-01-31,2,competitive_mid_market,0.0,0.0,0.0171954357906259
28791,2023-02-28,2,competitive_mid_market,0.0,0.0,0.0269699199401878
28791,2023-03-31,2,competitive_mid_market,0.0,-1.0,0.0160691133854337
28791,2023-04-30,2,competitive_mid_market,0.0,-1.0,0.0298818594868851
28791,2023-05-31,2,competitive_mid_market,0.0,-1.0,0.060494437444193
28791,2023-06-30,2,competitive_mid_market,0.0,-1.0,0.2627161242031837
28791,2023-07-31,2,competitive_mid_market,0.0,-1.0,0.3079746476056645
28791,2023-08-31,2,competitive_mid_market,0.0,-1.0,0.5393979311553863
28791,2023-09-30,2,competitive_mid_market,0.0,-1.0,0.4191450120554106
28791,2023-10-31,2,competitive_mid_market,0.0,0.0,0.2105522421571425
28791,2023-11-30,2,competitive_mid_market,0.0,-1.0,0.1371411734318162
28791,2023-12-31,2,competitive_mid_market,0.0,-1.0,0.1538492360776204
28792,2023-01-31,2,competitive_mid_market,0.0,-1.0,0.0150640348062868
28792,2023-02-28,2,competitive_mid_market,0.0,-1.0,0.0174470978808959
28792,2023-03-31,2,competitive_mid_market,0.0,-1.0,0.0197007000479448
28792,2023-04-30,2,competitive_mid_market,0.0,-1.0,0.0331832695446747
28792,2023-05-31,2,competitive_mid_market,0.0,-1.0,0.1571376733650751
28792,2023-06-30,2,competitive_mid_market,0.0,-1.0,0.2294218004867985
28792,2023-07-31,2,competitive_mid_market,0.0,0.0,0.3051660502266689
28792,2023-08-31,2,competitive_mid_market,0.0,0.0,0.6688162835204224
28792,2023-09-30,2,competitive_mid_market,0.0,0.0,0.4678216537003603
28792,2023-10-31,2,competitive_mid_market,0.0,0.0,0.4294647056473689
28792,2023-11-30,2,competitive_mid_market,0.0,0.0,0.2994594866618126
28792,2023-12-31,2,competitive_mid_market,0.0,0.0,0.2163622206828425
28801,2023-01-31,2,competitive_mid_market,0.0,-1.0,0.0123988469607675
28801,2023-02-28,2,competitive_mid_market,0.0,-1.0,0.0190745949336282
28801,2023-03-31,2,competitive_mid_market,0.0,-1.0,0.0127896399498572
28801,2023-04-30,2,competitive_mid_market,0.0,-1.0,0.0270866349159166
28801,2023-05-31,2,competitive_mid_market,0.0,-1.0,0.04104888514998
28801,2023-06-30,2,competitive_mid_market,0.0,-1.0,0.1203410988877655
28801,2023-07-31,2,competitive_mid_market,0.0,0.0,0.1532963509494551
28801,2023-08-31,2,competitive_mid_market,0.0,0.0,0.1270744546877513
28801,2023-09-30,2,competitive_mid_market,0.0,0.0,0.177378102798624
28801,2023-10-31,2,competitive_mid_market,0.0,0.0,0.4028037046988472
28801,2023-11-30,2,competitive_mid_market,0.0,0.0,0.3639565051295858
28801,2023-12-31,2,competitive_mid_market,0.0,0.0,0.3930810401911859
28803,2023-01-31,2,competitive_mid_market,0.0,-1.0,0.0117886673867574
28803,2023-02-28,2,competitive_mid_market,0.0,-1.0,0.0161893280106821
28803,2023-03-31,2,competitive_mid_market,0.0,-1.0,0.0144526276365182
28803,2023-04-30,2,competitive_mid_market,0.0,-1.0,0.04391769665561
28803,2023-05-31,2,competitive_mid_market,0.0,-1.0,0.0527765580561219
28803,2023-06-30,2,competitive_mid_market,0.0,-1.0,0.2182703647723455
28803,2023-07-31,2,competitive_mid_market,0.0,-1.0,0.2592541726227822
28803,2023-08-31,2,competitive_mid_market,0.0,-1.0,0.4519386667359689
28803,2023-09-30,2,competitive_mid_market,0.0,0.0,0.451021719526719
28803,2023-10-31,2,competitive_mid_market,0.0,0.0,0.4564077617543934
28803,2023-11-30,2,competitive_mid_market,0.0,0.0,0.4425943579795278
28803,2023-12-31,2,competitive_mid_market,0.0,0.0,0.314928737543503
28804,2023-01-31,2,competitive_mid_market,0.0,-1.0,0.01157056330451
28804,2023-02-28,2,competitive_mid_market,0.0,-1.0,0.0184471419209432
28804,2023-03-31,2,competitive_mid_market,0.0,-1.0,0.0134626540664174
28804,2023-04-30,2,competitive_mid_market,0.0,-1.0,0.0420061319338867
28804,2023-05-31,2,competitive_mid_market,0.0,0.0,0.1473556895797367
28804,2023-06-30,2,competitive_mid_market,0.0,0.0,0.3787873463514922
28804,2023-07-31,2,competitive_mid_market,0.0,0.0,0.394931084189671
28804,2023-08-31,2,competitive_mid_market,0.0,0.0,0.5102147420850522
28804,2023-09-30,2,competitive_mid_market,0.0,0.0,0.6176157491452977
28804,2023-10-31,2,competitive_mid_market,0.0,0.0,0.5596001168186792
28804,2023-11-30,2,competitive_mid_market,0.0,0.0,0.6351706892523301
28804,2023-12-31,2,competitive_mid_market,0.0,0.0,0.4352771695095539
28805,2023-01-31,2,competitive_mid_market,0.0,-1.0,0.0110048043728813
28805,2023-02-28,2,competitive_mid_market,0.0,-1.0,0.0198894605497613
28805,2023-03-31,2,competitive_mid_market,0.0,-1.0,0.0142101989314035
28805,2023-04-30,2,competitive_mid_market,0.0,-1.0,0.0416936489934596
28805,2023-05-31,2,competitive_mid_market,0.0,-1.0,0.1603202012161744
28805,2023-06-30,2,competitive_mid_market,0.0,-1.0,0.1968007191287351
28805,2023-07-31,2,competitive_mid_market,0.0,-1.0,0.258372225678338
28805,2023-08-31,2,competitive_mid_market,0.0,-1.0,0.3374355526129369
28805,2023-09-30,2,competitive_mid_market,0.0,-1.0,0.3503830795063544
28805,2023-10-31,2,competitive_mid_market,0.0,-1.0,0.2622550740228386
28805,2023-11-30,2,competitive_mid_market,0.0,0.0,0.295363204753975
28805,2023-12-31,2,competitive_mid_market,0.0,0.0,0.312948830403546
28806,2023-01-31,2,competitive_mid_market,0.0,-1.0,0.0117082538025825
28806,2023-02-28,2,competitive_mid_market,0.0,0.0,0.0118268780228668
28806,2023-03-31,2,competitive_mid_market,0.0,0.0,0.0167813965004332
28806,2023-04-30,2,competitive_mid_market,0.0,0.0,0.0671796231731403
28806,2023-05-31,2,competitive_mid_market,0.0,0.0,0.221797314852636
28806,2023-06-30,2,competitive_mid_market,0.0,0.0,0.4128438672622868
28806,2023-07-31,2,competitive_mid_market,0.0,0.0,0.4603048521022754
28806,2023-08-31,2,competitive_mid_market,0.0,0.0,0.5441039994810923
28806,2023-09-30,2,competitive_mid_market,0.0,0.0,0.5930324067750127
28806,2023-10-31,2,competitive_mid_market,0.0,0.0,0.3892483122219968
28806,2023-11-30,2,competitive_mid_market,0.0,0.0,0.3415874509184925
28806,2023-12-31,2,competitive_mid_market,0.0,0.0,0.3243296480057233
29006,2023-01-31,1,low_activity_cooling,0.0,-1.0,0.0220209620567571
29006,2023-02-28,1,low_activity_cooling,0.0,-1.0,0.0232446950828866
29006,2023-03-31,1,low_activity_cooling,0.0,-1.0,0.016636601454924
29006,2023-04-30,1,low_activity_cooling,0.0,-1.0,0.0770179055305693
29006,2023-05-31,1,low_activity_cooling,0.0,-1.0,0.0772417653395334
29006,2023-06-30,1,low_activity_cooling,0.0,-1.0,0.0949634776483612
29006,2023-07-31,1,low_activity_cooling,0.0,-1.0,0.2036220664654377
29006,2023-08-31,1,low_activity_cooling,0.0,0.0,0.312034776335183
29006,2023-09-30,1,low_activity_cooling,0.0,0.0,0.3864728312817621
29006,2023-10-31,1,low_activity_cooling,0.0,0.0,0.62502479107176
29006,2023-11-30,1,low_activity_cooling,0.0,0.0,0.662000601384879
29006,2023-12-31,1,low_activity_cooling,0.0,0.0,0.786948929199246
29040,2023-01-31,2,competitive_mid_market,0.0,-1.0,0.0265387817439935
29040,2023-02-28,2,competitive_mid_market,0.0,-1.0,0.0291903028874794
29040,2023-03-31,2,competitive_mid_market,0.0,-1.0,0.0451727367334493
29040,2023-04-30,2,competitive_mid_market,0.0,0.0,0.1704872546020476
29040,2023-05-31,2,competitive_mid_market,0.0,0.0,0.2279128431013662
29040,2023-06-30,2,competitive_mid_market,0.0,0.0,0.1294148814500723
29040,2023-07-31,2,competitive_mid_market,0.0,0.0,0.1921598858703933
29040,2023-08-31,2,competitive_mid_market,0.0,0.0,0.1934949600748372
29040,2023-09-30,2,competitive_mid_market,0.0,0.0,0.3255648723771861
29040,2023-10-31,2,competitive_mid_market,0.0,0.0,0.2471084402068667
29040,2023-11-30,2,competitive_mid_market,0.0,0.0,0.1649926982268403
29040,2023-12-31,2,competitive_mid_market,0.0,0.0,0.124534339713278
29048,2023-01-31,1,low_activity_cooling,0.0,0.0,0.1705585797791673
29048,2023-02-28,1,low_activity_cooling,0.0,0.0,0.1681515790659718
29048,2023-03-31,1,low_activity_cooling,0.0,0.0,0.1125389836663368
29048,2023-04-30,1,low_activity_cooling,0.0,0.0,0.0804947539263984
29048,2023-05-31,1,low_activity_cooling,0.0,0.0,0.2037202329235991
29048,2023-06-30,1,low_activity_cooling,0.0,0.0,0.4457793813382927
29048,2023-07-31,1,low_activity_cooling,0.0,0.0,0.6481834041777228
29048,2023-08-31,1,low_activity_cooling,0.0,0.0,0.7318470462709586
29048,2023-09-30,1,low_activity_cooling,0.0,0.0,0.5500365351041571
29048,2023-10-31,1,low_activity_cooling,0.0,0.0,0.3700590805380661
29048,2023-11-30,1,low_activity_cooling,0.0,0.0,0.2109909094818668
29048,2023-12-31,1,low_activity_cooling,0.0,-1.0,0.1071739094939774
29055,2023-01-31,0,high_value_appreciating,0.0,-1.0,0.0958618962395385
29055,2023-02-28,0,high_value_appreciating,0.0,-1.0,0.0307844017914275
29055,2023-03-31,0,high_value_appreciating,0.0,-1.0,0.0752761509088584
29055,2023-04-30,0,high_value_appreciating,0.0,-1.0,0.0992287671173715
29055,2023-05-31,0,high_value_appreciating,0.0,-1.0,0.2298852638394299
29055,2023-06-30,0,high_value_appreciating,0.0,-1.0,0.3940187115914258
29055,2023-07-31,0,high_value_appreciating,0.0,0.0,0.3969588346983246
29055,2023-08-31,0,high_value_appreciating,0.0,0.0,0.7585375485553806
29055,2023-09-30,0,high_value_appreciating,0.0,0.0,0.8805630900804505
29055,2023-10-31,0,high_value_appreciating,0.0,0.0,0.7758050851477063
29055,2023-11-30,0,high_value_appreciating,0.0,0.0,0.5980955451546567
29055,2023-12-31,0,high_value_appreciating,0.0,0.0,0.2481479318346918
29058,2023-01-31,1,low_activity_cooling,0.0,0.0,0.0366585652094277
29058,2023-02-28,1,low_activity_cooling,0.0,0.0,0.02086603634502
29058,2023-03-31,1,low_activity_cooling,0.0,0.0,0.0304384116451282
29058,2023-04-30,1,low_activity_cooling,0.0,0.0,0.0860837717238789
29058,2023-05-31,1,low_activity_cooling,0.0,0.0,0.0890500853896773
29058,2023-06-30,1,low_activity_cooling,0.0,0.0,0.1469686819048224
29058,2023-07-31,1,low_activity_cooling,0.0,0.0,0.3309562692316418
29058,2023-08-31,1,low_activity_cooling,0.0,0.0,0.7376334855077976
29058,2023-09-30,1,low_activity_cooling,0.0,0.0,0.6131928536659307
29058,2023-10-31,1,low_activity_cooling,0.0,0.0,0.5275709159001377
29058,2023-11-30,1,low_activity_cooling,0.0,0.0,0.264382245910182
29058,2023-12-31,1,low_activity_cooling,0.0,0.0,0.1577925162539809
29059,2023-01-31,4,moderate_supply_growing,0.0,-1.0,0.0738109133924061
29059,2023-02-28,4,moderate_supply_growing,0.0,-1.0,0.1531433908098364
29059,2023-03-31,4,moderate_supply_growing,0.0,-1.0,0.3285319003936768
29059,2023-04-30,4,moderate_supply_growing,0.0,-1.0,0.7045887720612175
29059,2023-05-31,4,moderate_supply_growing,0.0,0.0,0.6565443592861752
29059,2023-06-30,4,moderate_supply_growing,1.0,1.0,0.9407022618995876
29059,2023-07-31,4,moderate_supply_growing,1.0,1.0,0.8054149086777724
29059,2023-08-31,4,moderate_supply_growing,1.0,1.0,0.9008167815998962
29059,2023-09-30,4,moderate_supply_growing,1.0,1.0,0.8802501300688343
29059,2023-10-31,4,moderate_supply_growing,1.0,1.0,0.8168057106839639
29059,2023-11-30,4,moderate_supply_growing,1.0,1.0,0.9456675999237832
29059,2023-12-31,4,moderate_supply_growing,1.0,1.0,0.9688616967257846
29067,2023-01-31,1,low_activity_cooling,0.0,0.0,0.0357318601190607
29067,2023-02-28,1,low_activity_cooling,0.0,0.0,0.0165534473026115
29067,2023-03-31,1,low_activity_cooling,0.0,0.0,0.0262318028791723
29067,2023-04-30,1,low_activity_cooling,0.0,0.0,0.0943181113040499
29067,2023-05-31,1,low_activity_cooling,0.0,0.0,0.1579203260332051
29067,2023-06-30,1,low_activity_cooling,0.0,0.0,0.2007951278316095
29067,2023-07-31,1,low_activity_cooling,0.0,0.0,0.2566787480592998
29067,2023-08-31,1,low_activity_cooling,0.0,0.0,0.2924025226367417
29067,2023-09-30,1,low_activity_cooling,0.0,0.0,0.664336114228846
29067,2023-10-31,1,low_activity_cooling,0.0,0.0,0.3670766306330948
29067,2023-11-30,1,low_activity_cooling,0.0,0.0,0.5075150832101986
29067,2023-12-31,1,low_activity_cooling,0.0,0.0,0.496607059991219
29102,2023-01-31,1,low_activity_cooling,0.0,0.0,0.0545567422429129
29102,2023-02-28,1,low_activity_cooling,0.0,0.0,0.0454728616415348
29102,2023-03-31,1,low_activity_cooling,0.0,0.0,0.0266289184691279
29102,2023-04-30,1,low_activity_cooling,0.0,0.0,0.03010027459701
29102,2023-05-31,1,low_activity_cooling,0.0,0.0,0.1085823159984559
29102,2023-06-30,1,low_activity_cooling,0.0,0.0,0.2170633814438295
29102,2023-07-31,1,low_activity_cooling,0.0,0.0,0.3839374433356035
29102,2023-08-31,1,low_activity_cooling,0.0,0.0,0.3405855893583676
29102,2023-09-30,1,low_activity_cooling,0.0,0.0,0.1967214104691391
29102,2023-10-31,1,low_activity_cooling,0.0,0.0,0.238987169653241
29102,2023-11-30,1,low_activity_cooling,0.0,0.0,0.2329026911438234
29102,2023-12-31,1,low_activity_cooling,0.0,0.0,0.1301410128421614
29108,2023-01-31,1,low_activity_cooling,0.0,-1.0,0.0515062675609251
29108,2023-02-28,1,low_activity_cooling,0.0,-1.0,0.0153305158614201
29108,2023-03-31,1,low_activity_cooling,0.0,-1.0,0.0129643019761506
29108,2023-04-30,1,low_activity_cooling,0.0,-1.0,0.0288418739252064
29108,2023-05-31,1,low_activity_cooling,0.0,-1.0,0.0435472053388215
29108,2023-06-30,1,low_activity_cooling,0.0,-1.0,0.1131816553029005
29108,2023-07-31,1,low_activity_cooling,0.0,-1.0,0.3055041216915956
29108,2023-08-31,1,low_activity_cooling,0.0,0.0,0.4310059085522496
29108,2023-09-30,1,low_activity_cooling,0.0,-1.0,0.5185570906482189
29108,2023-10-31,1,low_activity_cooling,0.0,0.0,0.293631003500863
29108,2023-11-30,1,low_activity_cooling,0.0,0.0,0.3140383368982282
29108,2023-12-31,1,low_activity_cooling,0.0,0.0,0.4647221133330958
29112,2023-01-31,1,low_activity_cooling,0.0,-1.0,0.0062149136410621
29112,2023-02-28,1,low_activity_cooling,0.0,-1.0,0.0156129457095016
29112,2023-03-31,1,low_activity_cooling,0.0,-1.0,0.2326592287395222
29112,2023-04-30,1,low_activity_cooling,0.0,0.0,0.4830939879510707
29112,2023-05-31,1,low_activity_cooling,0.0,0.0,0.1957829426387158
29112,2023-06-30,1,low_activity_cooling,0.0,0.0,0.2902450961868464
29112,2023-07-31,1,low_activity_cooling,0.0,0.0,0.3263006799566441
29112,2023-08-31,1,low_activity_cooling,0.0,0.0,0.4068860251409199
29112,2023-09-30,1,low_activity_cooling,0.0,0.0,0.4633483641086422
29112,2023-10-31,1,low_activity_cooling,0.0,0.0,0.1551925753025132
29112,2023-11-30,1,low_activity_cooling,0.0,0.0,0.2845936385087298
29112,2023-12-31,1,low_activity_cooling,0.0,0.0,0.422476894519065
29115,2023-01-31,1,low_activity_cooling,0.0,-1.0,0.015963103939863
29115,2023-02-28,1,low_activity_cooling,0.0,0.0,0.0184686655652786
29115,2023-03-31,1,low_activity_cooling,0.0,0.0,0.1201062744917494
29115,2023-04-30,1,low_activity_cooling,0.0,0.0,0.542698186013157
29115,2023-05-31,1,low_activity_cooling,0.0,0.0,0.6706407759791002
29115,2023-06-30,1,low_activity_cooling,0.0,0.0,0.721781637623857
29115,2023-07-31,1,low_activity_cooling,0.0,0.0,0.5520642844139294
29115,2023-08-31,1,low_activity_cooling,0.0,0.0,0.5995332884254403
29115,2023-09-30,1,low_activity_cooling,1.0,1.0,0.7092358754505265
29115,2023-10-31,1,low_activity_cooling,0.0,0.0,0.4988235458423459
29115,2023-11-30,1,low_activity_cooling,0.0,0.0,0.6487879237013728
29115,2023-12-31,1,low_activity_cooling,0.0,0.0,0.4257032045181536
29118,2023-01-31,1,low_activity_cooling,0.0,-1.0,0.0277888998573411
29118,2023-02-28,1,low_activity_cooling,0.0,-1.0,0.0207023718409291
29118,2023-03-31,1,low_activity_cooling,0.0,-1.0,0.0164581137681204
29118,2023-04-30,1,low_activity_cooling,0.0,0.0,0.0335611681533064
29118,2023-05-31,1,low_activity_cooling,0.0,0.0,0.1472694760538562
29118,2023-06-30,1,low_activity_cooling,0.0,0.0,0.1393391442209529
29118,2023-07-31,1,low_activity_cooling,0.0,0.0,0.1872902595265462
29118,2023-08-31,1,low_activity_cooling,0.0,0.0,0.1867092863571146
29118,2023-09-30,1,low_activity_cooling,0.0,0.0,0.5281774862109972
29118,2023-10-31,1,low_activity_cooling,0.0,0.0,0.7954662800584393
29118,2023-11-30,1,low_activity_cooling,0.0,0.0,0.7147032514240136
29118,2023-12-31,1,low_activity_cooling,0.0,0.0,0.5983814169305912
29127,2023-01-31,1,low_activity_cooling,0.0,-1.0,0.028807744199474
29127,2023-02-28,1,low_activity_cooling,0.0,0.0,0.0297473388755659
29127,2023-03-31,1,low_activity_cooling,0.0,-1.0,0.01739961397981
29127,2023-04-30,1,low_activity_cooling,0.0,-1.0,0.0228795225793494
29127,2023-05-31,1,low_activity_cooling,0.0,-1.0,0.0687550460893196
29127,2023-06-30,1,low_activity_cooling,0.0,-1.0,0.159118613633027
29127,2023-07-31,1,low_activity_cooling,0.0,0.0,0.4561440037123786
29127,2023-08-31,1,low_activity_cooling,0.0,0.0,0.2549442983799569
29127,2023-09-30,1,low_activity_cooling,0.0,0.0,0.1421757028766342
29127,2023-10-31,1,low_activity_cooling,0.0,0.0,0.1518912099266164
29127,2023-11-30,1,low_activity_cooling,0.0,0.0,0.5147061274288975
29127,2023-12-31,1,low_activity_cooling,0.0,0.0,0.4607872896152784
29129,2023-01-31,1,low_activity_cooling,0.0,0.0,0.0768814367588455
29129,2023-02-28,1,low_activity_cooling,0.0,0.0,0.1181406379138609
29129,2023-03-31,1,low_activity_cooling,0.0,0.0,0.285576321475852
29129,2023-04-30,1,low_activity_cooling,0.0,0.0,0.0939266477652224
29129,2023-05-31,1,low_activity_cooling,0.0,0.0,0.260002669449208
29129,2023-06-30,1,low_activity_cooling,0.0,0.0,0.2676558360272022
29129,2023-07-31,1,low_activity_cooling,0.0,0.0,0.3747571627733702
29129,2023-08-31,1,low_activity_cooling,0.0,0.0,0.148363809638846
29129,2023-09-30,1,low_activity_cooling,0.0,0.0,0.0793871829029217
29129,2023-10-31,1,low_activity_cooling,0.0,0.0,0.0553424147855615
29129,2023-11-30,1,low_activity_cooling,0.0,0.0,0.0881607300040176
29129,2023-12-31,1,low_activity_cooling,0.0,0.0,0.1291691719970652
29142,2023-01-31,0,high_value_appreciating,0.0,0.0,0.2440140562773505
29142,2023-02-28,0,high_value_appreciating,0.0,0.0,0.1381031257832807
29142,2023-03-31,0,high_value_appreciating,0.0,0.0,0.057021018433368
29142,2023-04-30,0,high_value_appreciating,0.0,0.0,0.0805884922855725
29142,2023-05-31,0,high_value_appreciating,0.0,0.0,0.1276041713749942
29142,2023-06-30,0,high_value_appreciating,0.0,-1.0,0.528140793034338
29142,2023-07-31,0,high_value_appreciating,0.0,0.0,0.3893654707411784
29142,2023-08-31,0,high_value_appreciating,0.0,0.0,0.3721363287982109
29142,2023-09-30,0,high_value_appreciating,0.0,0.0,0.553640302768965
29142,2023-10-31,0,high_value_appreciating,0.0,0.0,0.516903208488537
29142,2023-11-30,0,high_value_appreciating,0.0,0.0,0.3976124020989299
29142,2023-12-31,0,high_value_appreciating,0.0,0.0,0.2060471482375236
29148,2023-01-31,1,low_activity_cooling,0.0,0.0,0.0648052275822906
29148,2023-02-28,1,low_activity_cooling,0.0,0.0,0.0510065400912823
29148,2023-03-31,1,low_activity_cooling,0.0,0.0,0.0281418852174949
29148,2023-04-30,1,low_activity_cooling,0.0,0.0,0.0364507333853004
29148,2023-05-31,1,low_activity_cooling,0.0,0.0,0.0887189754347563
29148,2023-06-30,1,low_activity_cooling,0.0,0.0,0.0377838387170608
29148,2023-07-31,1,low_activity_cooling,0.0,0.0,0.0682999301712777
29148,2023-08-31,1,low_activity_cooling,0.0,0.0,0.1073330678956886
29148,2023-09-30,1,low_activity_cooling,0.0,0.0,0.132967677790292
29148,2023-10-31,1,low_activity_cooling,0.0,0.0,0.4252520444863589
29148,2023-11-30,1,low_activity_cooling,0.0,0.0,0.2339444708911724
29148,2023-12-31,1,low_activity_cooling,0.0,0.0,0.3189388621245941
29150,2023-01-31,1,low_activity_cooling,0.0,0.0,0.0829684671741242
29150,2023-02-28,1,low_activity_cooling,0.0,0.0,0.1067424340469204
29150,2023-03-31,1,low_activity_cooling,0.0,0.0,0.1006457109216591
29150,2023-04-30,1,low_activity_cooling,0.0,0.0,0.2361988949453444
29150,2023-05-31,1,low_activity_cooling,0.0,0.0,0.4328234290927463
29150,2023-06-30,1,low_activity_cooling,0.0,0.0,0.3109414949065888
29150,2023-07-31,1,low_activity_cooling,0.0,0.0,0.2155260745959289
29150,2023-08-31,1,low_activity_cooling,0.0,0.0,0.1341820062555267
29150,2023-09-30,1,low_activity_cooling,0.0,0.0,0.2582240188194451
29150,2023-10-31,1,low_activity_cooling,0.0,0.0,0.3397455996481042
29150,2023-11-30,1,low_activity_cooling,0.0,0.0,0.1984273455970813
29150,2023-12-31,1,low_activity_cooling,0.0,0.0,0.1339237661490257
29153,2023-01-31,1,low_activity_cooling,0.0,0.0,0.1187533609711368
29153,2023-02-28,1,low_activity_cooling,0.0,0.0,0.1118447600142886
29153,2023-03-31,1,low_activity_cooling,0.0,0.0,0.0668824659250523
29153,2023-04-30,1,low_activity_cooling,0.0,0.0,0.0802419290799817
29153,2023-05-31,1,low_activity_cooling,0.0,0.0,0.4444863753235037
29153,2023-06-30,1,low_activity_cooling,0.0,0.0,0.755904748057743
29153,2023-07-31,1,low_activity_cooling,0.0,0.0,0.7326795227629256
29153,2023-08-31,1,low_activity_cooling,0.0,0.0,0.8217154284973157
29153,2023-09-30,1,low_activity_cooling,0.0,0.0,0.4076639847764309
29153,2023-10-31,1,low_activity_cooling,0.0,0.0,0.4374501098939728
29153,2023-11-30,1,low_activity_cooling,0.0,0.0,0.1235118880605104
29153,2023-12-31,1,low_activity_cooling,0.0,0.0,0.1122220911759187
29154,2023-01-31,1,low_activity_cooling,0.0,0.0,0.0593395226745946
29154,2023-02-28,1,low_activity_cooling,0.0,0.0,0.0433183700548886
29154,2023-03-31,1,low_activity_cooling,0.0,0.0,0.0505907184191328
29154,2023-04-30,1,low_activity_cooling,0.0,0.0,0.1499706936465938
29154,2023-05-31,1,low_activity_cooling,0.0,0.0,0.4650912724133993
29154,2023-06-30,1,low_activity_cooling,0.0,0.0,0.4786564621545114
29154,2023-07-31,1,low_activity_cooling,0.0,0.0,0.3369828700625571
29154,2023-08-31,1,low_activity_cooling,0.0,0.0,0.333385508390294
29154,2023-09-30,1,low_activity_cooling,0.0,0.0,0.397615025528212
29154,2023-10-31,1,low_activity_cooling,0.0,0.0,0.4530702374301367
29154,2023-11-30,1,low_activity_cooling,0.0,0.0,0.359828420489176
29154,2023-12-31,1,low_activity_cooling,0.0,0.0,0.2302872899481759
29161,2023-01-31,1,low_activity_cooling,0.0,-1.0,0.07467084547762
29161,2023-02-28,1,low_activity_cooling,0.0,-1.0,0.0769129266086614
29161,2023-03-31,1,low_activity_cooling,0.0,-1.0,0.0206937212365134
29161,2023-04-30,1,low_activity_cooling,0.0,-1.0,0.0712283381299503
29161,2023-05-31,1,low_activity_cooling,0.0,0.0,0.0792746862769532
29161,2023-06-30,1,low_activity_cooling,0.0,0.0,0.1552527403782819
29161,2023-07-31,1,low_activity_cooling,0.0,0.0,0.436873416502573
29161,2023-08-31,1,low_activity_cooling,0.0,0.0,0.6449876161260006
29161,2023-09-30,1,low_activity_cooling,0.0,0.0,0.4676156268135212
29161,2023-10-31,1,low_activity_cooling,0.0,0.0,0.2270190314399122
29161,2023-11-30,1,low_activity_cooling,0.0,0.0,0.7199252278084297
29161,2023-12-31,1,low_activity_cooling,0.0,0.0,0.3877252657657547
29164,2023-01-31,1,low_activity_cooling,0.0,-1.0,0.0832441577223533
29164,2023-02-28,1,low_activity_cooling,0.0,-1.0,0.0573118585212082
29164,2023-03-31,1,low_activity_cooling,0.0,-1.0,0.0630153973712806
29164,2023-04-30,1,low_activity_cooling,0.0,-1.0,0.2013344094048588
29164,2023-05-31,1,low_activity_cooling,0.0,-1.0,0.217560238525502
29164,2023-06-30,1,low_activity_cooling,0.0,-1.0,0.1685995464745535
29164,2023-07-31,1,low_activity_cooling,0.0,0.0,0.3768786500349421
29164,2023-08-31,1,low_activity_cooling,0.0,0.0,0.3129671013555522
29164,2023-09-30,1,low_activity_cooling,0.0,0.0,0.6393856328080748
29164,2023-10-31,1,low_activity_cooling,0.0,0.0,0.5493752060312935
29164,2023-11-30,1,low_activity_cooling,0.0,0.0,0.2040358390196039
29164,2023-12-31,1,low_activity_cooling,0.0,0.0,0.1637093884297187
29301,2023-01-31,3,affordable_high_demand,0.0,0.0,0.0229337562752487
29301,2023-02-28,3,affordable_high_demand,0.0,0.0,0.0288425032972911
29301,2023-03-31,3,affordable_high_demand,0.0,0.0,0.0190403282551446
29301,2023-04-30,3,affordable_high_demand,0.0,0.0,0.0531920162300613
29301,2023-05-31,3,affordable_high_demand,0.0,0.0,0.0930422253504453
29301,2023-06-30,3,affordable_high_demand,0.0,0.0,0.1433527984681256
29301,2023-07-31,3,affordable_high_demand,0.0,0.0,0.1384905467663084
29301,2023-08-31,3,affordable_high_demand,0.0,0.0,0.1739208792115601
29301,2023-09-30,3,affordable_high_demand,0.0,0.0,0.2185576934687029
29301,2023-10-31,3,affordable_high_demand,0.0,0.0,0.3267709145657541
29301,2023-11-30,3,affordable_high_demand,0.0,0.0,0.5918244192580849
29301,2023-12-31,3,affordable_high_demand,0.0,0.0,0.4142187001186407
29302,2023-01-31,3,affordable_high_demand,0.0,-1.0,0.0124979092051748
29302,2023-02-28,3,affordable_high_demand,0.0,-1.0,0.0126714194925755
29302,2023-03-31,3,affordable_high_demand,0.0,-1.0,0.0102642128723001
29302,2023-04-30,3,affordable_high_demand,0.0,-1.0,0.0100661990615297
29302,2023-05-31,3,affordable_high_demand,0.0,-1.0,0.02687059655354
29302,2023-06-30,3,affordable_high_demand,0.0,-1.0,0.1000748315018728
29302,2023-07-31,3,affordable_high_demand,0.0,-1.0,0.1163177833453469
29302,2023-08-31,3,affordable_high_demand,0.0,-1.0,0.1474842550968932
29302,2023-09-30,3,affordable_high_demand,0.0,-1.0,0.2558863471071125
29302,2023-10-31,3,affordable_high_demand,0.0,0.0,0.4011095296546226
29302,2023-11-30,3,affordable_high_demand,0.0,0.0,0.5284880875133419
29302,2023-12-31,3,affordable_high_demand,0.0,0.0,0.4645995710366507
29303,2023-01-31,3,affordable_high_demand,0.0,-1.0,0.015412255231871
29303,2023-02-28,3,affordable_high_demand,0.0,-1.0,0.0232211785742346
29303,2023-03-31,3,affordable_high_demand,0.0,-1.0,0.0156108067376914
29303,2023-04-30,3,affordable_high_demand,0.0,-1.0,0.0280358190756101
29303,2023-05-31,3,affordable_high_demand,0.0,-1.0,0.0237339466323163
29303,2023-06-30,3,affordable_high_demand,0.0,-1.0,0.0600355930455108
29303,2023-07-31,3,affordable_high_demand,0.0,-1.0,0.1288506850176667
29303,2023-08-31,3,affordable_high_demand,0.0,-1.0,0.3064899902142833
29303,2023-09-30,3,affordable_high_demand,0.0,0.0,0.3342051976367963
29303,2023-10-31,3,affordable_high_demand,0.0,0.0,0.6499185979017142
29303,2023-11-30,3,affordable_high_demand,0.0,0.0,0.8173133326480635
29303,2023-12-31,3,affordable_high_demand,0.0,0.0,0.4656173656739635
29306,2023-01-31,3,affordable_high_demand,0.0,0.0,0.0291873034694148
29306,2023-02-28,3,affordable_high_demand,0.0,-1.0,0.0203019549510978
29306,2023-03-31,3,affordable_high_demand,0.0,-1.0,0.0133935231939624
29306,2023-04-30,3,affordable_high_demand,0.0,-1.0,0.020291237850607
29306,2023-05-31,3,affordable_high_demand,0.0,-1.0,0.0757200949086178
29306,2023-06-30,3,affordable_high_demand,0.0,-1.0,0.2052119992900873
29306,2023-07-31,3,affordable_high_demand,0.0,-1.0,0.1362792994350548
29306,2023-08-31,3,affordable_high_demand,0.0,0.0,0.3191359891974487
29306,2023-09-30,3,affordable_high_demand,0.0,0.0,0.6269314186529953
29306,2023-10-31,3,affordable_high_demand,0.0,0.0,0.6020264960606044
29306,2023-11-30,3,affordable_high_demand,0.0,0.0,0.5356474396668155
29306,2023-12-31,3,affordable_high_demand,0.0,0.0,0.2839651077702013
29307,2023-01-31,3,affordable_high_demand,0.0,-1.0,0.0160902231550392
29307,2023-02-28,3,affordable_high_demand,0.0,-1.0,0.0158741273333615
29307,2023-03-31,3,affordable_high_demand,0.0,-1.0,0.0198739745184364
29307,2023-04-30,3,affordable_high_demand,0.0,-1.0,0.0297032245238236
29307,2023-05-31,3,affordable_high_demand,0.0,-1.0,0.0859436189997487
29307,2023-06-30,3,affordable_high_demand,0.0,0.0,0.122742244770862
29307,2023-07-31,3,affordable_high_demand,0.0,0.0,0.1501080582713174
29307,2023-08-31,3,affordable_high_demand,0.0,0.0,0.2001242818355053
29307,2023-09-30,3,affordable_high_demand,0.0,0.0,0.3501467589410539
29307,2023-10-31,3,affordable_high_demand,0.0,0.0,0.431174791502605
29307,2023-11-30,3,affordable_high_demand,0.0,0.0,0.338816415890796
29307,2023-12-31,3,affordable_high_demand,0.0,0.0,0.3357572110931626
29316,2023-01-31,2,competitive_mid_market,0.0,-1.0,0.0136722233298134
29316,2023-02-28,2,competitive_mid_market,0.0,-1.0,0.019245114983356
29316,2023-03-31,2,competitive_mid_market,0.0,-1.0,0.0233078238434996
29316,2023-04-30,2,competitive_mid_market,0.0,-1.0,0.0248474566148673
29316,2023-05-31,2,competitive_mid_market,0.0,-1.0,0.0292932443608705
29316,2023-06-30,2,competitive_mid_market,0.0,-1.0,0.0712523123155035
29316,2023-07-31,2,competitive_mid_market,0.0,0.0,0.1361039005133736
29316,2023-08-31,2,competitive_mid_market,0.0,0.0,0.1981963653268154
29316,2023-09-30,2,competitive_mid_market,0.0,0.0,0.1984426010949088
29316,2023-10-31,2,competitive_mid_market,0.0,0.0,0.3191200802911065
29316,2023-11-30,2,competitive_mid_market,0.0,0.0,0.2703781030358935
29316,2023-12-31,2,competitive_mid_market,0.0,0.0,0.2911025553820391
29322,2023-01-31,4,moderate_supply_growing,0.0,-1.0,0.0119270708827823
29322,2023-02-28,4,moderate_supply_growing,0.0,-1.0,0.0145673536845447
29322,2023-03-31,4,moderate_supply_growing,0.0,-1.0,0.009660339258735
29322,2023-04-30,4,moderate_supply_growing,0.0,-1.0,0.0464247868789758
29322,2023-05-31,4,moderate_supply_growing,0.0,-1.0,0.166510887066467
29322,2023-06-30,4,moderate_supply_growing,0.0,-1.0,0.2770697194779382
29322,2023-07-31,4,moderate_supply_growing,0.0,0.0,0.4121120461570257
29322,2023-08-31,4,moderate_supply_growing,0.0,0.0,0.8074102637952679
29322,2023-09-30,4,moderate_supply_growing,0.0,0.0,0.6927184271520025
29322,2023-10-31,4,moderate_supply_growing,0.0,0.0,0.6824082736852706
29322,2023-11-30,4,moderate_supply_growing,0.0,0.0,0.5153810440558445
29322,2023-12-31,4,moderate_supply_growing,0.0,0.0,0.3113203801045337
29323,2023-01-31,4,moderate_supply_growing,0.0,-1.0,0.0220117132113297
29323,2023-02-28,4,moderate_supply_growing,0.0,-1.0,0.0197252442690474
29323,2023-03-31,4,moderate_supply_growing,0.0,0.0,0.0200326385710702
29323,2023-04-30,4,moderate_supply_growing,0.0,-1.0,0.0175179017871953
29323,2023-05-31,4,moderate_supply_growing,0.0,-1.0,0.0425352155242285
29323,2023-06-30,4,moderate_supply_growing,0.0,0.0,0.095361428044038
29323,2023-07-31,4,moderate_supply_growing,0.0,0.0,0.1389107461103839
29323,2023-08-31,4,moderate_supply_growing,0.0,0.0,0.2540650004861444
29323,2023-09-30,4,moderate_supply_growing,0.0,0.0,0.2510134830314807
29323,2023-10-31,4,moderate_supply_growing,0.0,0.0,0.563878676023529
29323,2023-11-30,4,moderate_supply_growing,0.0,0.0,0.5599466470843578
29323,2023-12-31,4,moderate_supply_growing,0.0,0.0,0.6624494400979383
29325,2023-01-31,1,low_activity_cooling,0.0,-1.0,0.0185834941293163
29325,2023-02-28,1,low_activity_cooling,0.0,-1.0,0.0187387474399588
29325,2023-03-31,1,low_activity_cooling,0.0,-1.0,0.011599616547707
29325,2023-04-30,1,low_activity_cooling,0.0,-1.0,0.0100360715043365
29325,2023-05-31,1,low_activity_cooling,0.0,-1.0,0.1116564685189261
29325,2023-06-30,1,low_activity_cooling,0.0,-1.0,0.1849186037958841
29325,2023-07-31,1,low_activity_cooling,0.0,-1.0,0.2197495636670074
29325,2023-08-31,1,low_activity_cooling,0.0,-1.0,0.3262801284903698
29325,2023-09-30,1,low_activity_cooling,0.0,0.0,0.4756274085783079
29325,2023-10-31,1,low_activity_cooling,0.0,0.0,0.6011570363926028
29325,2023-11-30,1,low_activity_cooling,0.0,0.0,0.4734124603558088
29325,2023-12-31,1,low_activity_cooling,0.0,0.0,0.2979791829499789
29330,2023-01-31,1,low_activity_cooling,0.0,0.0,0.0127442470162166
29330,2023-02-28,1,low_activity_cooling,0.0,0.0,0.05835027178439
29330,2023-03-31,1,low_activity_cooling,0.0,0.0,0.0286764462649608
29330,2023-04-30,1,low_activity_cooling,0.0,0.0,0.0432229550059283
29330,2023-05-31,1,low_activity_cooling,0.0,0.0,0.0969178190705083
29330,2023-06-30,1,low_activity_cooling,0.0,0.0,0.1617212101231948
29330,2023-07-31,1,low_activity_cooling,0.0,0.0,0.4051423979767902
29330,2023-08-31,1,low_activity_cooling,0.0,0.0,0.2840851468169203
29330,2023-09-30,1,low_activity_cooling,0.0,0.0,0.2905554800016269
29330,2023-10-31,1,low_activity_cooling,0.0,0.0,0.6277859505868575
29330,2023-11-30,1,low_activity_cooling,0.0,0.0,0.3788732318461287
29330,2023-12-31,1,low_activity_cooling,0.0,0.0,0.2819229670809405
29332,2023-01-31,1,low_activity_cooling,0.0,-1.0,0.0479729419637421
29332,2023-02-28,1,low_activity_cooling,0.0,-1.0,0.1121287115332613
29332,2023-03-31,1,low_activity_cooling,0.0,-1.0,0.0554257730920611
29332,2023-04-30,1,low_activity_cooling,0.0,-1.0,0.0248635430760338
29332,2023-05-31,1,low_activity_cooling,0.0,-1.0,0.0183542737605717
29332,2023-06-30,1,low_activity_cooling,0.0,-1.0,0.0441584110537813
29332,2023-07-31,1,low_activity_cooling,0.0,-1.0,0.2559312086183218
29332,2023-08-31,1,low_activity_cooling,0.0,-1.0,0.3170722343407198
29332,2023-09-30,1,low_activity_cooling,0.0,-1.0,0.5436933186368207
29332,2023-10-31,1,low_activity_cooling,0.0,-1.0,0.2290090426947801
29332,2023-11-30,1,low_activity_cooling,0.0,-1.0,0.1612964697439478
29332,2023-12-31,1,low_activity_cooling,0.0,-1.0,0.1369935721347546
29334,2023-01-31,2,competitive_mid_market,0.0,-1.0,0.0119399756924751
29334,2023-02-28,2,competitive_mid_market,0.0,-1.0,0.0218421397108886
29334,2023-03-31,2,competitive_mid_market,0.0,-1.0,0.0235150986286826
29334,2023-04-30,2,competitive_mid_market,0.0,-1.0,0.0526275034822696
29334,2023-05-31,2,competitive_mid_market,0.0,-1.0,0.0751518203311125
29334,2023-06-30,2,competitive_mid_market,0.0,-1.0,0.1639923465132459
29334,2023-07-31,2,competitive_mid_market,0.0,0.0,0.1751993871159863
29334,2023-08-31,2,competitive_mid_market,0.0,0.0,0.1657785820494045
29334,2023-09-30,2,competitive_mid_market,0.0,0.0,0.1912926028041384
29334,2023-10-31,2,competitive_mid_market,0.0,0.0,0.3165339979628625
29334,2023-11-30,2,competitive_mid_market,0.0,0.0,0.3714132951551446
29334,2023-12-31,2,competitive_mid_market,0.0,0.0,0.4423854646310106
29335,2023-01-31,4,moderate_supply_growing,0.0,-1.0,0.024719212451026
29335,2023-02-28,4,moderate_supply_growing,0.0,-1.0,0.0244997729162388
29335,2023-03-31,4,moderate_supply_growing,0.0,-1.0,0.0078169488384263
29335,2023-04-30,4,moderate_supply_growing,0.0,-1.0,0.0493841768861455
29335,2023-05-31,4,moderate_supply_growing,0.0,0.0,0.1746357965880824
29335,2023-06-30,4,moderate_supply_growing,0.0,0.0,0.1777019729181168
29335,2023-07-31,4,moderate_supply_growing,0.0,0.0,0.1415296650255487
29335,2023-08-31,4,moderate_supply_growing,0.0,0.0,0.4589227172663129
29335,2023-09-30,4,moderate_supply_growing,1.0,1.0,0.8629906299577476
29335,2023-10-31,4,moderate_supply_growing,1.0,1.0,0.7694023970078046
29335,2023-11-30,4,moderate_supply_growing,0.0,0.0,0.736011677584785
29335,2023-12-31,4,moderate_supply_growing,0.0,0.0,0.7419397340716731
29340,2023-01-31,1,low_activity_cooling,0.0,0.0,0.1587464252002661
29340,2023-02-28,1,low_activity_cooling,0.0,0.0,0.2292837027353779
29340,2023-03-31,1,low_activity_cooling,0.0,0.0,0.4131883838093735
29340,2023-04-30,1,low_activity_cooling,0.0,0.0,0.270079447916509
29340,2023-05-31,1,low_activity_cooling,0.0,0.0,0.3191754534689686
29340,2023-06-30,1,low_activity_cooling,0.0,0.0,0.2736018975520218
29340,2023-07-31,1,low_activity_cooling,0.0,0.0,0.4091345725719763
29340,2023-08-31,1,low_activity_cooling,0.0,0.0,0.1588895937503801
29340,2023-09-30,1,low_activity_cooling,0.0,0.0,0.1191342740807961
29340,2023-10-31,1,low_activity_cooling,0.0,0.0,0.1650362302080111
29340,2023-11-30,1,low_activity_cooling,0.0,0.0,0.2532303950253514
29340,2023-12-31,1,low_activity_cooling,0.0,0.0,0.0709858941490606
29341,2023-01-31,1,low_activity_cooling,0.0,0.0,0.0482572694236156
29341,2023-02-28,1,low_activity_cooling,0.0,0.0,0.0535573464837851
29341,2023-03-31,1,low_activity_cooling,0.0,0.0,0.0492052850520639
29341,2023-04-30,1,low_activity_cooling,0.0,0.0,0.0579795466103565
29341,2023-05-31,1,low_activity_cooling,0.0,0.0,0.0690940380221938
29341,2023-06-30,1,low_activity_cooling,0.0,0.0,0.112822592829192
29341,2023-07-31,1,low_activity_cooling,0.0,0.0,0.1781824290049997
29341,2023-08-31,1,low_activity_cooling,0.0,0.0,0.2410578776489277
29341,2023-09-30,1,low_activity_cooling,0.0,0.0,0.2530242116087003
29341,2023-10-31,1,low_activity_cooling,0.0,0.0,0.1132696638216763
29341,2023-11-30,1,low_activity_cooling,0.0,0.0,0.1352774496476374
29341,2023-12-31,1,low_activity_cooling,0.0,0.0,0.1141017699538786
29349,2023-01-31,2,competitive_mid_market,0.0,-1.0,0.0111414670936256
29349,2023-02-28,2,competitive_mid_market,0.0,-1.0,0.0183078923787696
29349,2023-03-31,2,competitive_mid_market,0.0,-1.0,0.0153129532173038
29349,2023-04-30,2,competitive_mid_market,0.0,-1.0,0.0232165603399181
29349,2023-05-31,2,competitive_mid_market,0.0,-1.0,0.0249418705804802
29349,2023-06-30,2,competitive_mid_market,0.0,-1.0,0.0346800559442147
29349,2023-07-31,2,competitive_mid_market,0.0,-1.0,0.080934759645689
29349,2023-08-31,2,competitive_mid_market,0.0,0.0,0.1376579850311953
29349,2023-09-30,2,competitive_mid_market,0.0,0.0,0.2177936120290544
29349,2023-10-31,2,competitive_mid_market,0.0,0.0,0.3597120774197538
29349,2023-11-30,2,competitive_mid_market,0.0,0.0,0.2619555344992306
29349,2023-12-31,2,competitive_mid_market,0.0,0.0,0.2561403172707198
29356,2023-01-31,1,low_activity_cooling,0.0,-1.0,0.01427987746718
29356,2023-02-28,1,low_activity_cooling,0.0,-1.0,0.020109949003739
29356,2023-03-31,1,low_activity_cooling,0.0,-1.0,0.0281066812161396
29356,2023-04-30,1,low_activity_cooling,0.0,-1.0,0.0621619284454738
29356,2023-05-31,1,low_activity_cooling,0.0,0.0,0.0294940280896151
29356,2023-06-30,1,low_activity_cooling,0.0,-1.0,0.0988918084412349
29356,2023-07-31,1,low_activity_cooling,0.0,0.0,0.0856330396894972
29356,2023-08-31,1,low_activity_cooling,0.0,0.0,0.3876719016388621
29356,2023-09-30,1,low_activity_cooling,0.0,0.0,0.3353379297595318
29356,2023-10-31,1,low_activity_cooling,0.0,0.0,0.3273775782490327
29356,2023-11-30,1,low_activity_cooling,0.0,0.0,0.3138897947054799
29356,2023-12-31,1,low_activity_cooling,0.0,0.0,0.2236672144885655
29360,2023-01-31,1,low_activity_cooling,0.0,-1.0,0.0224521980259569
29360,2023-02-28,1,low_activity_cooling,0.0,-1.0,0.0208582253281975
29360,2023-03-31,1,low_activity_cooling,0.0,-1.0,0.0313625765605675
29360,2023-04-30,1,low_activity_cooling,0.0,-1.0,0.0164936209485827
29360,2023-05-31,1,low_activity_cooling,0.0,-1.0,0.0114526324694766
29360,2023-06-30,1,low_activity_cooling,0.0,-1.0,0.0214333448854541
29360,2023-07-31,1,low_activity_cooling,0.0,-1.0,0.0493519026720682
29360,2023-08-31,1,low_activity_cooling,0.0,-1.0,0.174878884681634
29360,2023-09-30,1,low_activity_cooling,0.0,-1.0,0.3504675754661107
29360,2023-10-31,1,low_activity_cooling,0.0,0.0,0.3442086828822482
29360,2023-11-30,1,low_activity_cooling,0.0,0.0,0.2106299899059572
29360,2023-12-31,1,low_activity_cooling,0.0,0.0,0.2161549121858515
29365,2023-01-31,3,affordable_high_demand,0.0,-1.0,0.0231736528962865
29365,2023-02-28,3,affordable_high_demand,0.0,-1.0,0.0254292179523085
29365,2023-03-31,3,affordable_high_demand,0.0,-1.0,0.01901761474492
29365,2023-04-30,3,affordable_high_demand,0.0,-1.0,0.0540534219902717
29365,2023-05-31,3,affordable_high_demand,0.0,-1.0,0.031042464172633
29365,2023-06-30,3,affordable_high_demand,0.0,0.0,0.0737966311925757
29365,2023-07-31,3,affordable_high_demand,0.0,0.0,0.2599810196967586
29365,2023-08-31,3,affordable_high_demand,0.0,0.0,0.2946514297104047
29365,2023-09-30,3,affordable_high_demand,0.0,0.0,0.3020323143178592
29365,2023-10-31,3,affordable_high_demand,0.0,0.0,0.3206124543621158
29365,2023-11-30,3,affordable_high_demand,0.0,0.0,0.4229855550192923
29365,2023-12-31,3,affordable_high_demand,0.0,0.0,0.6090164903710373
29369,2023-01-31,2,competitive_mid_market,0.0,-1.0,0.027090000261443
29369,2023-02-28,2,competitive_mid_market,0.0,-1.0,0.06144724385749
29369,2023-03-31,2,competitive_mid_market,0.0,-1.0,0.0405890651454399
29369,2023-04-30,2,competitive_mid_market,0.0,-1.0,0.0283306844401654
29369,2023-05-31,2,competitive_mid_market,0.0,-1.0,0.0343330066852665
29369,2023-06-30,2,competitive_mid_market,0.0,-1.0,0.0916561267988853
29369,2023-07-31,2,competitive_mid_market,0.0,0.0,0.1953702919481476
29369,2023-08-31,2,competitive_mid_market,0.0,0.0,0.1846580960508697
29369,2023-09-30,2,competitive_mid_market,0.0,0.0,0.5538599749084239
29369,2023-10-31,2,competitive_mid_market,0.0,0.0,0.5345160889999355
29369,2023-11-30,2,competitive_mid_market,0.0,0.0,0.4313256987126027
29369,2023-12-31,2,competitive_mid_market,0.0,0.0,0.4827865200623064
29372,2023-01-31,4,moderate_supply_growing,0.0,0.0,0.0623419258933703
29372,2023-02-28,4,moderate_supply_growing,0.0,0.0,0.2064463048440298
29372,2023-03-31,4,moderate_supply_growing,0.0,0.0,0.0885571063461066
29372,2023-04-30,4,moderate_supply_growing,0.0,0.0,0.0471039356785557
29372,2023-05-31,4,moderate_supply_growing,0.0,0.0,0.0484517159769743
29372,2023-06-30,4,moderate_supply_growing,0.0,0.0,0.276458741215175
29372,2023-07-31,4,moderate_supply_growing,0.0,0.0,0.1173030662181147
29372,2023-08-31,4,moderate_supply_growing,0.0,0.0,0.3897094308719224
29372,2023-09-30,4,moderate_supply_growing,0.0,0.0,0.3765777034003646
29372,2023-10-31,4,moderate_supply_growing,0.0,0.0,0.3124658810884116
29372,2023-11-30,4,moderate_supply_growing,0.0,0.0,0.3123476380016386
29372,2023-12-31,4,moderate_supply_growing,0.0,0.0,0.625264551786558
29376,2023-01-31,4,moderate_supply_growing,0.0,-1.0,0.0896886791891564
29376,2023-02-28,4,moderate_supply_growing,0.0,-1.0,0.0629562003123298
29376,2023-03-31,4,moderate_supply_growing,0.0,-1.0,0.0275988390304755
29376,2023-04-30,4,moderate_supply_growing,0.0,-1.0,0.0517377444749774
29376,2023-05-31,4,moderate_supply_growing,0.0,-1.0,0.1082265902555495
29376,2023-06-30,4,moderate_supply_growing,0.0,-1.0,0.3378102540383512
29376,2023-07-31,4,moderate_supply_growing,0.0,-1.0,0.2222229752828158
29376,2023-08-31,4,moderate_supply_growing,0.0,-1.0,0.1489045786614242
29376,2023-09-30,4,moderate_supply_growing,0.0,-1.0,0.5296398989548262
29376,2023-10-31,4,moderate_supply_growing,0.0,0.0,0.6425468816581993
29376,2023-11-30,4,moderate_supply_growing,0.0,0.0,0.5219721130443967
29376,2023-12-31,4,moderate_supply_growing,0.0,0.0,0.6456486666868491
29379,2023-01-31,1,low_activity_cooling,0.0,-1.0,0.0735226894240577
29379,2023-02-28,1,low_activity_cooling,0.0,-1.0,0.053704504183872
29379,2023-03-31,1,low_activity_cooling,0.0,0.0,0.0846815204275187
29379,2023-04-30,1,low_activity_cooling,0.0,0.0,0.0200222973577753
29379,2023-05-31,1,low_activity_cooling,0.0,-1.0,0.0579887630771153
29379,2023-06-30,1,low_activity_cooling,0.0,0.0,0.1325665444699931
29379,2023-07-31,1,low_activity_cooling,0.0,0.0,0.3819289856447029
29379,2023-08-31,1,low_activity_cooling,0.0,0.0,0.2520340848761459
29379,2023-09-30,1,low_activity_cooling,0.0,0.0,0.3570834842693262
29379,2023-10-31,1,low_activity_cooling,0.0,0.0,0.1967419967421531
29379,2023-11-30,1,low_activity_cooling,0.0,0.0,0.2173250650247267
29379,2023-12-31,1,low_activity_cooling,0.0,0.0,0.2265607731650982
29384,2023-01-31,1,low_activity_cooling,0.0,-1.0,0.0155424894079057
29384,2023-02-28,1,low_activity_cooling,0.0,-1.0,0.0279043636208563
29384,2023-03-31,1,low_activity_cooling,0.0,-1.0,0.0399616305866587
29384,2023-04-30,1,low_activity_cooling,0.0,-1.0,0.0103367781576599
29384,2023-05-31,1,low_activity_cooling,0.0,-1.0,0.0218512332329947
29384,2023-06-30,1,low_activity_cooling,0.0,-1.0,0.1521641829359346
29384,2023-07-31,1,low_activity_cooling,0.0,-1.0,0.5453867408595119
29384,2023-08-31,1,low_activity_cooling,0.0,-1.0,0.6982028567906274
29384,2023-09-30,1,low_activity_cooling,0.0,0.0,0.6735944889837722
29384,2023-10-31,1,low_activity_cooling,0.0,0.0,0.5149242869835684
29384,2023-11-30,1,low_activity_cooling,0.0,0.0,0.1975733311009815
29384,2023-12-31,1,low_activity_cooling,0.0,0.0,0.4711073295285274
29385,2023-01-31,4,moderate_supply_growing,0.0,-1.0,0.0418720777127401
29385,2023-02-28,4,moderate_supply_growing,0.0,-1.0,0.0360717238486464
29385,2023-03-31,4,moderate_supply_growing,0.0,-1.0,0.0364024119653768
29385,2023-04-30,4,moderate_supply_growing,0.0,-1.0,0.0694298198956266
29385,2023-05-31,4,moderate_supply_growing,0.0,-1.0,0.1212027549504165
29385,2023-06-30,4,moderate_supply_growing,0.0,-1.0,0.3226309805323143
29385,2023-07-31,4,moderate_supply_growing,0.0,-1.0,0.0855307091554889
29385,2023-08-31,4,moderate_supply_growing,0.0,-1.0,0.1531708197235281
29385,2023-09-30,4,moderate_supply_growing,0.0,-1.0,0.3735049680521743
29385,2023-10-31,4,moderate_supply_growing,0.0,-1.0,0.6046234289311252
29385,2023-11-30,4,moderate_supply_growing,0.0,-1.0,0.6397380690698031
29385,2023-12-31,4,moderate_supply_growing,0.0,0.0,0.8317084208935371
29388,2023-01-31,3,affordable_high_demand,0.0,-1.0,0.0460178625458959
29388,2023-02-28,3,affordable_high_demand,0.0,0.0,0.0960818315185735
29388,2023-03-31,3,affordable_high_demand,0.0,0.0,0.1096225391195933
29388,2023-04-30,3,affordable_high_demand,0.0,0.0,0.066749359398856
29388,2023-05-31,3,affordable_high_demand,0.0,0.0,0.1398582568668931
29388,2023-06-30,3,affordable_high_demand,0.0,0.0,0.214247631140073
29388,2023-07-31,3,affordable_high_demand,0.0,0.0,0.3030021654353316
29388,2023-08-31,3,affordable_high_demand,0.0,0.0,0.4488022783876309
29388,2023-09-30,3,affordable_high_demand,0.0,0.0,0.6173696969903713
29388,2023-10-31,3,affordable_high_demand,0.0,0.0,0.6387198916394056
29388,2023-11-30,3,affordable_high_demand,0.0,0.0,0.7520076554709837
29388,2023-12-31,3,affordable_high_demand,0.0,0.0,0.8221627022336899
29401,2023-01-31,0,high_value_appreciating,0.0,-1.0,0.0208465060457095
29401,2023-02-28,0,high_value_appreciating,0.0,-1.0,0.0505172094124212
29401,2023-03-31,0,high_value_appreciating,0.0,-1.0,0.0334211352714901
29401,2023-04-30,0,high_value_appreciating,0.0,0.0,0.0578466607847114
29401,2023-05-31,0,high_value_appreciating,0.0,0.0,0.1496566220044663
29401,2023-06-30,0,high_value_appreciating,0.0,0.0,0.4505328744420611
29401,2023-07-31,0,high_value_appreciating,0.0,0.0,0.4972231400603461
29401,2023-08-31,0,high_value_appreciating,0.0,0.0,0.4516990118248379
29401,2023-09-30,0,high_value_appreciating,0.0,0.0,0.6804722585145744
29401,2023-10-31,0,high_value_appreciating,0.0,0.0,0.4480305569748369
29401,2023-11-30,0,high_value_appreciating,0.0,0.0,0.5932196590227379
29401,2023-12-31,0,high_value_appreciating,0.0,0.0,0.5416468847481926
29403,2023-01-31,0,high_value_appreciating,0.0,-1.0,0.0152059721010034
29403,2023-02-28,0,high_value_appreciating,0.0,0.0,0.0226132542171074
29403,2023-03-31,0,high_value_appreciating,0.0,-1.0,0.0298033537952121
29403,2023-04-30,0,high_value_appreciating,0.0,-1.0,0.0887545230056438
29403,2023-05-31,0,high_value_appreciating,0.0,-1.0,0.1244994649418223
29403,2023-06-30,0,high_value_appreciating,0.0,-1.0,0.7003594184824783
29403,2023-07-31,0,high_value_appreciating,0.0,0.0,0.7427040961048418
29403,2023-08-31,0,high_value_appreciating,0.0,0.0,0.7580616695957675
29403,2023-09-30,0,high_value_appreciating,0.0,0.0,0.7050761100083512
29403,2023-10-31,0,high_value_appreciating,0.0,0.0,0.6680254828786882
29403,2023-11-30,0,high_value_appreciating,0.0,0.0,0.3910432048998035
29403,2023-12-31,0,high_value_appreciating,0.0,0.0,0.2374768374037773
29405,2023-01-31,3,affordable_high_demand,0.0,0.0,0.018240851777374
29405,2023-02-28,3,affordable_high_demand,0.0,0.0,0.0233527766415265
29405,2023-03-31,3,affordable_high_demand,0.0,-1.0,0.0498244823893508
29405,2023-04-30,3,affordable_high_demand,0.0,-1.0,0.1619757743940482
29405,2023-05-31,3,affordable_high_demand,0.0,-1.0,0.287635032967995
29405,2023-06-30,3,affordable_high_demand,0.0,-1.0,0.5434754434749604
29405,2023-07-31,3,affordable_high_demand,0.0,0.0,0.5799568491880885
29405,2023-08-31,3,affordable_high_demand,0.0,0.0,0.8081483663851718
29405,2023-09-30,3,affordable_high_demand,0.0,0.0,0.8297324250016491
29405,2023-10-31,3,affordable_high_demand,0.0,0.0,0.7200801937854834
29405,2023-11-30,3,affordable_high_demand,0.0,0.0,0.7432620252862185
29405,2023-12-31,3,affordable_high_demand,0.0,0.0,0.6437371673449224
29406,2023-01-31,3,affordable_high_demand,0.0,-1.0,0.0138266719614296
29406,2023-02-28,3,affordable_high_demand,0.0,-1.0,0.0165104227089837
29406,2023-03-31,3,affordable_high_demand,0.0,-1.0,0.0210065469319294
29406,2023-04-30,3,affordable_high_demand,0.0,-1.0,0.042104849559999
29406,2023-05-31,3,affordable_high_demand,0.0,-1.0,0.085571292008446
29406,2023-06-30,3,affordable_high_demand,0.0,-1.0,0.1700684494161096
29406,2023-07-31,3,affordable_high_demand,0.0,-1.0,0.5193165674340637
29406,2023-08-31,3,affordable_high_demand,0.0,0.0,0.7939659140773473
29406,2023-09-30,3,affordable_high_demand,0.0,0.0,0.7129905219915523
29406,2023-10-31,3,affordable_high_demand,0.0,0.0,0.5542292765896654
29406,2023-11-30,3,affordable_high_demand,0.0,0.0,0.3082205649304501
29406,2023-12-31,3,affordable_high_demand,0.0,0.0,0.1804267501212866
29407,2023-01-31,2,competitive_mid_market,0.0,-1.0,0.0126098404899738
29407,2023-02-28,2,competitive_mid_market,0.0,-1.0,0.018792400947112
29407,2023-03-31,2,competitive_mid_market,0.0,-1.0,0.0268293024784796
29407,2023-04-30,2,competitive_mid_market,0.0,-1.0,0.079320691461071
29407,2023-05-31,2,competitive_mid_market,0.0,-1.0,0.2714452420951466
29407,2023-06-30,2,competitive_mid_market,0.0,-1.0,0.6463175360942933
29407,2023-07-31,2,competitive_mid_market,0.0,0.0,0.7771129948356057
29407,2023-08-31,2,competitive_mid_market,0.0,0.0,0.751600503438081
29407,2023-09-30,2,competitive_mid_market,0.0,0.0,0.5855918914007876
29407,2023-10-31,2,competitive_mid_market,0.0,0.0,0.5565713210959915
29407,2023-11-30,2,competitive_mid_market,0.0,0.0,0.4539904371343735
29407,2023-12-31,2,competitive_mid_market,0.0,0.0,0.3837001246197645
29410,2023-01-31,2,competitive_mid_market,0.0,-1.0,0.0197851850738109
29410,2023-02-28,2,competitive_mid_market,0.0,-1.0,0.0350374470134742
29410,2023-03-31,2,competitive_mid_market,0.0,-1.0,0.0315703252235084
29410,2023-04-30,2,competitive_mid_market,0.0,-1.0,0.0648869296248762
29410,2023-05-31,2,competitive_mid_market,0.0,-1.0,0.2212163892262191
29410,2023-06-30,2,competitive_mid_market,0.0,0.0,0.3887409417990944
29410,2023-07-31,2,competitive_mid_market,0.0,0.0,0.5935950114457417
29410,2023-08-31,2,competitive_mid_market,0.0,0.0,0.5666124607916418
29410,2023-09-30,2,competitive_mid_market,0.0,0.0,0.6739726327786717
29410,2023-10-31,2,competitive_mid_market,0.0,0.0,0.6083121226987516
29410,2023-11-30,2,competitive_mid_market,0.0,0.0,0.5208210297514759
29410,2023-12-31,2,competitive_mid_market,0.0,0.0,0.5508578740674377
29412,2023-01-31,2,competitive_mid_market,0.0,-1.0,0.0110355567941754
29412,2023-02-28,2,competitive_mid_market,0.0,-1.0,0.0138788297899038
29412,2023-03-31,2,competitive_mid_market,0.0,-1.0,0.0196859361613162
29412,2023-04-30,2,competitive_mid_market,0.0,-1.0,0.1081004081514048
29412,2023-05-31,2,competitive_mid_market,0.0,-1.0,0.2528140260975235
29412,2023-06-30,2,competitive_mid_market,0.0,-1.0,0.7388153320573224
29412,2023-07-31,2,competitive_mid_market,0.0,-1.0,0.858366240913503
29412,2023-08-31,2,competitive_mid_market,0.0,0.0,0.8368997380492748
29412,2023-09-30,2,competitive_mid_market,0.0,0.0,0.8606602868015227
29412,2023-10-31,2,competitive_mid_market,0.0,0.0,0.8547669591127083
29412,2023-11-30,2,competitive_mid_market,0.0,0.0,0.7711609513468396
29412,2023-12-31,2,competitive_mid_market,0.0,0.0,0.4211325208677304
29414,2023-01-31,2,competitive_mid_market,0.0,-1.0,0.0095075918175061
29414,2023-02-28,2,competitive_mid_market,0.0,-1.0,0.0113439298449401
29414,2023-03-31,2,competitive_mid_market,0.0,-1.0,0.0297901561247086
29414,2023-04-30,2,competitive_mid_market,0.0,-1.0,0.0626086063251837
29414,2023-05-31,2,competitive_mid_market,0.0,-1.0,0.2691450258328535
29414,2023-06-30,2,competitive_mid_market,0.0,-1.0,0.7857456942630447
29414,2023-07-31,2,competitive_mid_market,0.0,0.0,0.8301844168285609
29414,2023-08-31,2,competitive_mid_market,0.0,0.0,0.8741320897051021
29414,2023-09-30,2,competitive_mid_market,0.0,0.0,0.7993396236035306
29414,2023-10-31,2,competitive_mid_market,0.0,0.0,0.777850859709816
29414,2023-11-30,2,competitive_mid_market,0.0,0.0,0.650420571556438
29414,2023-12-31,2,competitive_mid_market,0.0,0.0,0.6350047129448151
29418,2023-01-31,3,affordable_high_demand,0.0,-1.0,0.0136543503870269
29418,2023-02-28,3,affordable_high_demand,0.0,-1.0,0.0144053842383128
29418,2023-03-31,3,affordable_high_demand,0.0,-1.0,0.0300079008896878
29418,2023-04-30,3,affordable_high_demand,0.0,-1.0,0.0576841367409792
29418,2023-05-31,3,affordable_high_demand,0.0,-1.0,0.1066497854959229
29418,2023-06-30,3,affordable_high_demand,0.0,0.0,0.2290118799496956
29418,2023-07-31,3,affordable_high_demand,0.0,0.0,0.5481293817591648
29418,2023-08-31,3,affordable_high_demand,0.0,0.0,0.6838243536857671
29418,2023-09-30,3,affordable_high_demand,0.0,0.0,0.5133495808369564
29418,2023-10-31,3,affordable_high_demand,0.0,0.0,0.4566879975558767
29418,2023-11-30,3,affordable_high_demand,0.0,0.0,0.4984705333611689
29418,2023-12-31,3,affordable_high_demand,0.0,0.0,0.3004835679657172
29420,2023-01-31,2,competitive_mid_market,0.0,-1.0,0.0186313283328174
29420,2023-02-28,2,competitive_mid_market,0.0,-1.0,0.030561607600659
29420,2023-03-31,2,competitive_mid_market,0.0,-1.0,0.0370374109177008
29420,2023-04-30,2,competitive_mid_market,0.0,-1.0,0.0322416702216996
29420,2023-05-31,2,competitive_mid_market,0.0,-1.0,0.0713577488549724
29420,2023-06-30,2,competitive_mid_market,0.0,0.0,0.4288435427659689
29420,2023-07-31,2,competitive_mid_market,0.0,0.0,0.5251892438139513
29420,2023-08-31,2,competitive_mid_market,0.0,0.0,0.5969616955224901
29420,2023-09-30,2,competitive_mid_market,0.0,0.0,0.626033892632843
29420,2023-10-31,2,competitive_mid_market,0.0,0.0,0.5482002220982374
29420,2023-11-30,2,competitive_mid_market,0.0,0.0,0.3856335587661025
29420,2023-12-31,2,competitive_mid_market,0.0,0.0,0.3190385063175459
29429,2023-01-31,0,high_value_appreciating,0.0,-1.0,0.0359716867249642
29429,2023-02-28,0,high_value_appreciating,0.0,-1.0,0.0983379950801713
29429,2023-03-31,0,high_value_appreciating,0.0,-1.0,0.1594610036772753
29429,2023-04-30,0,high_value_appreciating,0.0,0.0,0.2987441339428325
29429,2023-05-31,0,high_value_appreciating,0.0,0.0,0.64259871766421
29429,2023-06-30,0,high_value_appreciating,0.0,0.0,0.7516257332421085
29429,2023-07-31,0,high_value_appreciating,0.0,0.0,0.762144862139305
29429,2023-08-31,0,high_value_appreciating,0.0,0.0,0.8623361076940618
29429,2023-09-30,0,high_value_appreciating,0.0,0.0,0.8515582974326638
29429,2023-10-31,0,high_value_appreciating,0.0,0.0,0.8814459590150998
29429,2023-11-30,0,high_value_appreciating,0.0,0.0,0.8370967344277691
29429,2023-12-31,0,high_value_appreciating,1.0,1.0,0.8136796499335549
29431,2023-01-31,4,moderate_supply_growing,0.0,0.0,0.7456845275507021
29431,2023-02-28,4,moderate_supply_growing,1.0,1.0,0.2756284691539231
29431,2023-03-31,4,moderate_supply_growing,0.0,0.0,0.1849906806178796
29431,2023-04-30,4,moderate_supply_growing,0.0,0.0,0.0955537603553069
29431,2023-05-31,4,moderate_supply_growing,0.0,0.0,0.2899194777072702
29431,2023-06-30,4,moderate_supply_growing,0.0,0.0,0.2866629211629631
29431,2023-07-31,4,moderate_supply_growing,0.0,0.0,0.4077294512858544
29431,2023-08-31,4,moderate_supply_growing,0.0,0.0,0.6497974885003348
29431,2023-09-30,4,moderate_supply_growing,0.0,0.0,0.6899575727787128
29431,2023-10-31,4,moderate_supply_growing,1.0,1.0,0.581874329532663
29431,2023-11-30,4,moderate_supply_growing,0.0,0.0,0.3861838635537629
29431,2023-12-31,4,moderate_supply_growing,0.0,0.0,0.5204599413640938
29436,2023-01-31,1,low_activity_cooling,0.0,-1.0,0.1799458973658199
29436,2023-02-28,1,low_activity_cooling,0.0,-1.0,0.1406925338771029
29436,2023-03-31,1,low_activity_cooling,0.0,-1.0,0.1718332455908227
29436,2023-04-30,1,low_activity_cooling,0.0,-1.0,0.1591672947899113
29436,2023-05-31,1,low_activity_cooling,0.0,0.0,0.3572660882051425
29436,2023-06-30,1,low_activity_cooling,0.0,0.0,0.6233305286531958
29436,2023-07-31,1,low_activity_cooling,0.0,0.0,0.1816196531698417
29436,2023-08-31,1,low_activity_cooling,0.0,-1.0,0.2150211994021415
29436,2023-09-30,1,low_activity_cooling,0.0,0.0,0.219895050414748
29436,2023-10-31,1,low_activity_cooling,0.0,-1.0,0.1398155161337473
29436,2023-11-30,1,low_activity_cooling,0.0,0.0,0.4211432500006712
29436,2023-12-31,1,low_activity_cooling,0.0,0.0,0.3554870963420775
29438,2023-01-31,0,high_value_appreciating,0.0,-1.0,0.0110479725020858
29438,2023-02-28,0,high_value_appreciating,0.0,-1.0,0.0149986253506411
29438,2023-03-31,0,high_value_appreciating,0.0,-1.0,0.0369100216179688
29438,2023-04-30,0,high_value_appreciating,0.0,-1.0,0.0308564460908135
29438,2023-05-31,0,high_value_appreciating,0.0,-1.0,0.0545085045793662
29438,2023-06-30,0,high_value_appreciating,0.0,-1.0,0.1133268207237913
29438,2023-07-31,0,high_value_appreciating,0.0,0.0,0.1816893057768989
29438,2023-08-31,0,high_value_appreciating,0.0,0.0,0.3329499942038753
29438,2023-09-30,0,high_value_appreciating,0.0,0.0,0.6214961759841612
29438,2023-10-31,0,high_value_appreciating,0.0,0.0,0.6993560636734202
29438,2023-11-30,0,high_value_appreciating,0.0,0.0,0.747051949213057
29438,2023-12-31,0,high_value_appreciating,0.0,0.0,0.6744027542956759
29440,2023-01-31,1,low_activity_cooling,0.0,-1.0,0.0205587868327907
29440,2023-02-28,1,low_activity_cooling,0.0,-1.0,0.0159434381343475
29440,2023-03-31,1,low_activity_cooling,0.0,-1.0,0.0247224894550432
29440,2023-04-30,1,low_activity_cooling,0.0,-1.0,0.0411331871413207
29440,2023-05-31,1,low_activity_cooling,0.0,-1.0,0.0923143738728817
29440,2023-06-30,1,low_activity_cooling,0.0,0.0,0.3186795527130194
29440,2023-07-31,1,low_activity_cooling,0.0,0.0,0.4275400510489155
29440,2023-08-31,1,low_activity_cooling,0.0,0.0,0.5262712113416603
29440,2023-09-30,1,low_activity_cooling,0.0,0.0,0.6779361407020852
29440,2023-10-31,1,low_activity_cooling,0.0,0.0,0.6880886431844403
29440,2023-11-30,1,low_activity_cooling,0.0,0.0,0.5159867039831572
29440,2023-12-31,1,low_activity_cooling,0.0,0.0,0.2793302108094692
29445,2023-01-31,2,competitive_mid_market,0.0,-1.0,0.0159367380317013
29445,2023-02-28,2,competitive_mid_market,0.0,-1.0,0.0226993856117981
29445,2023-03-31,2,competitive_mid_market,0.0,-1.0,0.0381157011872424
29445,2023-04-30,2,competitive_mid_market,0.0,-1.0,0.0610878701021636
29445,2023-05-31,2,competitive_mid_market,0.0,-1.0,0.2124639012893311
29445,2023-06-30,2,competitive_mid_market,0.0,-1.0,0.6606705479255337
29445,2023-07-31,2,competitive_mid_market,0.0,-1.0,0.7819977048414714
29445,2023-08-31,2,competitive_mid_market,0.0,0.0,0.602682028540014
29445,2023-09-30,2,competitive_mid_market,0.0,0.0,0.4124621202459874
29445,2023-10-31,2,competitive_mid_market,0.0,0.0,0.3996911420820753
29445,2023-11-30,2,competitive_mid_market,0.0,0.0,0.4313271610933459
29445,2023-12-31,2,competitive_mid_market,0.0,0.0,0.3992612035414148
29449,2023-01-31,0,high_value_appreciating,0.0,-1.0,0.0187696335908037
29449,2023-02-28,0,high_value_appreciating,0.0,-1.0,0.0301311236973758
29449,2023-03-31,0,high_value_appreciating,0.0,-1.0,0.0201951095058465
29449,2023-04-30,0,high_value_appreciating,0.0,-1.0,0.0225389518367323
29449,2023-05-31,0,high_value_appreciating,0.0,-1.0,0.0383484248274735
29449,2023-06-30,0,high_value_appreciating,0.0,-1.0,0.1985436378952181
29449,2023-07-31,0,high_value_appreciating,0.0,-1.0,0.3322300753561756
29449,2023-08-31,0,high_value_appreciating,0.0,0.0,0.3951427413937232
29449,2023-09-30,0,high_value_appreciating,0.0,-1.0,0.4336892871726178
29449,2023-10-31,0,high_value_appreciating,0.0,0.0,0.2526325659537479
29449,2023-11-30,0,high_value_appreciating,0.0,0.0,0.3976915174401757
29449,2023-12-31,0,high_value_appreciating,0.0,0.0,0.407330422405588
29450,2023-01-31,1,low_activity_cooling,0.0,0.0,0.0597384314484207
29450,2023-02-28,1,low_activity_cooling,0.0,0.0,0.1972487126569008
29450,2023-03-31,1,low_activity_cooling,0.0,0.0,0.1698805053359676
29450,2023-04-30,1,low_activity_cooling,0.0,0.0,0.191607822440254
29450,2023-05-31,1,low_activity_cooling,0.0,0.0,0.1134858609804004
29450,2023-06-30,1,low_activity_cooling,0.0,0.0,0.1551797307116568
29450,2023-07-31,1,low_activity_cooling,0.0,0.0,0.3090488322716508
29450,2023-08-31,1,low_activity_cooling,0.0,0.0,0.4005036919152468
29450,2023-09-30,1,low_activity_cooling,0.0,0.0,0.4066954663266905
29450,2023-10-31,1,low_activity_cooling,0.0,0.0,0.2811979064443426
29450,2023-11-30,1,low_activity_cooling,0.0,0.0,0.2564500945316197
29450,2023-12-31,1,low_activity_cooling,0.0,0.0,0.2882970742337069
29451,2023-01-31,0,high_value_appreciating,0.0,-1.0,0.0348355261987808
29451,2023-02-28,0,high_value_appreciating,0.0,-1.0,0.0271830136694874
29451,2023-03-31,0,high_value_appreciating,0.0,-1.0,0.0454881230022982
29451,2023-04-30,0,high_value_appreciating,0.0,-1.0,0.0493967711701427
29451,2023-05-31,0,high_value_appreciating,0.0,-1.0,0.0852675058026824
29451,2023-06-30,0,high_value_appreciating,0.0,-1.0,0.0585786354921647
29451,2023-07-31,0,high_value_appreciating,0.0,0.0,0.3081165357997603
29451,2023-08-31,0,high_value_appreciating,0.0,0.0,0.5611726826792719
29451,2023-09-30,0,high_value_appreciating,0.0,0.0,0.4636958589474182
29451,2023-10-31,0,high_value_appreciating,0.0,0.0,0.2474669427117997
29451,2023-11-30,0,high_value_appreciating,0.0,0.0,0.6481252230561743
29451,2023-12-31,0,high_value_appreciating,0.0,0.0,0.6118998639783291
29455,2023-01-31,0,high_value_appreciating,0.0,-1.0,0.0129138103508368
29455,2023-02-28,0,high_value_appreciating,0.0,-1.0,0.0204765152063205
29455,2023-03-31,0,high_value_appreciating,0.0,-1.0,0.0265381471949561
29455,2023-04-30,0,high_value_appreciating,0.0,-1.0,0.047065865103417
29455,2023-05-31,0,high_value_appreciating,0.0,-1.0,0.1172390702571669
29455,2023-06-30,0,high_value_appreciating,0.0,-1.0,0.2469160698329949
29455,2023-07-31,0,high_value_appreciating,0.0,-1.0,0.4067305969675737
29455,2023-08-31,0,high_value_appreciating,0.0,0.0,0.7352513766551853
29455,2023-09-30,0,high_value_appreciating,0.0,0.0,0.6789383764430011
29455,2023-10-31,0,high_value_appreciating,0.0,0.0,0.7788432296704254
29455,2023-11-30,0,high_value_appreciating,0.0,0.0,0.3356567865114157
29455,2023-12-31,0,high_value_appreciating,0.0,0.0,0.3717742583182134
29456,2023-01-31,2,competitive_mid_market,0.0,-1.0,0.0097363677726367
29456,2023-02-28,2,competitive_mid_market,0.0,-1.0,0.0163306624080302
29456,2023-03-31,2,competitive_mid_market,0.0,-1.0,0.0306558998006898
29456,2023-04-30,2,competitive_mid_market,0.0,-1.0,0.0430802595136982
29456,2023-05-31,2,competitive_mid_market,0.0,-1.0,0.1021826493341133
29456,2023-06-30,2,competitive_mid_market,0.0,0.0,0.2979859582187241
29456,2023-07-31,2,competitive_mid_market,0.0,0.0,0.3658763093998903
29456,2023-08-31,2,competitive_mid_market,0.0,0.0,0.18795395726957
29456,2023-09-30,2,competitive_mid_market,0.0,0.0,0.2811457374117393
29456,2023-10-31,2,competitive_mid_market,0.0,0.0,0.2464846952964257
29456,2023-11-30,2,competitive_mid_market,0.0,0.0,0.2819676828109286
29456,2023-12-31,2,competitive_mid_market,0.0,0.0,0.4056277154837867
29458,2023-01-31,0,high_value_appreciating,0.0,0.0,0.284642012181411
29458,2023-02-28,0,high_value_appreciating,0.0,0.0,0.1533523989501991
29458,2023-03-31,0,high_value_appreciating,0.0,0.0,0.3311458611246361
29458,2023-04-30,0,high_value_appreciating,0.0,0.0,0.2385113302927455
29458,2023-05-31,0,high_value_appreciating,0.0,0.0,0.3651724915088423
29458,2023-06-30,0,high_value_appreciating,0.0,0.0,0.592000019767512
29458,2023-07-31,0,high_value_appreciating,0.0,0.0,0.5819483327335149
29458,2023-08-31,0,high_value_appreciating,0.0,0.0,0.8442216339328136
29458,2023-09-30,0,high_value_appreciating,0.0,0.0,0.7169426823684572
29458,2023-10-31,0,high_value_appreciating,0.0,0.0,0.6496823287534222
29458,2023-11-30,0,high_value_appreciating,0.0,0.0,0.6663630226485651
29458,2023-12-31,0,high_value_appreciating,0.0,0.0,0.7087279694330532
29461,2023-01-31,2,competitive_mid_market,0.0,-1.0,0.0148994292930067
29461,2023-02-28,2,competitive_mid_market,0.0,-1.0,0.0191582644333
29461,2023-03-31,2,competitive_mid_market,0.0,-1.0,0.0195129684416217
29461,2023-04-30,2,competitive_mid_market,0.0,-1.0,0.040689208646485
29461,2023-05-31,2,competitive_mid_market,0.0,-1.0,0.0268377914129289
29461,2023-06-30,2,competitive_mid_market,0.0,-1.0,0.0760398553880829
29461,2023-07-31,2,competitive_mid_market,0.0,0.0,0.1267162922685237
29461,2023-08-31,2,competitive_mid_market,0.0,0.0,0.0892174417191017
29461,2023-09-30,2,competitive_mid_market,0.0,0.0,0.134439803420144
29461,2023-10-31,2,competitive_mid_market,0.0,0.0,0.2952122067574933
29461,2023-11-30,2,competitive_mid_market,0.0,0.0,0.3434523750248498
29461,2023-12-31,2,competitive_mid_market,0.0,0.0,0.3366066339861647
29464,2023-01-31,0,high_value_appreciating,0.0,-1.0,0.0134764196963311
29464,2023-02-28,0,high_value_appreciating,0.0,-1.0,0.0158510334705844
29464,2023-03-31,0,high_value_appreciating,0.0,-1.0,0.0245036624952817
29464,2023-04-30,0,high_value_appreciating,0.0,-1.0,0.0631880083251722
29464,2023-05-31,0,high_value_appreciating,0.0,-1.0,0.3079065627399672
29464,2023-06-30,0,high_value_appreciating,0.0,-1.0,0.8151971261536148
29464,2023-07-31,0,high_value_appreciating,0.0,0.0,0.8973084155712503
29464,2023-08-31,0,high_value_appreciating,0.0,0.0,0.9233845403131642
29464,2023-09-30,0,high_value_appreciating,0.0,0.0,0.9347375007618064
29464,2023-10-31,0,high_value_appreciating,0.0,0.0,0.9355758952279984
29464,2023-11-30,0,high_value_appreciating,0.0,0.0,0.8889748278299211
29464,2023-12-31,0,high_value_appreciating,0.0,0.0,0.75248910840782
29466,2023-01-31,2,competitive_mid_market,0.0,-1.0,0.0168049343981447
29466,2023-02-28,2,competitive_mid_market,0.0,-1.0,0.0141050776550887
29466,2023-03-31,2,competitive_mid_market,0.0,-1.0,0.0391355700868969
29466,2023-04-30,2,competitive_mid_market,0.0,-1.0,0.1921272679651439
29466,2023-05-31,2,competitive_mid_market,0.0,-1.0,0.481328483170773
29466,2023-06-30,2,competitive_mid_market,0.0,0.0,0.8892029015647724
29466,2023-07-31,2,competitive_mid_market,0.0,0.0,0.9482848942609932
29466,2023-08-31,2,competitive_mid_market,0.0,0.0,0.9576785076484028
29466,2023-09-30,2,competitive_mid_market,0.0,0.0,0.9671739142038214
29466,2023-10-31,2,competitive_mid_market,0.0,0.0,0.9605900497193955
29466,2023-11-30,2,competitive_mid_market,0.0,0.0,0.9331722124988708
29466,2023-12-31,2,competitive_mid_market,0.0,0.0,0.8271578740762037
29470,2023-01-31,0,high_value_appreciating,0.0,0.0,0.1530433392620384
29470,2023-02-28,0,high_value_appreciating,0.0,0.0,0.0371361392691383
29470,2023-03-31,0,high_value_appreciating,0.0,-1.0,0.0397971321094529
29470,2023-04-30,0,high_value_appreciating,0.0,-1.0,0.0534282014038842
29470,2023-05-31,0,high_value_appreciating,0.0,-1.0,0.0652869813702394
29470,2023-06-30,0,high_value_appreciating,0.0,-1.0,0.1501661535363003
29470,2023-07-31,0,high_value_appreciating,0.0,-1.0,0.2134778844251593
29470,2023-08-31,0,high_value_appreciating,0.0,-1.0,0.4842636665844702
29470,2023-09-30,0,high_value_appreciating,0.0,-1.0,0.7017934736947632
29470,2023-10-31,0,high_value_appreciating,0.0,0.0,0.4658529217750428
29470,2023-11-30,0,high_value_appreciating,0.0,0.0,0.2773051459690718
29470,2023-12-31,0,high_value_appreciating,0.0,0.0,0.1932343468735724
29472,2023-01-31,1,low_activity_cooling,0.0,0.0,0.2502881186868526
29472,2023-02-28,1,low_activity_cooling,0.0,0.0,0.1749580377362227
29472,2023-03-31,1,low_activity_cooling,0.0,0.0,0.3139386633549128
29472,2023-04-30,1,low_activity_cooling,0.0,0.0,0.3920640709138805
29472,2023-05-31,1,low_activity_cooling,0.0,0.0,0.0750367268307115
29472,2023-06-30,1,low_activity_cooling,0.0,0.0,0.0776743326300903
29472,2023-07-31,1,low_activity_cooling,0.0,0.0,0.0842859984981322
29472,2023-08-31,1,low_activity_cooling,0.0,0.0,0.3472285103937736
29472,2023-09-30,1,low_activity_cooling,0.0,0.0,0.5723182221200612
29472,2023-10-31,1,low_activity_cooling,0.0,0.0,0.5939721010086438
29472,2023-11-30,1,low_activity_cooling,0.0,0.0,0.5142065101804849
29472,2023-12-31,1,low_activity_cooling,0.0,0.0,0.5072475359469274
29477,2023-01-31,1,low_activity_cooling,0.0,0.0,0.0295777059409031
29477,2023-02-28,1,low_activity_cooling,0.0,0.0,0.0231773272785229
29477,2023-03-31,1,low_activity_cooling,0.0,0.0,0.0229405198683901
29477,2023-04-30,1,low_activity_cooling,0.0,0.0,0.1118174577342756
29477,2023-05-31,1,low_activity_cooling,0.0,0.0,0.1687786694562918
29477,2023-06-30,1,low_activity_cooling,0.0,0.0,0.344343678956254
29477,2023-07-31,1,low_activity_cooling,0.0,0.0,0.3505927558332272
29477,2023-08-31,1,low_activity_cooling,0.0,0.0,0.5830273682754674
29477,2023-09-30,1,low_activity_cooling,0.0,0.0,0.7341848863388066
29477,2023-10-31,1,low_activity_cooling,0.0,0.0,0.721722839731576
29477,2023-11-30,1,low_activity_cooling,0.0,0.0,0.6130790059152283
29477,2023-12-31,1,low_activity_cooling,0.0,0.0,0.203167101070347
29479,2023-01-31,1,low_activity_cooling,0.0,0.0,0.0795375646343511
29479,2023-02-28,1,low_activity_cooling,0.0,-1.0,0.0269118961472731
29479,2023-03-31,1,low_activity_cooling,0.0,-1.0,0.4812349525980351
29479,2023-04-30,1,low_activity_cooling,0.0,0.0,0.2956094957398545
29479,2023-05-31,1,low_activity_cooling,0.0,0.0,0.2599638668155438
29479,2023-06-30,1,low_activity_cooling,0.0,0.0,0.2493199077625065
29479,2023-07-31,1,low_activity_cooling,0.0,0.0,0.1326997091682455
29479,2023-08-31,1,low_activity_cooling,0.0,-1.0,0.2078218847156426
29479,2023-09-30,1,low_activity_cooling,0.0,-1.0,0.1817063030423712
29479,2023-10-31,1,low_activity_cooling,0.0,-1.0,0.1515844000145265
29479,2023-11-30,1,low_activity_cooling,0.0,0.0,0.3023630657927535
29479,2023-12-31,1,low_activity_cooling,0.0,0.0,0.3565412569188101
29482,2023-01-31,0,high_value_appreciating,0.0,-1.0,0.1628823111826861
29482,2023-02-28,0,high_value_appreciating,0.0,-1.0,0.1812395866960857
29482,2023-03-31,0,high_value_appreciating,0.0,-1.0,0.1370702011103764
29482,2023-04-30,0,high_value_appreciating,0.0,-1.0,0.0464691690519875
29482,2023-05-31,0,high_value_appreciating,0.0,-1.0,0.0392320224769115
29482,2023-06-30,0,high_value_appreciating,0.0,-1.0,0.0591855601658861
29482,2023-07-31,0,high_value_appreciating,0.0,-1.0,0.234236845921808
29482,2023-08-31,0,high_value_appreciating,0.0,-1.0,0.2048226285257886
29482,2023-09-30,0,high_value_appreciating,0.0,0.0,0.1070869849848246
29482,2023-10-31,0,high_value_appreciating,0.0,0.0,0.1480432468142304
29482,2023-11-30,0,high_value_appreciating,0.0,0.0,0.5504182597923343
29482,2023-12-31,0,high_value_appreciating,0.0,0.0,0.3091986016949276
29483,2023-01-31,2,competitive_mid_market,0.0,-1.0,0.0082942846601314
29483,2023-02-28,2,competitive_mid_market,0.0,-1.0,0.019636850412311
29483,2023-03-31,2,competitive_mid_market,0.0,0.0,0.0309011039720677
29483,2023-04-30,2,competitive_mid_market,0.0,0.0,0.0606968793515125
29483,2023-05-31,2,competitive_mid_market,0.0,0.0,0.0496424220480972
29483,2023-06-30,2,competitive_mid_market,0.0,0.0,0.1885054276674514
29483,2023-07-31,2,competitive_mid_market,0.0,0.0,0.3839291898097371
29483,2023-08-31,2,competitive_mid_market,0.0,0.0,0.2460538206641298
29483,2023-09-30,2,competitive_mid_market,0.0,0.0,0.332574381570592
29483,2023-10-31,2,competitive_mid_market,0.0,0.0,0.410390414206278
29483,2023-11-30,2,competitive_mid_market,0.0,0.0,0.2629706814920565
29483,2023-12-31,2,competitive_mid_market,0.0,0.0,0.1168639435524853
29485,2023-01-31,2,competitive_mid_market,0.0,-1.0,0.0121475448668839
29485,2023-02-28,2,competitive_mid_market,0.0,-1.0,0.0211140673093626
29485,2023-03-31,2,competitive_mid_market,0.0,-1.0,0.0272971789564151
29485,2023-04-30,2,competitive_mid_market,0.0,-1.0,0.0660361950111733
29485,2023-05-31,2,competitive_mid_market,0.0,-1.0,0.0968592754304395
29485,2023-06-30,2,competitive_mid_market,0.0,-1.0,0.4550978207196805
29485,2023-07-31,2,competitive_mid_market,0.0,0.0,0.7613683310194296
29485,2023-08-31,2,competitive_mid_market,0.0,0.0,0.7827489089355619
29485,2023-09-30,2,competitive_mid_market,0.0,0.0,0.5867157837886781
29485,2023-10-31,2,competitive_mid_market,0.0,0.0,0.4549462013829214
29485,2023-11-30,2,competitive_mid_market,0.0,0.0,0.2474324977333982
29485,2023-12-31,2,competitive_mid_market,0.0,0.0,0.4156743289133635
29487,2023-01-31,0,high_value_appreciating,0.0,0.0,0.0691046021927422
29487,2023-02-28,0,high_value_appreciating,0.0,0.0,0.0826101391005868
29487,2023-03-31,0,high_value_appreciating,0.0,0.0,0.6136292640041738
29487,2023-04-30,0,high_value_appreciating,0.0,0.0,0.2114390199180397
29487,2023-05-31,0,high_value_appreciating,0.0,0.0,0.2332465749024591
29487,2023-06-30,0,high_value_appreciating,0.0,0.0,0.4222968637403774
29487,2023-07-31,0,high_value_appreciating,0.0,0.0,0.2212256362710773
29487,2023-08-31,0,high_value_appreciating,0.0,0.0,0.4923485148812481
29487,2023-09-30,0,high_value_appreciating,0.0,0.0,0.2901868943805629
29487,2023-10-31,0,high_value_appreciating,0.0,0.0,0.2602110520534026
29487,2023-11-30,0,high_value_appreciating,0.0,-1.0,0.6321285997779243
29487,2023-12-31,0,high_value_appreciating,0.0,0.0,0.6678167302683143
29492,2023-01-31,0,high_value_appreciating,0.0,-1.0,0.0216777972534522
29492,2023-02-28,0,high_value_appreciating,0.0,-1.0,0.0266688936305336
29492,2023-03-31,0,high_value_appreciating,0.0,-1.0,0.0266466080526389
29492,2023-04-30,0,high_value_appreciating,0.0,-1.0,0.0352683023282638
29492,2023-05-31,0,high_value_appreciating,0.0,-1.0,0.0996148427607353
29492,2023-06-30,0,high_value_appreciating,0.0,-1.0,0.2726934984514513
29492,2023-07-31,0,high_value_appreciating,0.0,0.0,0.7585211552457083
29492,2023-08-31,0,high_value_appreciating,0.0,0.0,0.899949638410068
29492,2023-09-30,0,high_value_appreciating,0.0,0.0,0.9180545942277882
29492,2023-10-31,0,high_value_appreciating,0.0,0.0,0.8313701916315601
29492,2023-11-30,0,high_value_appreciating,0.0,0.0,0.7331891908274492
29492,2023-12-31,0,high_value_appreciating,0.0,0.0,0.6342188066956587
29501,2023-01-31,1,low_activity_cooling,0.0,0.0,0.0399805606557414
29501,2023-02-28,1,low_activity_cooling,0.0,0.0,0.0335367124415145
29501,2023-03-31,1,low_activity_cooling,0.0,-1.0,0.0423139012153735
29501,2023-04-30,1,low_activity_cooling,0.0,-1.0,0.0532916238973887
29501,2023-05-31,1,low_activity_cooling,0.0,-1.0,0.1338489369225599
29501,2023-06-30,1,low_activity_cooling,0.0,-1.0,0.2259817436910078
29501,2023-07-31,1,low_activity_cooling,0.0,0.0,0.1143711472252384
29501,2023-08-31,1,low_activity_cooling,0.0,0.0,0.1980703960809273
29501,2023-09-30,1,low_activity_cooling,0.0,0.0,0.1523295265043574
29501,2023-10-31,1,low_activity_cooling,0.0,0.0,0.1763726445556521
29501,2023-11-30,1,low_activity_cooling,0.0,0.0,0.3347494211668649
29501,2023-12-31,1,low_activity_cooling,0.0,0.0,0.3470244045141629
29505,2023-01-31,2,competitive_mid_market,0.0,-1.0,0.0316923308387588
29505,2023-02-28,2,competitive_mid_market,0.0,-1.0,0.031199351923714
29505,2023-03-31,2,competitive_mid_market,0.0,-1.0,0.0390204597689218
29505,2023-04-30,2,competitive_mid_market,0.0,-1.0,0.0619110075302913
29505,2023-05-31,2,competitive_mid_market,0.0,-1.0,0.1029050725470979
29505,2023-06-30,2,competitive_mid_market,0.0,-1.0,0.0968829027258592
29505,2023-07-31,2,competitive_mid_market,0.0,-1.0,0.0462665249705094
29505,2023-08-31,2,competitive_mid_market,0.0,-1.0,0.0423044802833379
29505,2023-09-30,2,competitive_mid_market,0.0,-1.0,0.1097326533496928
29505,2023-10-31,2,competitive_mid_market,0.0,-1.0,0.2100055792785602
29505,2023-11-30,2,competitive_mid_market,0.0,-1.0,0.2500524789473219
29505,2023-12-31,2,competitive_mid_market,0.0,-1.0,0.1812010000055142
29506,2023-01-31,1,low_activity_cooling,0.0,-1.0,0.0735163728008037
29506,2023-02-28,1,low_activity_cooling,0.0,-1.0,0.0474300904470937
29506,2023-03-31,1,low_activity_cooling,0.0,-1.0,0.0321755199889851
29506,2023-04-30,1,low_activity_cooling,0.0,0.0,0.0532440202310227
29506,2023-05-31,1,low_activity_cooling,0.0,0.0,0.0432562672288448
29506,2023-06-30,1,low_activity_cooling,0.0,0.0,0.0406255571816017
29506,2023-07-31,1,low_activity_cooling,0.0,0.0,0.1583231385546649
29506,2023-08-31,1,low_activity_cooling,0.0,0.0,0.4308823862876666
29506,2023-09-30,1,low_activity_cooling,0.0,0.0,0.4038920351544595
29506,2023-10-31,1,low_activity_cooling,0.0,0.0,0.3446793065743756
29506,2023-11-30,1,low_activity_cooling,0.0,0.0,0.4022346341555434
29506,2023-12-31,1,low_activity_cooling,0.0,0.0,0.4703490425482177
29511,2023-01-31,0,high_value_appreciating,0.0,0.0,0.1157664853701205
29511,2023-02-28,0,high_value_appreciating,0.0,0.0,0.1684065701063047
29511,2023-03-31,0,high_value_appreciating,0.0,0.0,0.0582936798315561
29511,2023-04-30,0,high_value_appreciating,0.0,0.0,0.1241737236234479
29511,2023-05-31,0,high_value_appreciating,0.0,0.0,0.250811898004583
29511,2023-06-30,0,high_value_appreciating,0.0,0.0,0.2305051548464957
29511,2023-07-31,0,high_value_appreciating,0.0,0.0,0.2967089619060337
29511,2023-08-31,0,high_value_appreciating,0.0,0.0,0.1786728505690715
29511,2023-09-30,0,high_value_appreciating,0.0,0.0,0.2557454671029555
29511,2023-10-31,0,high_value_appreciating,0.0,0.0,0.3292321787144318
29511,2023-11-30,0,high_value_appreciating,0.0,0.0,0.2304133384012535
29511,2023-12-31,0,high_value_appreciating,0.0,0.0,0.189107806706769
29512,2023-01-31,1,low_activity_cooling,0.0,-1.0,0.0296507358471377
29512,2023-02-28,1,low_activity_cooling,0.0,-1.0,0.0188717671805833
29512,2023-03-31,1,low_activity_cooling,0.0,-1.0,0.0323353008943622
29512,2023-04-30,1,low_activity_cooling,0.0,-1.0,0.0276374066250539
29512,2023-05-31,1,low_activity_cooling,0.0,-1.0,0.0210803148588072
29512,2023-06-30,1,low_activity_cooling,0.0,-1.0,0.0203952226975341
29512,2023-07-31,1,low_activity_cooling,0.0,-1.0,0.0510064402395849
29512,2023-08-31,1,low_activity_cooling,0.0,-1.0,0.1275994551517577
29512,2023-09-30,1,low_activity_cooling,0.0,-1.0,0.3732188278600001
29512,2023-10-31,1,low_activity_cooling,0.0,-1.0,0.1755462045611538
29512,2023-11-30,1,low_activity_cooling,0.0,-1.0,0.0883723621389657
29512,2023-12-31,1,low_activity_cooling,0.0,-1.0,0.1905654207060511
29526,2023-01-31,0,high_value_appreciating,0.0,-1.0,0.0052754178728016
29526,2023-02-28,0,high_value_appreciating,0.0,-1.0,0.0043832947574276
29526,2023-03-31,0,high_value_appreciating,0.0,-1.0,0.0073480174911461
29526,2023-04-30,0,high_value_appreciating,0.0,-1.0,0.0122271929322646
29526,2023-05-31,0,high_value_appreciating,0.0,-1.0,0.0243870047573003
29526,2023-06-30,0,high_value_appreciating,0.0,-1.0,0.0667449128735479
29526,2023-07-31,0,high_value_appreciating,0.0,-1.0,0.0331404124385786
29526,2023-08-31,0,high_value_appreciating,0.0,-1.0,0.1147963530188159
29526,2023-09-30,0,high_value_appreciating,0.0,-1.0,0.1363759541505012
29526,2023-10-31,0,high_value_appreciating,0.0,0.0,0.3152691281488053
29526,2023-11-30,0,high_value_appreciating,0.0,0.0,0.200738082695234
29526,2023-12-31,0,high_value_appreciating,0.0,0.0,0.2198527918472265
29527,2023-01-31,0,high_value_appreciating,0.0,-1.0,0.0147917991066058
29527,2023-02-28,0,high_value_appreciating,0.0,-1.0,0.0124378885164338
29527,2023-03-31,0,high_value_appreciating,0.0,-1.0,0.0172834343986732
29527,2023-04-30,0,high_value_appreciating,0.0,-1.0,0.0210453280993272
29527,2023-05-31,0,high_value_appreciating,0.0,-1.0,0.0253264564355087
29527,2023-06-30,0,high_value_appreciating,0.0,-1.0,0.0656892746820889
29527,2023-07-31,0,high_value_appreciating,0.0,-1.0,0.0268507167979489
29527,2023-08-31,0,high_value_appreciating,0.0,0.0,0.0715167986851644
29527,2023-09-30,0,high_value_appreciating,0.0,0.0,0.0961857017607521
29527,2023-10-31,0,high_value_appreciating,0.0,0.0,0.1760564230989802
29527,2023-11-30,0,high_value_appreciating,0.0,0.0,0.3655356524071873
29527,2023-12-31,0,high_value_appreciating,0.0,0.0,0.4453707974527114
29532,2023-01-31,1,low_activity_cooling,0.0,0.0,0.0660495366801405
29532,2023-02-28,1,low_activity_cooling,0.0,0.0,0.1346804329023941
29532,2023-03-31,1,low_activity_cooling,0.0,0.0,0.3438393446004293
29532,2023-04-30,1,low_activity_cooling,0.0,0.0,0.6296279579304003
29532,2023-05-31,1,low_activity_cooling,0.0,0.0,0.5145256818645823
29532,2023-06-30,1,low_activity_cooling,0.0,0.0,0.4284149665881018
29532,2023-07-31,1,low_activity_cooling,0.0,0.0,0.1838433687397369
29532,2023-08-31,1,low_activity_cooling,0.0,0.0,0.1669677931911851
29532,2023-09-30,1,low_activity_cooling,0.0,0.0,0.1551040439082041
29532,2023-10-31,1,low_activity_cooling,0.0,0.0,0.1435768606118266
29532,2023-11-30,1,low_activity_cooling,0.0,0.0,0.386780254508624
29532,2023-12-31,1,low_activity_cooling,0.0,0.0,0.516355309297644
29541,2023-01-31,1,low_activity_cooling,0.0,0.0,0.0927915478036527
29541,2023-02-28,1,low_activity_cooling,0.0,0.0,0.0502133107909302
29541,2023-03-31,1,low_activity_cooling,0.0,-1.0,0.0364281246255744
29541,2023-04-30,1,low_activity_cooling,0.0,-1.0,0.0402444677145025
29541,2023-05-31,1,low_activity_cooling,0.0,-1.0,0.0438410134027703
29541,2023-06-30,1,low_activity_cooling,0.0,-1.0,0.1337394705500117
29541,2023-07-31,1,low_activity_cooling,0.0,-1.0,0.0635785220611829
29541,2023-08-31,1,low_activity_cooling,0.0,-1.0,0.1251600659398447
29541,2023-09-30,1,low_activity_cooling,0.0,-1.0,0.1560385394170176
29541,2023-10-31,1,low_activity_cooling,0.0,0.0,0.2561844875232634
29541,2023-11-30,1,low_activity_cooling,0.0,0.0,0.3609372560521616
29541,2023-12-31,1,low_activity_cooling,0.0,0.0,0.5798045262151431
29544,2023-01-31,0,high_value_appreciating,0.0,-1.0,0.0363553469806036
29544,2023-02-28,0,high_value_appreciating,0.0,-1.0,0.0470383391735556
29544,2023-03-31,0,high_value_appreciating,0.0,-1.0,0.0324941193239999
29544,2023-04-30,0,high_value_appreciating,0.0,-1.0,0.1148267511506047
29544,2023-05-31,0,high_value_appreciating,0.0,-1.0,0.4038410461027862
29544,2023-06-30,0,high_value_appreciating,0.0,-1.0,0.492702230857642
29544,2023-07-31,0,high_value_appreciating,0.0,0.0,0.1965612353281055
29544,2023-08-31,0,high_value_appreciating,0.0,0.0,0.371076600154023
29544,2023-09-30,0,high_value_appreciating,0.0,0.0,0.6358256342682854
29544,2023-10-31,0,high_value_appreciating,0.0,0.0,0.85217352599513
29544,2023-11-30,0,high_value_appreciating,0.0,0.0,0.8184541806657567
29544,2023-12-31,0,high_value_appreciating,0.0,0.0,0.6213773746409643
29550,2023-01-31,1,low_activity_cooling,0.0,0.0,0.0669062521214274
29550,2023-02-28,1,low_activity_cooling,0.0,0.0,0.0544197043534874
29550,2023-03-31,1,low_activity_cooling,0.0,0.0,0.0471638278849626
29550,2023-04-30,1,low_activity_cooling,0.0,0.0,0.0589163339409005
29550,2023-05-31,1,low_activity_cooling,0.0,0.0,0.0943530541205916
29550,2023-06-30,1,low_activity_cooling,0.0,-1.0,0.078551609995633
29550,2023-07-31,1,low_activity_cooling,0.0,-1.0,0.1202795722732055
29550,2023-08-31,1,low_activity_cooling,0.0,0.0,0.112218614806547
29550,2023-09-30,1,low_activity_cooling,0.0,0.0,0.1378844927276414
29550,2023-10-31,1,low_activity_cooling,0.0,0.0,0.2841152585413896
29550,2023-11-30,1,low_activity_cooling,0.0,0.0,0.4813261431273868
29550,2023-12-31,1,low_activity_cooling,0.0,0.0,0.3767716555389558
29554,2023-01-31,1,low_activity_cooling,0.0,-1.0,0.0345406703377605
29554,2023-02-28,1,low_activity_cooling,0.0,-1.0,0.0218193082045203
29554,2023-03-31,1,low_activity_cooling,0.0,-1.0,0.0619577608830908
29554,2023-04-30,1,low_activity_cooling,0.0,-1.0,0.2279082291124833
29554,2023-05-31,1,low_activity_cooling,0.0,0.0,0.1640993920217748
29554,2023-06-30,1,low_activity_cooling,0.0,-1.0,0.1642311971850753
29554,2023-07-31,1,low_activity_cooling,0.0,0.0,0.6704834155512891
29554,2023-08-31,1,low_activity_cooling,0.0,0.0,0.7000639139309535
29554,2023-09-30,1,low_activity_cooling,0.0,0.0,0.7670462985378366
29554,2023-10-31,1,low_activity_cooling,0.0,0.0,0.3233252950364409
29554,2023-11-30,1,low_activity_cooling,0.0,0.0,0.1309495093586715
29554,2023-12-31,1,low_activity_cooling,0.0,0.0,0.17015904344295
29555,2023-01-31,1,low_activity_cooling,0.0,-1.0,0.0585433646799088
29555,2023-02-28,1,low_activity_cooling,0.0,0.0,0.0514936991031498
29555,2023-03-31,1,low_activity_cooling,0.0,0.0,0.0826955180183725
29555,2023-04-30,1,low_activity_cooling,0.0,0.0,0.0713857556416009
29555,2023-05-31,1,low_activity_cooling,0.0,0.0,0.0498980392366571
29555,2023-06-30,1,low_activity_cooling,0.0,0.0,0.0278553129344752
29555,2023-07-31,1,low_activity_cooling,0.0,0.0,0.0233630392814478
29555,2023-08-31,1,low_activity_cooling,0.0,0.0,0.1080462788016971
29555,2023-09-30,1,low_activity_cooling,0.0,0.0,0.4865102074850866
29555,2023-10-31,1,low_activity_cooling,0.0,0.0,0.7089406676437432
29555,2023-11-30,1,low_activity_cooling,0.0,0.0,0.7786816708535861
29555,2023-12-31,1,low_activity_cooling,0.0,0.0,0.6616768936897449
29560,2023-01-31,1,low_activity_cooling,0.0,0.0,0.0518595228953127
29560,2023-02-28,1,low_activity_cooling,0.0,0.0,0.0326297935814116
29560,2023-03-31,1,low_activity_cooling,0.0,0.0,0.0306506090479471
29560,2023-04-30,1,low_activity_cooling,0.0,-1.0,0.0384261914605096
29560,2023-05-31,1,low_activity_cooling,0.0,-1.0,0.0288526332319705
29560,2023-06-30,1,low_activity_cooling,0.0,-1.0,0.0286948644150389
29560,2023-07-31,1,low_activity_cooling,0.0,-1.0,0.0351894606148234
29560,2023-08-31,1,low_activity_cooling,0.0,0.0,0.0877079438009915
29560,2023-09-30,1,low_activity_cooling,0.0,0.0,0.1455512726614591
29560,2023-10-31,1,low_activity_cooling,0.0,0.0,0.2685202492640336
29560,2023-11-30,1,low_activity_cooling,0.0,0.0,0.5303561911197018
29560,2023-12-31,1,low_activity_cooling,0.0,0.0,0.4971603826688184
29566,2023-01-31,0,high_value_appreciating,0.0,-1.0,0.0076749960890742
29566,2023-02-28,0,high_value_appreciating,0.0,-1.0,0.0098703262106107
29566,2023-03-31,0,high_value_appreciating,0.0,-1.0,0.011553733215896
29566,2023-04-30,0,high_value_appreciating,0.0,-1.0,0.024447037032764
29566,2023-05-31,0,high_value_appreciating,0.0,-1.0,0.0316852036595747
29566,2023-06-30,0,high_value_appreciating,0.0,-1.0,0.1144875218442128
29566,2023-07-31,0,high_value_appreciating,0.0,-1.0,0.0958018899255863
29566,2023-08-31,0,high_value_appreciating,0.0,-1.0,0.3716467866182656
29566,2023-09-30,0,high_value_appreciating,0.0,-1.0,0.468068533340471
29566,2023-10-31,0,high_value_appreciating,0.0,0.0,0.3783019779010522
29566,2023-11-30,0,high_value_appreciating,0.0,0.0,0.2549804682388403
29566,2023-12-31,0,high_value_appreciating,0.0,0.0,0.2608054688772847
29568,2023-01-31,0,high_value_appreciating,0.0,-1.0,0.0168893946062772
29568,2023-02-28,0,high_value_appreciating,0.0,-1.0,0.0291092863156101
29568,2023-03-31,0,high_value_appreciating,0.0,-1.0,0.0411207241763933
29568,2023-04-30,0,high_value_appreciating,0.0,-1.0,0.0476407269692897
29568,2023-05-31,0,high_value_appreciating,0.0,-1.0,0.0351785555505761
29568,2023-06-30,0,high_value_appreciating,0.0,-1.0,0.0170740582685672
29568,2023-07-31,0,high_value_appreciating,0.0,-1.0,0.0234638629008751
29568,2023-08-31,0,high_value_appreciating,0.0,-1.0,0.0493942700746069
29568,2023-09-30,0,high_value_appreciating,0.0,0.0,0.0579701721125626
29568,2023-10-31,0,high_value_appreciating,0.0,0.0,0.1790761609026202
29568,2023-11-30,0,high_value_appreciating,0.0,0.0,0.4024937156186148
29568,2023-12-31,0,high_value_appreciating,0.0,0.0,0.4316055524257638
29569,2023-01-31,0,high_value_appreciating,0.0,-1.0,0.013360479464308
29569,2023-02-28,0,high_value_appreciating,0.0,-1.0,0.0273825141506137
29569,2023-03-31,0,high_value_appreciating,0.0,-1.0,0.0194031407796841
29569,2023-04-30,0,high_value_appreciating,0.0,-1.0,0.0362021912762497
29569,2023-05-31,0,high_value_appreciating,0.0,-1.0,0.0745928563459643
29569,2023-06-30,0,high_value_appreciating,0.0,-1.0,0.1648631303662077
29569,2023-07-31,0,high_value_appreciating,0.0,-1.0,0.1543796222879229
29569,2023-08-31,0,high_value_appreciating,0.0,0.0,0.2457811195512236
29569,2023-09-30,0,high_value_appreciating,0.0,0.0,0.3790721277164879
29569,2023-10-31,0,high_value_appreciating,0.0,0.0,0.4131938755230752
29569,2023-11-30,0,high_value_appreciating,0.0,0.0,0.3299472266338641
29569,2023-12-31,0,high_value_appreciating,0.0,0.0,0.2784762001000438
29572,2023-01-31,0,high_value_appreciating,0.0,-1.0,0.0197183477014275
29572,2023-02-28,0,high_value_appreciating,0.0,-1.0,0.028234384166356
29572,2023-03-31,0,high_value_appreciating,0.0,-1.0,0.0277531730359314
29572,2023-04-30,0,high_value_appreciating,0.0,-1.0,0.0379599743692052
29572,2023-05-31,0,high_value_appreciating,0.0,-1.0,0.0815529004962018
29572,2023-06-30,0,high_value_appreciating,0.0,-1.0,0.1112361459222556
29572,2023-07-31,0,high_value_appreciating,0.0,-1.0,0.0933660332714204
29572,2023-08-31,0,high_value_appreciating,0.0,-1.0,0.1150391235429765
29572,2023-09-30,0,high_value_appreciating,0.0,-1.0,0.1826542518214371
29572,2023-10-31,0,high_value_appreciating,0.0,0.0,0.2079907468697557
29572,2023-11-30,0,high_value_appreciating,0.0,0.0,0.1701120506353628
29572,2023-12-31,0,high_value_appreciating,0.0,0.0,0.1788690356943514
29575,2023-01-31,0,high_value_appreciating,0.0,-1.0,0.0189273515288734
29575,2023-02-28,0,high_value_appreciating,0.0,-1.0,0.0326476231880241
29575,2023-03-31,0,high_value_appreciating,0.0,-1.0,0.0360587152900524
29575,2023-04-30,0,high_value_appreciating,0.0,-1.0,0.0448235103723222
29575,2023-05-31,0,high_value_appreciating,0.0,-1.0,0.0385292401993467
29575,2023-06-30,0,high_value_appreciating,0.0,-1.0,0.0743791747664013
29575,2023-07-31,0,high_value_appreciating,0.0,-1.0,0.0828252234604938
29575,2023-08-31,0,high_value_appreciating,0.0,-1.0,0.1169025624398193
29575,2023-09-30,0,high_value_appreciating,0.0,0.0,0.1388879313011827
29575,2023-10-31,0,high_value_appreciating,0.0,0.0,0.1924501362843022
29575,2023-11-30,0,high_value_appreciating,0.0,0.0,0.1172219487859476
29575,2023-12-31,0,high_value_appreciating,0.0,0.0,0.114583943380756
29576,2023-01-31,0,high_value_appreciating,0.0,-1.0,0.0079972298718515
29576,2023-02-28,0,high_value_appreciating,0.0,-1.0,0.0125491682680019
29576,2023-03-31,0,high_value_appreciating,0.0,-1.0,0.0310543570904403
29576,2023-04-30,0,high_value_appreciating,0.0,-1.0,0.0528070013181523
29576,2023-05-31,0,high_value_appreciating,0.0,-1.0,0.0746091523959392
29576,2023-06-30,0,high_value_appreciating,0.0,-1.0,0.1812984869417422
29576,2023-07-31,0,high_value_appreciating,0.0,-1.0,0.1445098659374514
29576,2023-08-31,0,high_value_appreciating,0.0,-1.0,0.1581597100958549
29576,2023-09-30,0,high_value_appreciating,0.0,0.0,0.2971017996672978
29576,2023-10-31,0,high_value_appreciating,0.0,0.0,0.3736900993040213
29576,2023-11-30,0,high_value_appreciating,0.0,0.0,0.2490566859804156
29576,2023-12-31,0,high_value_appreciating,0.0,0.0,0.2634582910866443
29577,2023-01-31,0,high_value_appreciating,0.0,-1.0,0.013708550908533
29577,2023-02-28,0,high_value_appreciating,0.0,-1.0,0.0191181778832054
29577,2023-03-31,0,high_value_appreciating,0.0,-1.0,0.028191995170312
29577,2023-04-30,0,high_value_appreciating,0.0,-1.0,0.0354496682977445
29577,2023-05-31,0,high_value_appreciating,0.0,-1.0,0.0630983630934393
29577,2023-06-30,0,high_value_appreciating,0.0,-1.0,0.118993146219238
29577,2023-07-31,0,high_value_appreciating,0.0,-1.0,0.1196688220416215
29577,2023-08-31,0,high_value_appreciating,0.0,-1.0,0.1466455762741053
29577,2023-09-30,0,high_value_appreciating,0.0,-1.0,0.1602775305295793
29577,2023-10-31,0,high_value_appreciating,0.0,0.0,0.3763059284515258
29577,2023-11-30,0,high_value_appreciating,0.0,0.0,0.2653280134086342
29577,2023-12-31,0,high_value_appreciating,0.0,0.0,0.2165299876942271
29579,2023-01-31,0,high_value_appreciating,0.0,-1.0,0.0171611811665878
29579,2023-02-28,0,high_value_appreciating,0.0,-1.0,0.0217979358572204
29579,2023-03-31,0,high_value_appreciating,0.0,-1.0,0.018044920163859
29579,2023-04-30,0,high_value_appreciating,0.0,-1.0,0.0166738966659617
29579,2023-05-31,0,high_value_appreciating,0.0,-1.0,0.0229082936395653
29579,2023-06-30,0,high_value_appreciating,0.0,-1.0,0.0130237975785273
29579,2023-07-31,0,high_value_appreciating,0.0,-1.0,0.0360356772901701
29579,2023-08-31,0,high_value_appreciating,0.0,-1.0,0.0847756844798848
29579,2023-09-30,0,high_value_appreciating,0.0,0.0,0.0965123068672148
29579,2023-10-31,0,high_value_appreciating,0.0,0.0,0.1151004075358982
29579,2023-11-30,0,high_value_appreciating,0.0,0.0,0.1779262992094422
29579,2023-12-31,0,high_value_appreciating,0.0,0.0,0.1162453433867694
29581,2023-01-31,0,high_value_appreciating,0.0,-1.0,0.0771003045996428
29581,2023-02-28,0,high_value_appreciating,0.0,0.0,0.0250232625860365
29581,2023-03-31,0,high_value_appreciating,0.0,0.0,0.0252045241878443
29581,2023-04-30,0,high_value_appreciating,0.0,0.0,0.087225010196152
29581,2023-05-31,0,high_value_appreciating,0.0,0.0,0.2052996058170914
29581,2023-06-30,0,high_value_appreciating,0.0,0.0,0.5940116512877138
29581,2023-07-31,0,high_value_appreciating,0.0,0.0,0.5952103812758291
29581,2023-08-31,0,high_value_appreciating,0.0,0.0,0.7794657446824211
29581,2023-09-30,0,high_value_appreciating,0.0,0.0,0.784268787977175
29581,2023-10-31,0,high_value_appreciating,0.0,0.0,0.8205719892278506
29581,2023-11-30,0,high_value_appreciating,0.0,0.0,0.3728687279333099
29581,2023-12-31,0,high_value_appreciating,0.0,0.0,0.6135150460208849
29582,2023-01-31,0,high_value_appreciating,0.0,-1.0,0.0092435257307293
29582,2023-02-28,0,high_value_appreciating,0.0,-1.0,0.0163380365671748
29582,2023-03-31,0,high_value_appreciating,0.0,-1.0,0.0237373543224143
29582,2023-04-30,0,high_value_appreciating,0.0,-1.0,0.0725837632323017
29582,2023-05-31,0,high_value_appreciating,0.0,-1.0,0.2200182170864039
29582,2023-06-30,0,high_value_appreciating,0.0,-1.0,0.3967800013518109
29582,2023-07-31,0,high_value_appreciating,0.0,-1.0,0.5152914552793789
29582,2023-08-31,0,high_value_appreciating,0.0,-1.0,0.5833172631501466
29582,2023-09-30,0,high_value_appreciating,0.0,0.0,0.5284056428781605
29582,2023-10-31,0,high_value_appreciating,0.0,0.0,0.540610522146433
29582,2023-11-30,0,high_value_appreciating,0.0,0.0,0.2379209129703483
29582,2023-12-31,0,high_value_appreciating,0.0,0.0,0.1144393150512521
29583,2023-01-31,1,low_activity_cooling,0.0,-1.0,0.033516336297575
29583,2023-02-28,1,low_activity_cooling,0.0,-1.0,0.0699295451850013
29583,2023-03-31,1,low_activity_cooling,0.0,-1.0,0.2858577279025206
29583,2023-04-30,1,low_activity_cooling,0.0,-1.0,0.2649280961260191
29583,2023-05-31,1,low_activity_cooling,0.0,-1.0,0.0302940589278146
29583,2023-06-30,1,low_activity_cooling,0.0,-1.0,0.1137854004684135
29583,2023-07-31,1,low_activity_cooling,0.0,-1.0,0.176494848362838
29583,2023-08-31,1,low_activity_cooling,0.0,-1.0,0.3673436546193009
29583,2023-09-30,1,low_activity_cooling,0.0,0.0,0.4189137785884845
29583,2023-10-31,1,low_activity_cooling,0.0,0.0,0.4205290955996063
29583,2023-11-30,1,low_activity_cooling,0.0,0.0,0.2145500426464824
29583,2023-12-31,1,low_activity_cooling,0.0,0.0,0.0697653029283159
29585,2023-01-31,0,high_value_appreciating,0.0,-1.0,0.0156304533418937
29585,2023-02-28,0,high_value_appreciating,0.0,-1.0,0.0214867213304406
29585,2023-03-31,0,high_value_appreciating,0.0,-1.0,0.0363820190483279
29585,2023-04-30,0,high_value_appreciating,0.0,-1.0,0.1327861508646515
29585,2023-05-31,0,high_value_appreciating,0.0,-1.0,0.3228209596802215
29585,2023-06-30,0,high_value_appreciating,0.0,-1.0,0.7130151865192454
29585,2023-07-31,0,high_value_appreciating,0.0,-1.0,0.6370350207260762
29585,2023-08-31,0,high_value_appreciating,0.0,0.0,0.5946842565372966
29585,2023-09-30,0,high_value_appreciating,0.0,0.0,0.3816054879593388
29585,2023-10-31,0,high_value_appreciating,0.0,0.0,0.3197799325684874
29585,2023-11-30,0,high_value_appreciating,0.0,0.0,0.2708440915557117
29585,2023-12-31,0,high_value_appreciating,0.0,0.0,0.2258681960910834
29588,2023-01-31,0,high_value_appreciating,0.0,-1.0,0.0152435981081307
29588,2023-02-28,0,high_value_appreciating,0.0,-1.0,0.0270695546561676
29588,2023-03-31,0,high_value_appreciating,0.0,-1.0,0.0343731470452554
29588,2023-04-30,0,high_value_appreciating,0.0,-1.0,0.0531239640016638
29588,2023-05-31,0,high_value_appreciating,0.0,-1.0,0.0545459181481009
29588,2023-06-30,0,high_value_appreciating,0.0,-1.0,0.0602499346937408
29588,2023-07-31,0,high_value_appreciating,0.0,-1.0,0.0684660714202766
29588,2023-08-31,0,high_value_appreciating,0.0,-1.0,0.3110804448927114
29588,2023-09-30,0,high_value_appreciating,0.0,-1.0,0.1764904021914247
29588,2023-10-31,0,high_value_appreciating,0.0,0.0,0.133711056269341
29588,2023-11-30,0,high_value_appreciating,0.0,0.0,0.060076489600379
29588,2023-12-31,0,high_value_appreciating,0.0,0.0,0.0853928888397976
29601,2023-01-31,2,competitive_mid_market,0.0,0.0,0.1475822031941186
29601,2023-02-28,2,competitive_mid_market,0.0,0.0,0.1799977042221186
29601,2023-03-31,2,competitive_mid_market,0.0,0.0,0.1317993627081299
29601,2023-04-30,2,competitive_mid_market,0.0,0.0,0.118079675274682
29601,2023-05-31,2,competitive_mid_market,0.0,0.0,0.3341801893815251
29601,2023-06-30,2,competitive_mid_market,0.0,0.0,0.2904943211267775
29601,2023-07-31,2,competitive_mid_market,0.0,0.0,0.1307971294401561
29601,2023-08-31,2,competitive_mid_market,0.0,0.0,0.2121634424949841
29601,2023-09-30,2,competitive_mid_market,0.0,0.0,0.195510130658911
29601,2023-10-31,2,competitive_mid_market,0.0,0.0,0.2813794815428563
29601,2023-11-30,2,competitive_mid_market,0.0,0.0,0.2535760126738937
29601,2023-12-31,2,competitive_mid_market,0.0,0.0,0.1113949362016186
29605,2023-01-31,2,competitive_mid_market,0.0,0.0,0.0334409361619651
29605,2023-02-28,2,competitive_mid_market,0.0,0.0,0.0309576938106411
29605,2023-03-31,2,competitive_mid_market,0.0,0.0,0.0621589596443313
29605,2023-04-30,2,competitive_mid_market,0.0,0.0,0.0740192240838023
29605,2023-05-31,2,competitive_mid_market,0.0,0.0,0.0675391080956151
29605,2023-06-30,2,competitive_mid_market,0.0,0.0,0.0577334902885246
29605,2023-07-31,2,competitive_mid_market,0.0,0.0,0.1224068282574981
29605,2023-08-31,2,competitive_mid_market,0.0,0.0,0.1939950918653003
29605,2023-09-30,2,competitive_mid_market,0.0,0.0,0.215535886438504
29605,2023-10-31,2,competitive_mid_market,0.0,0.0,0.2106713224851848
29605,2023-11-30,2,competitive_mid_market,0.0,0.0,0.2852015403907904
29605,2023-12-31,2,competitive_mid_market,0.0,0.0,0.3074277939919685
29607,2023-01-31,2,competitive_mid_market,0.0,-1.0,0.0218018375869188
29607,2023-02-28,2,competitive_mid_market,0.0,-1.0,0.0233029288259855
29607,2023-03-31,2,competitive_mid_market,0.0,-1.0,0.0222083502150392
29607,2023-04-30,2,competitive_mid_market,0.0,0.0,0.0298699668045767
29607,2023-05-31,2,competitive_mid_market,0.0,0.0,0.0698850252040511
29607,2023-06-30,2,competitive_mid_market,0.0,-1.0,0.0810159372284588
29607,2023-07-31,2,competitive_mid_market,0.0,0.0,0.0908537613258403
29607,2023-08-31,2,competitive_mid_market,0.0,-1.0,0.1654229553563327
29607,2023-09-30,2,competitive_mid_market,0.0,0.0,0.1538294613825066
29607,2023-10-31,2,competitive_mid_market,0.0,0.0,0.2513080427877531
29607,2023-11-30,2,competitive_mid_market,0.0,0.0,0.2000485995715015
29607,2023-12-31,2,competitive_mid_market,0.0,0.0,0.288424800293905
29609,2023-01-31,2,competitive_mid_market,0.0,-1.0,0.0226442820182605
29609,2023-02-28,2,competitive_mid_market,0.0,-1.0,0.0249847614384022
29609,2023-03-31,2,competitive_mid_market,0.0,-1.0,0.0385180291195083
29609,2023-04-30,2,competitive_mid_market,0.0,-1.0,0.0532035738914328
29609,2023-05-31,2,competitive_mid_market,0.0,0.0,0.0743161612980041
29609,2023-06-30,2,competitive_mid_market,0.0,0.0,0.1284959048513616
29609,2023-07-31,2,competitive_mid_market,0.0,0.0,0.1135852533268348
29609,2023-08-31,2,competitive_mid_market,0.0,0.0,0.1778952494914992
29609,2023-09-30,2,competitive_mid_market,0.0,0.0,0.1985838896960191
29609,2023-10-31,2,competitive_mid_market,0.0,0.0,0.1886784177420424
29609,2023-11-30,2,competitive_mid_market,0.0,0.0,0.1079462571167425
29609,2023-12-31,2,competitive_mid_market,0.0,0.0,0.1131547854817622
29611,2023-01-31,3,affordable_high_demand,0.0,-1.0,0.0132068959627769
29611,2023-02-28,3,affordable_high_demand,0.0,-1.0,0.0180480627490209
29611,2023-03-31,3,affordable_high_demand,0.0,0.0,0.032082176118817
29611,2023-04-30,3,affordable_high_demand,0.0,0.0,0.0350350814793362
29611,2023-05-31,3,affordable_high_demand,0.0,0.0,0.0853614931953438
29611,2023-06-30,3,affordable_high_demand,0.0,0.0,0.1922336043548129
29611,2023-07-31,3,affordable_high_demand,0.0,0.0,0.3187283395360885
29611,2023-08-31,3,affordable_high_demand,0.0,0.0,0.5095541241035013
29611,2023-09-30,3,affordable_high_demand,0.0,0.0,0.610115334909904
29611,2023-10-31,3,affordable_high_demand,0.0,0.0,0.6089441191019205
29611,2023-11-30,3,affordable_high_demand,0.0,0.0,0.461843478829879
29611,2023-12-31,3,affordable_high_demand,0.0,0.0,0.3134891058827334
29615,2023-01-31,2,competitive_mid_market,0.0,-1.0,0.0110732567561864
29615,2023-02-28,2,competitive_mid_market,0.0,-1.0,0.0166784973017375
29615,2023-03-31,2,competitive_mid_market,0.0,-1.0,0.0211958068034342
29615,2023-04-30,2,competitive_mid_market,0.0,-1.0,0.0362944308673415
29615,2023-05-31,2,competitive_mid_market,0.0,0.0,0.0542752576055913
29615,2023-06-30,2,competitive_mid_market,0.0,0.0,0.1461622788176118
29615,2023-07-31,2,competitive_mid_market,0.0,0.0,0.2267365998039343
29615,2023-08-31,2,competitive_mid_market,0.0,0.0,0.2862289753991583
29615,2023-09-30,2,competitive_mid_market,0.0,0.0,0.4841403219744401
29615,2023-10-31,2,competitive_mid_market,0.0,0.0,0.3800673276815069
29615,2023-11-30,2,competitive_mid_market,0.0,0.0,0.4165519237858265
29615,2023-12-31,2,competitive_mid_market,0.0,0.0,0.5230424379463612
29617,2023-01-31,2,competitive_mid_market,0.0,-1.0,0.0177263574992766
29617,2023-02-28,2,competitive_mid_market,0.0,-1.0,0.017274872711265
29617,2023-03-31,2,competitive_mid_market,0.0,-1.0,0.0282550156425149
29617,2023-04-30,2,competitive_mid_market,0.0,-1.0,0.0233802589703996
29617,2023-05-31,2,competitive_mid_market,0.0,-1.0,0.0484851202080294
29617,2023-06-30,2,competitive_mid_market,0.0,-1.0,0.0749243258805705
29617,2023-07-31,2,competitive_mid_market,0.0,-1.0,0.1017795730336029
29617,2023-08-31,2,competitive_mid_market,0.0,0.0,0.3670694423631258
29617,2023-09-30,2,competitive_mid_market,0.0,0.0,0.3453440577663242
29617,2023-10-31,2,competitive_mid_market,0.0,0.0,0.294482600979987
29617,2023-11-30,2,competitive_mid_market,0.0,0.0,0.2788588357639968
29617,2023-12-31,2,competitive_mid_market,0.0,0.0,0.4221338926099684
29621,2023-01-31,2,competitive_mid_market,0.0,0.0,0.0542336605069625
29621,2023-02-28,2,competitive_mid_market,0.0,0.0,0.0449470328996061
29621,2023-03-31,2,competitive_mid_market,0.0,0.0,0.0894122634567541
29621,2023-04-30,2,competitive_mid_market,0.0,-1.0,0.135666565644802
29621,2023-05-31,2,competitive_mid_market,0.0,-1.0,0.2927248076869018
29621,2023-06-30,2,competitive_mid_market,0.0,0.0,0.7053122661346081
29621,2023-07-31,2,competitive_mid_market,0.0,0.0,0.7873005734642478
29621,2023-08-31,2,competitive_mid_market,0.0,0.0,0.7929752056828551
29621,2023-09-30,2,competitive_mid_market,0.0,0.0,0.5581542152844715
29621,2023-10-31,2,competitive_mid_market,0.0,0.0,0.3026005102939237
29621,2023-11-30,2,competitive_mid_market,0.0,0.0,0.1784679153852486
29621,2023-12-31,2,competitive_mid_market,0.0,0.0,0.1791044773100175
29624,2023-01-31,3,affordable_high_demand,0.0,0.0,0.1665807001176241
29624,2023-02-28,3,affordable_high_demand,0.0,0.0,0.1110244869397866
29624,2023-03-31,3,affordable_high_demand,0.0,0.0,0.0621505593964642
29624,2023-04-30,3,affordable_high_demand,0.0,0.0,0.1032729875059907
29624,2023-05-31,3,affordable_high_demand,0.0,0.0,0.3213273725162454
29624,2023-06-30,3,affordable_high_demand,0.0,0.0,0.6762141402592172
29624,2023-07-31,3,affordable_high_demand,0.0,0.0,0.6725786499029964
29624,2023-08-31,3,affordable_high_demand,0.0,0.0,0.2559714950518467
29624,2023-09-30,3,affordable_high_demand,0.0,0.0,0.1126552790419121
29624,2023-10-31,3,affordable_high_demand,0.0,0.0,0.0370789392896421
29624,2023-11-30,3,affordable_high_demand,0.0,0.0,0.0393517359186212
29624,2023-12-31,3,affordable_high_demand,0.0,0.0,0.0476587602017923
29625,2023-01-31,3,affordable_high_demand,0.0,0.0,0.0692071712162916
29625,2023-02-28,3,affordable_high_demand,0.0,0.0,0.0545165531660886
29625,2023-03-31,3,affordable_high_demand,0.0,-1.0,0.1112430828619779
29625,2023-04-30,3,affordable_high_demand,0.0,-1.0,0.3198928347361409
29625,2023-05-31,3,affordable_high_demand,0.0,-1.0,0.7139934236290407
29625,2023-06-30,3,affordable_high_demand,0.0,-1.0,0.8784079807751253
29625,2023-07-31,3,affordable_high_demand,0.0,0.0,0.6090684324260721
29625,2023-08-31,3,affordable_high_demand,0.0,0.0,0.410561792865764
29625,2023-09-30,3,affordable_high_demand,0.0,0.0,0.1952933302993507
29625,2023-10-31,3,affordable_high_demand,0.0,0.0,0.1020411417034729
29625,2023-11-30,3,affordable_high_demand,0.0,0.0,0.0610693735601151
29625,2023-12-31,3,affordable_high_demand,0.0,0.0,0.0596240619459344
29626,2023-01-31,3,affordable_high_demand,0.0,0.0,0.1164001705823496
29626,2023-02-28,3,affordable_high_demand,0.0,0.0,0.1827819283537397
29626,2023-03-31,3,affordable_high_demand,0.0,0.0,0.128489208817628
29626,2023-04-30,3,affordable_high_demand,0.0,-1.0,0.3485233189260028
29626,2023-05-31,3,affordable_high_demand,0.0,0.0,0.462582086715946
29626,2023-06-30,3,affordable_high_demand,0.0,-1.0,0.4621113226203366
29626,2023-07-31,3,affordable_high_demand,0.0,0.0,0.4209785853047706
29626,2023-08-31,3,affordable_high_demand,0.0,0.0,0.2047277575083318
29626,2023-09-30,3,affordable_high_demand,0.0,0.0,0.1341215457520335
29626,2023-10-31,3,affordable_high_demand,0.0,0.0,0.1240079542492239
29626,2023-11-30,3,affordable_high_demand,0.0,-1.0,0.1660268868728484
29626,2023-12-31,3,affordable_high_demand,0.0,-1.0,0.1275048681651439
29627,2023-01-31,0,high_value_appreciating,0.0,0.0,0.0518302005496135
29627,2023-02-28,0,high_value_appreciating,0.0,0.0,0.0523421263467607
29627,2023-03-31,0,high_value_appreciating,0.0,0.0,0.0472092979279848
29627,2023-04-30,0,high_value_appreciating,0.0,0.0,0.254726280676587
29627,2023-05-31,0,high_value_appreciating,0.0,0.0,0.4222243327736222
29627,2023-06-30,0,high_value_appreciating,0.0,0.0,0.8721330571699837
29627,2023-07-31,0,high_value_appreciating,0.0,0.0,0.8652435255079659
29627,2023-08-31,0,high_value_appreciating,0.0,0.0,0.843701007304968
29627,2023-09-30,0,high_value_appreciating,0.0,0.0,0.7028695553042151
29627,2023-10-31,0,high_value_appreciating,0.0,0.0,0.252666953591009
29627,2023-11-30,0,high_value_appreciating,0.0,0.0,0.0557297496084623
29627,2023-12-31,0,high_value_appreciating,0.0,0.0,0.0311794924226785
29630,2023-01-31,4,moderate_supply_growing,0.0,0.0,0.0155732251399232
29630,2023-02-28,4,moderate_supply_growing,0.0,0.0,0.0182477212379629
29630,2023-03-31,4,moderate_supply_growing,0.0,0.0,0.0293293841198038
29630,2023-04-30,4,moderate_supply_growing,0.0,0.0,0.079999602530097
29630,2023-05-31,4,moderate_supply_growing,0.0,0.0,0.1610910735260144
29630,2023-06-30,4,moderate_supply_growing,0.0,0.0,0.2181253054058587
29630,2023-07-31,4,moderate_supply_growing,0.0,0.0,0.2914553548710939
29630,2023-08-31,4,moderate_supply_growing,0.0,0.0,0.5518679321117356
29630,2023-09-30,4,moderate_supply_growing,0.0,0.0,0.435062854706524
29630,2023-10-31,4,moderate_supply_growing,0.0,0.0,0.4522912033722651
29630,2023-11-30,4,moderate_supply_growing,0.0,0.0,0.4738026620223955
29630,2023-12-31,4,moderate_supply_growing,0.0,0.0,0.2829079393932996
29631,2023-01-31,2,competitive_mid_market,0.0,-1.0,0.0409530976179254
29631,2023-02-28,2,competitive_mid_market,0.0,0.0,0.0835812626616304
29631,2023-03-31,2,competitive_mid_market,0.0,0.0,0.0663965616096123
29631,2023-04-30,2,competitive_mid_market,0.0,0.0,0.1650076714407879
29631,2023-05-31,2,competitive_mid_market,0.0,0.0,0.1783671050006171
29631,2023-06-30,2,competitive_mid_market,0.0,0.0,0.1400309904143264
29631,2023-07-31,2,competitive_mid_market,0.0,0.0,0.1009521547712422
29631,2023-08-31,2,competitive_mid_market,0.0,0.0,0.1825603304380625
29631,2023-09-30,2,competitive_mid_market,0.0,0.0,0.3626236397772495
29631,2023-10-31,2,competitive_mid_market,0.0,0.0,0.5918197669998688
29631,2023-11-30,2,competitive_mid_market,0.0,0.0,0.6214702847005389
29631,2023-12-31,2,competitive_mid_market,0.0,0.0,0.3432855855180542
29635,2023-01-31,1,low_activity_cooling,0.0,-1.0,0.0225397113589415
29635,2023-02-28,1,low_activity_cooling,0.0,-1.0,0.0365229183718735
29635,2023-03-31,1,low_activity_cooling,0.0,-1.0,0.0234548488105907
29635,2023-04-30,1,low_activity_cooling,0.0,-1.0,0.0218856760584968
29635,2023-05-31,1,low_activity_cooling,0.0,-1.0,0.0281864914105345
29635,2023-06-30,1,low_activity_cooling,0.0,-1.0,0.149989396998372
29635,2023-07-31,1,low_activity_cooling,0.0,-1.0,0.3256818573935529
29635,2023-08-31,1,low_activity_cooling,0.0,0.0,0.4988791272475809
29635,2023-09-30,1,low_activity_cooling,0.0,0.0,0.5541649935346656
29635,2023-10-31,1,low_activity_cooling,0.0,0.0,0.6111204837811858
29635,2023-11-30,1,low_activity_cooling,0.0,0.0,0.4019544271375977
29635,2023-12-31,1,low_activity_cooling,0.0,0.0,0.4191234882110216
29640,2023-01-31,3,affordable_high_demand,0.0,0.0,0.0135152911820966
29640,2023-02-28,3,affordable_high_demand,0.0,0.0,0.0148538564210585
29640,2023-03-31,3,affordable_high_demand,0.0,0.0,0.0154669262160331
29640,2023-04-30,3,affordable_high_demand,0.0,-1.0,0.0340910119875842
29640,2023-05-31,3,affordable_high_demand,0.0,-1.0,0.0705655644589569
29640,2023-06-30,3,affordable_high_demand,0.0,-1.0,0.0982872715388003
29640,2023-07-31,3,affordable_high_demand,0.0,-1.0,0.1398273929495834
29640,2023-08-31,3,affordable_high_demand,0.0,-1.0,0.2163148130845356
29640,2023-09-30,3,affordable_high_demand,0.0,-1.0,0.2733961044422616
29640,2023-10-31,3,affordable_high_demand,0.0,-1.0,0.5830788843669442
29640,2023-11-30,3,affordable_high_demand,0.0,0.0,0.3870238754262853
29640,2023-12-31,3,affordable_high_demand,0.0,0.0,0.3975794371142113
29642,2023-01-31,2,competitive_mid_market,0.0,-1.0,0.0129408837137299
29642,2023-02-28,2,competitive_mid_market,0.0,-1.0,0.0199510361438709
29642,2023-03-31,2,competitive_mid_market,0.0,-1.0,0.0266980205641336
29642,2023-04-30,2,competitive_mid_market,0.0,-1.0,0.0426800156006727
29642,2023-05-31,2,competitive_mid_market,0.0,-1.0,0.1393339256621408
29642,2023-06-30,2,competitive_mid_market,0.0,-1.0,0.4359166150690321
29642,2023-07-31,2,competitive_mid_market,0.0,0.0,0.2948497274088646
29642,2023-08-31,2,competitive_mid_market,0.0,0.0,0.4102815229465
29642,2023-09-30,2,competitive_mid_market,0.0,0.0,0.2859298235524788
29642,2023-10-31,2,competitive_mid_market,0.0,0.0,0.2067576822737915
29642,2023-11-30,2,competitive_mid_market,0.0,0.0,0.1853122898474572
29642,2023-12-31,2,competitive_mid_market,0.0,0.0,0.1289270470295277
29643,2023-01-31,4,moderate_supply_growing,0.0,0.0,0.0781561367339233
29643,2023-02-28,4,moderate_supply_growing,0.0,0.0,0.069135248380216
29643,2023-03-31,4,moderate_supply_growing,0.0,0.0,0.1873515774817217
29643,2023-04-30,4,moderate_supply_growing,0.0,0.0,0.2520064939054903
29643,2023-05-31,4,moderate_supply_growing,0.0,0.0,0.3298012149304516
29643,2023-06-30,4,moderate_supply_growing,1.0,1.0,0.262402961663838
29643,2023-07-31,4,moderate_supply_growing,1.0,1.0,0.3579557988612942
29643,2023-08-31,4,moderate_supply_growing,1.0,1.0,0.7005334221965
29643,2023-09-30,4,moderate_supply_growing,1.0,1.0,0.838720673714902
29643,2023-10-31,4,moderate_supply_growing,1.0,1.0,0.8168437241818349
29643,2023-11-30,4,moderate_supply_growing,1.0,1.0,0.8538654782420122
29643,2023-12-31,4,moderate_supply_growing,1.0,1.0,0.6697177640294885
29644,2023-01-31,2,competitive_mid_market,0.0,-1.0,0.0179507602596278
29644,2023-02-28,2,competitive_mid_market,0.0,-1.0,0.0162865187649189
29644,2023-03-31,2,competitive_mid_market,0.0,0.0,0.0426910252628027
29644,2023-04-30,2,competitive_mid_market,0.0,0.0,0.0611587417259913
29644,2023-05-31,2,competitive_mid_market,0.0,0.0,0.0431615687609906
29644,2023-06-30,2,competitive_mid_market,0.0,0.0,0.0374442296567924
29644,2023-07-31,2,competitive_mid_market,0.0,0.0,0.0567788350150172
29644,2023-08-31,2,competitive_mid_market,0.0,0.0,0.1106559219783164
29644,2023-09-30,2,competitive_mid_market,0.0,0.0,0.2594877295774963
29644,2023-10-31,2,competitive_mid_market,0.0,0.0,0.088998388083728
29644,2023-11-30,2,competitive_mid_market,0.0,0.0,0.0750230610395328
29644,2023-12-31,2,competitive_mid_market,0.0,0.0,0.0962037717605815
29645,2023-01-31,1,low_activity_cooling,0.0,-1.0,0.0241397398122256
29645,2023-02-28,1,low_activity_cooling,0.0,-1.0,0.0227381985361764
29645,2023-03-31,1,low_activity_cooling,0.0,-1.0,0.0199959580876499
29645,2023-04-30,1,low_activity_cooling,0.0,-1.0,0.0153116024113828
29645,2023-05-31,1,low_activity_cooling,0.0,-1.0,0.1117282686524478
29645,2023-06-30,1,low_activity_cooling,0.0,-1.0,0.0665649552887393
29645,2023-07-31,1,low_activity_cooling,0.0,-1.0,0.0494389940366139
29645,2023-08-31,1,low_activity_cooling,0.0,-1.0,0.0514639588050898
29645,2023-09-30,1,low_activity_cooling,0.0,-1.0,0.0647514861249912
29645,2023-10-31,1,low_activity_cooling,0.0,-1.0,0.3240683837186563
29645,2023-11-30,1,low_activity_cooling,0.0,-1.0,0.2719290356195545
29645,2023-12-31,1,low_activity_cooling,0.0,-1.0,0.1301346202476848
29646,2023-01-31,1,low_activity_cooling,0.0,0.0,0.0411204210224197
29646,2023-02-28,1,low_activity_cooling,0.0,0.0,0.0242702729512467
29646,2023-03-31,1,low_activity_cooling,0.0,0.0,0.078185587082252
29646,2023-04-30,1,low_activity_cooling,0.0,0.0,0.0965073321916849
29646,2023-05-31,1,low_activity_cooling,0.0,-1.0,0.1392596191212455
29646,2023-06-30,1,low_activity_cooling,0.0,-1.0,0.0754549594374401
29646,2023-07-31,1,low_activity_cooling,0.0,0.0,0.0428756835793553
29646,2023-08-31,1,low_activity_cooling,0.0,0.0,0.078739143453916
29646,2023-09-30,1,low_activity_cooling,0.0,0.0,0.1417237944334755
29646,2023-10-31,1,low_activity_cooling,0.0,0.0,0.2187498179734571
29646,2023-11-30,1,low_activity_cooling,0.0,0.0,0.0840765526387566
29646,2023-12-31,1,low_activity_cooling,0.0,0.0,0.0588706467148456
29649,2023-01-31,1,low_activity_cooling,0.0,0.0,0.0310650313775616
29649,2023-02-28,1,low_activity_cooling,0.0,-1.0,0.0361755095070476
29649,2023-03-31,1,low_activity_cooling,0.0,-1.0,0.0450342885244948
29649,2023-04-30,1,low_activity_cooling,0.0,-1.0,0.1955432036725763
29649,2023-05-31,1,low_activity_cooling,0.0,-1.0,0.3796898337987595
29649,2023-06-30,1,low_activity_cooling,0.0,-1.0,0.336108853420933
29649,2023-07-31,1,low_activity_cooling,0.0,0.0,0.4089721265002053
29649,2023-08-31,1,low_activity_cooling,0.0,0.0,0.1741304663865219
29649,2023-09-30,1,low_activity_cooling,0.0,0.0,0.2807513913858895
29649,2023-10-31,1,low_activity_cooling,0.0,0.0,0.3510225936726932
29649,2023-11-30,1,low_activity_cooling,0.0,0.0,0.1370841725430178
29649,2023-12-31,1,low_activity_cooling,0.0,0.0,0.1220742265690234
29650,2023-01-31,2,competitive_mid_market,0.0,-1.0,0.0073936054236643
29650,2023-02-28,2,competitive_mid_market,0.0,-1.0,0.0114505951131092
29650,2023-03-31,2,competitive_mid_market,0.0,-1.0,0.0166422144096564
29650,2023-04-30,2,competitive_mid_market,0.0,-1.0,0.0429337110901911
29650,2023-05-31,2,competitive_mid_market,0.0,-1.0,0.0587106851611574
29650,2023-06-30,2,competitive_mid_market,0.0,-1.0,0.0855257931591801
29650,2023-07-31,2,competitive_mid_market,0.0,-1.0,0.1297048095563262
29650,2023-08-31,2,competitive_mid_market,0.0,0.0,0.0946759452682006
29650,2023-09-30,2,competitive_mid_market,0.0,0.0,0.2165589035120978
29650,2023-10-31,2,competitive_mid_market,0.0,0.0,0.2904842876355136
29650,2023-11-30,2,competitive_mid_market,0.0,0.0,0.4456997039125026
29650,2023-12-31,2,competitive_mid_market,0.0,0.0,0.4555564602897693
29651,2023-01-31,2,competitive_mid_market,0.0,-1.0,0.0136814487798198
29651,2023-02-28,2,competitive_mid_market,0.0,-1.0,0.0165804755850639
29651,2023-03-31,2,competitive_mid_market,0.0,-1.0,0.0193152787854656
29651,2023-04-30,2,competitive_mid_market,0.0,-1.0,0.0289348672330518
29651,2023-05-31,2,competitive_mid_market,0.0,-1.0,0.0512362912067538
29651,2023-06-30,2,competitive_mid_market,0.0,-1.0,0.11364441994463
29651,2023-07-31,2,competitive_mid_market,0.0,-1.0,0.1518515545642411
29651,2023-08-31,2,competitive_mid_market,0.0,-1.0,0.3138507795952681
29651,2023-09-30,2,competitive_mid_market,0.0,-1.0,0.3320817342180903
29651,2023-10-31,2,competitive_mid_market,0.0,0.0,0.2358014367097308
29651,2023-11-30,2,competitive_mid_market,0.0,0.0,0.1771447809305494
29651,2023-12-31,2,competitive_mid_market,0.0,0.0,0.1932133424937393
29653,2023-01-31,4,moderate_supply_growing,0.0,0.0,0.1252272819028268
29653,2023-02-28,4,moderate_supply_growing,0.0,-1.0,0.0614721328647481
29653,2023-03-31,4,moderate_supply_growing,0.0,-1.0,0.5743654731875345
29653,2023-04-30,4,moderate_supply_growing,0.0,-1.0,0.690364349820113
29653,2023-05-31,4,moderate_supply_growing,0.0,-1.0,0.1051563554811559
29653,2023-06-30,4,moderate_supply_growing,0.0,-1.0,0.0571272234097515
29653,2023-07-31,4,moderate_supply_growing,0.0,-1.0,0.1106228558106201
29653,2023-08-31,4,moderate_supply_growing,0.0,-1.0,0.1151034476468788
29653,2023-09-30,4,moderate_supply_growing,0.0,-1.0,0.5983217426128403
29653,2023-10-31,4,moderate_supply_growing,0.0,-1.0,0.0906782335785584
29653,2023-11-30,4,moderate_supply_growing,0.0,-1.0,0.0291461735842188
29653,2023-12-31,4,moderate_supply_growing,0.0,-1.0,0.0539026483772096
29654,2023-01-31,3,affordable_high_demand,0.0,0.0,0.0448288220921151
29654,2023-02-28,3,affordable_high_demand,0.0,0.0,0.0832784133480813
29654,2023-03-31,3,affordable_high_demand,0.0,0.0,0.0806968063278864
29654,2023-04-30,3,affordable_high_demand,0.0,0.0,0.1939592221599172
29654,2023-05-31,3,affordable_high_demand,0.0,0.0,0.2404419177127998
29654,2023-06-30,3,affordable_high_demand,0.0,0.0,0.7040848363929882
29654,2023-07-31,3,affordable_high_demand,0.0,0.0,0.6097838293700147
29654,2023-08-31,3,affordable_high_demand,0.0,0.0,0.4058558823548163
29654,2023-09-30,3,affordable_high_demand,0.0,0.0,0.2255616181363533
29654,2023-10-31,3,affordable_high_demand,0.0,0.0,0.1593759046337108
29654,2023-11-30,3,affordable_high_demand,0.0,0.0,0.1385773415907871
29654,2023-12-31,3,affordable_high_demand,0.0,0.0,0.1203838825991353
29657,2023-01-31,3,affordable_high_demand,0.0,0.0,0.0276344041857816
29657,2023-02-28,3,affordable_high_demand,0.0,0.0,0.0151102983371711
29657,2023-03-31,3,affordable_high_demand,0.0,-1.0,0.0277941780645453
29657,2023-04-30,3,affordable_high_demand,0.0,0.0,0.0792691280115005
29657,2023-05-31,3,affordable_high_demand,0.0,-1.0,0.0673412971524571
29657,2023-06-30,3,affordable_high_demand,0.0,-1.0,0.1509891795012124
29657,2023-07-31,3,affordable_high_demand,0.0,-1.0,0.1194032808121253
29657,2023-08-31,3,affordable_high_demand,0.0,0.0,0.188095065250601
29657,2023-09-30,3,affordable_high_demand,0.0,0.0,0.0851581861853593
29657,2023-10-31,3,affordable_high_demand,0.0,0.0,0.1694140856268946
29657,2023-11-30,3,affordable_high_demand,0.0,0.0,0.1833712839873349
29657,2023-12-31,3,affordable_high_demand,0.0,0.0,0.249635474836455
29661,2023-01-31,1,low_activity_cooling,0.0,0.0,0.0175290038048105
29661,2023-02-28,1,low_activity_cooling,0.0,-1.0,0.0268367586495579
29661,2023-03-31,1,low_activity_cooling,0.0,0.0,0.0282175891168504
29661,2023-04-30,1,low_activity_cooling,0.0,0.0,0.0382633070488599
29661,2023-05-31,1,low_activity_cooling,0.0,0.0,0.0193477077240604
29661,2023-06-30,1,low_activity_cooling,0.0,0.0,0.0284070669629482
29661,2023-07-31,1,low_activity_cooling,0.0,0.0,0.1189108435389008
29661,2023-08-31,1,low_activity_cooling,0.0,0.0,0.1167396021057563
29661,2023-09-30,1,low_activity_cooling,0.0,0.0,0.2265716639418304
29661,2023-10-31,1,low_activity_cooling,0.0,0.0,0.3977948559676633
29661,2023-11-30,1,low_activity_cooling,0.0,0.0,0.2513143760001541
29661,2023-12-31,1,low_activity_cooling,0.0,0.0,0.2185570422223677
29662,2023-01-31,2,competitive_mid_market,0.0,-1.0,0.0114477015498832
29662,2023-02-28,2,competitive_mid_market,0.0,-1.0,0.0206615289871094
29662,2023-03-31,2,competitive_mid_market,0.0,0.0,0.019897658991587
29662,2023-04-30,2,competitive_mid_market,0.0,-1.0,0.0670503323789326
29662,2023-05-31,2,competitive_mid_market,0.0,-1.0,0.036045889010234
29662,2023-06-30,2,competitive_mid_market,0.0,-1.0,0.0623564725080271
29662,2023-07-31,2,competitive_mid_market,0.0,-1.0,0.0796745256284688
29662,2023-08-31,2,competitive_mid_market,0.0,0.0,0.1166618921501336
29662,2023-09-30,2,competitive_mid_market,0.0,0.0,0.0657572842081691
29662,2023-10-31,2,competitive_mid_market,0.0,0.0,0.0809540317168927
29662,2023-11-30,2,competitive_mid_market,0.0,0.0,0.1298617931854759
29662,2023-12-31,2,competitive_mid_market,0.0,0.0,0.1163853875854158
29664,2023-01-31,0,high_value_appreciating,0.0,-1.0,0.0098448625380294
29664,2023-02-28,0,high_value_appreciating,0.0,-1.0,0.0313143934774153
29664,2023-03-31,0,high_value_appreciating,0.0,-1.0,0.0456598922074643
29664,2023-04-30,0,high_value_appreciating,0.0,-1.0,0.4369619455668789
29664,2023-05-31,0,high_value_appreciating,0.0,-1.0,0.1629484356851261
29664,2023-06-30,0,high_value_appreciating,0.0,-1.0,0.42825399400731
29664,2023-07-31,0,high_value_appreciating,0.0,-1.0,0.4274900168039994
29664,2023-08-31,0,high_value_appreciating,0.0,0.0,0.3262174852900794
29664,2023-09-30,0,high_value_appreciating,0.0,-1.0,0.409012736225112
29664,2023-10-31,0,high_value_appreciating,0.0,-1.0,0.3529448161059267
29664,2023-11-30,0,high_value_appreciating,0.0,-1.0,0.333564618709313
29664,2023-12-31,0,high_value_appreciating,0.0,-1.0,0.2507651905158271
29666,2023-01-31,1,low_activity_cooling,0.0,0.0,0.0379066505144752
29666,2023-02-28,1,low_activity_cooling,0.0,0.0,0.05816374657873
29666,2023-03-31,1,low_activity_cooling,0.0,0.0,0.1400903666680542
29666,2023-04-30,1,low_activity_cooling,0.0,0.0,0.1286387400464566
29666,2023-05-31,1,low_activity_cooling,0.0,0.0,0.2140597024933255
29666,2023-06-30,1,low_activity_cooling,0.0,0.0,0.2083983548754403
29666,2023-07-31,1,low_activity_cooling,0.0,0.0,0.1176830604200032
29666,2023-08-31,1,low_activity_cooling,0.0,0.0,0.2305891488379988
29666,2023-09-30,1,low_activity_cooling,0.0,0.0,0.339367653482734
29666,2023-10-31,1,low_activity_cooling,0.0,0.0,0.1658615545522694
29666,2023-11-30,1,low_activity_cooling,0.0,0.0,0.0896644266993857
29666,2023-12-31,1,low_activity_cooling,0.0,0.0,0.0645072472601307
29669,2023-01-31,3,affordable_high_demand,0.0,0.0,0.0267134729583727
29669,2023-02-28,3,affordable_high_demand,0.0,-1.0,0.0385639833436351
29669,2023-03-31,3,affordable_high_demand,0.0,-1.0,0.0459771590384056
29669,2023-04-30,3,affordable_high_demand,0.0,-1.0,0.0887455118132015
29669,2023-05-31,3,affordable_high_demand,0.0,-1.0,0.1784286491138409
29669,2023-06-30,3,affordable_high_demand,0.0,0.0,0.2750401651815111
29669,2023-07-31,3,affordable_high_demand,0.0,0.0,0.2060240769351868
29669,2023-08-31,3,affordable_high_demand,0.0,0.0,0.1689330035665693
29669,2023-09-30,3,affordable_high_demand,0.0,-1.0,0.204147457475508
29669,2023-10-31,3,affordable_high_demand,0.0,0.0,0.1842921503000536
29669,2023-11-30,3,affordable_high_demand,0.0,0.0,0.3166820545214394
29669,2023-12-31,3,affordable_high_demand,0.0,0.0,0.186090097408734
29670,2023-01-31,3,affordable_high_demand,0.0,-1.0,0.0402932926168781
29670,2023-02-28,3,affordable_high_demand,0.0,-1.0,0.0385522308747297
29670,2023-03-31,3,affordable_high_demand,0.0,0.0,0.0633098102525592
29670,2023-04-30,3,affordable_high_demand,0.0,0.0,0.1607254699147094
29670,2023-05-31,3,affordable_high_demand,0.0,0.0,0.4827314020345762
29670,2023-06-30,3,affordable_high_demand,0.0,0.0,0.7922565658200709
29670,2023-07-31,3,affordable_high_demand,0.0,0.0,0.4187681757387161
29670,2023-08-31,3,affordable_high_demand,0.0,0.0,0.3663478825662341
29670,2023-09-30,3,affordable_high_demand,0.0,0.0,0.3045544338699234
29670,2023-10-31,3,affordable_high_demand,0.0,0.0,0.2956188842056004
29670,2023-11-30,3,affordable_high_demand,0.0,0.0,0.165693982232653
29670,2023-12-31,3,affordable_high_demand,0.0,0.0,0.1168168575991741
29671,2023-01-31,3,affordable_high_demand,0.0,-1.0,0.0115625821377742
29671,2023-02-28,3,affordable_high_demand,0.0,-1.0,0.015230556720992
29671,2023-03-31,3,affordable_high_demand,0.0,-1.0,0.0386634920170781
29671,2023-04-30,3,affordable_high_demand,0.0,-1.0,0.0295393776675786
29671,2023-05-31,3,affordable_high_demand,0.0,-1.0,0.0704481292143176
29671,2023-06-30,3,affordable_high_demand,0.0,-1.0,0.1173790503598745
29671,2023-07-31,3,affordable_high_demand,0.0,-1.0,0.2508760839410826
29671,2023-08-31,3,affordable_high_demand,0.0,0.0,0.4194572368358195
29671,2023-09-30,3,affordable_high_demand,0.0,0.0,0.6313329155886893
29671,2023-10-31,3,affordable_high_demand,0.0,0.0,0.4324788458688776
29671,2023-11-30,3,affordable_high_demand,0.0,0.0,0.4145413799517604
29671,2023-12-31,3,affordable_high_demand,0.0,0.0,0.3507747229717852
29672,2023-01-31,0,high_value_appreciating,0.0,-1.0,0.0219983938794486
29672,2023-02-28,0,high_value_appreciating,0.0,-1.0,0.0216335133274399
29672,2023-03-31,0,high_value_appreciating,0.0,-1.0,0.0191594050833778
29672,2023-04-30,0,high_value_appreciating,0.0,-1.0,0.0308431782698255
29672,2023-05-31,0,high_value_appreciating,0.0,-1.0,0.074093699803722
29672,2023-06-30,0,high_value_appreciating,0.0,-1.0,0.2920368603850851
29672,2023-07-31,0,high_value_appreciating,0.0,-1.0,0.3396224425319463
29672,2023-08-31,0,high_value_appreciating,0.0,-1.0,0.4512073546294616
29672,2023-09-30,0,high_value_appreciating,0.0,0.0,0.5488355476446276
29672,2023-10-31,0,high_value_appreciating,0.0,0.0,0.4744711106713803
29672,2023-11-30,0,high_value_appreciating,0.0,0.0,0.2016423924525706
29672,2023-12-31,0,high_value_appreciating,0.0,0.0,0.1357805197794964
29673,2023-01-31,2,competitive_mid_market,0.0,0.0,0.0627120024067442
29673,2023-02-28,2,competitive_mid_market,0.0,0.0,0.0966003446262507
29673,2023-03-31,2,competitive_mid_market,0.0,0.0,0.0763876662666077
29673,2023-04-30,2,competitive_mid_market,0.0,0.0,0.0632234166216165
29673,2023-05-31,2,competitive_mid_market,0.0,-1.0,0.0839066422687775
29673,2023-06-30,2,competitive_mid_market,0.0,0.0,0.155514945239547
29673,2023-07-31,2,competitive_mid_market,0.0,-1.0,0.2269402339974953
29673,2023-08-31,2,competitive_mid_market,0.0,-1.0,0.3508602115346958
29673,2023-09-30,2,competitive_mid_market,0.0,-1.0,0.2386029449152538
29673,2023-10-31,2,competitive_mid_market,0.0,0.0,0.310064894055759
29673,2023-11-30,2,competitive_mid_market,0.0,-1.0,0.2111281462466498
29673,2023-12-31,2,competitive_mid_market,0.0,-1.0,0.171464103772482
29676,2023-01-31,0,high_value_appreciating,0.0,-1.0,0.0140576992136141
29676,2023-02-28,0,high_value_appreciating,0.0,-1.0,0.0226531878549109
29676,2023-03-31,0,high_value_appreciating,0.0,-1.0,0.0244380582757525
29676,2023-04-30,0,high_value_appreciating,0.0,-1.0,0.0448232590686781
29676,2023-05-31,0,high_value_appreciating,0.0,-1.0,0.0808357066388086
29676,2023-06-30,0,high_value_appreciating,0.0,-1.0,0.1904662329366969
29676,2023-07-31,0,high_value_appreciating,0.0,-1.0,0.2188984461513159
29676,2023-08-31,0,high_value_appreciating,0.0,0.0,0.5175848561554133
29676,2023-09-30,0,high_value_appreciating,0.0,0.0,0.3952467273689009
29676,2023-10-31,0,high_value_appreciating,0.0,0.0,0.5129191649322543
29676,2023-11-30,0,high_value_appreciating,0.0,0.0,0.4586325762644337
29676,2023-12-31,0,high_value_appreciating,0.0,0.0,0.5098303013353103
29678,2023-01-31,3,affordable_high_demand,0.0,-1.0,0.0135766085553442
29678,2023-02-28,3,affordable_high_demand,0.0,-1.0,0.0249639474548235
29678,2023-03-31,3,affordable_high_demand,0.0,-1.0,0.056636833540861
29678,2023-04-30,3,affordable_high_demand,0.0,-1.0,0.0843398308385749
29678,2023-05-31,3,affordable_high_demand,0.0,-1.0,0.1186317697278733
29678,2023-06-30,3,affordable_high_demand,0.0,0.0,0.3583890333397706
29678,2023-07-31,3,affordable_high_demand,0.0,0.0,0.2758558840385155
29678,2023-08-31,3,affordable_high_demand,0.0,0.0,0.3174041421577999
29678,2023-09-30,3,affordable_high_demand,0.0,0.0,0.6120955500409648
29678,2023-10-31,3,affordable_high_demand,0.0,0.0,0.4181715657967419
29678,2023-11-30,3,affordable_high_demand,0.0,0.0,0.2487384691561788
29678,2023-12-31,3,affordable_high_demand,0.0,0.0,0.1075484093849124
29680,2023-01-31,2,competitive_mid_market,0.0,-1.0,0.0117205691557273
29680,2023-02-28,2,competitive_mid_market,0.0,-1.0,0.0129391751186465
29680,2023-03-31,2,competitive_mid_market,0.0,-1.0,0.0168389560207138
29680,2023-04-30,2,competitive_mid_market,0.0,-1.0,0.026082264046419
29680,2023-05-31,2,competitive_mid_market,0.0,-1.0,0.0552286810097082
29680,2023-06-30,2,competitive_mid_market,0.0,-1.0,0.1486558300874275
29680,2023-07-31,2,competitive_mid_market,0.0,-1.0,0.0858834707576561
29680,2023-08-31,2,competitive_mid_market,0.0,-1.0,0.1044750150995955
29680,2023-09-30,2,competitive_mid_market,0.0,0.0,0.2516955940366659
29680,2023-10-31,2,competitive_mid_market,0.0,0.0,0.1765808717130308
29680,2023-11-30,2,competitive_mid_market,0.0,0.0,0.1764838686960205
29680,2023-12-31,2,competitive_mid_market,0.0,0.0,0.129904828521559
29681,2023-01-31,2,competitive_mid_market,0.0,-1.0,0.0082756951068057
29681,2023-02-28,2,competitive_mid_market,0.0,-1.0,0.0143256174010596
29681,2023-03-31,2,competitive_mid_market,0.0,-1.0,0.0149997631606711
29681,2023-04-30,2,competitive_mid_market,0.0,-1.0,0.0205432510972862
29681,2023-05-31,2,competitive_mid_market,0.0,-1.0,0.0389327000597476
29681,2023-06-30,2,competitive_mid_market,0.0,-1.0,0.0619599266007293
29681,2023-07-31,2,competitive_mid_market,0.0,-1.0,0.1483836312796713
29681,2023-08-31,2,competitive_mid_market,0.0,-1.0,0.2900486520672662
29681,2023-09-30,2,competitive_mid_market,0.0,-1.0,0.3925447639270093
29681,2023-10-31,2,competitive_mid_market,0.0,0.0,0.2066727003098669
29681,2023-11-30,2,competitive_mid_market,0.0,0.0,0.1481139230420048
29681,2023-12-31,2,competitive_mid_market,0.0,0.0,0.2000266111905628
29682,2023-01-31,0,high_value_appreciating,0.0,-1.0,0.0151701352303898
29682,2023-02-28,0,high_value_appreciating,0.0,-1.0,0.010896293557327
29682,2023-03-31,0,high_value_appreciating,0.0,-1.0,0.0159225189145736
29682,2023-04-30,0,high_value_appreciating,0.0,-1.0,0.0627404191633495
29682,2023-05-31,0,high_value_appreciating,0.0,-1.0,0.2314620330383498
29682,2023-06-30,0,high_value_appreciating,0.0,0.0,0.2307553802498778
29682,2023-07-31,0,high_value_appreciating,0.0,-1.0,0.116054724395483
29682,2023-08-31,0,high_value_appreciating,0.0,0.0,0.243220375416644
29682,2023-09-30,0,high_value_appreciating,0.0,0.0,0.3087183272683453
29682,2023-10-31,0,high_value_appreciating,0.0,0.0,0.4676719704123825
29682,2023-11-30,0,high_value_appreciating,0.0,0.0,0.4413818370630665
29682,2023-12-31,0,high_value_appreciating,0.0,0.0,0.2545463267157081
29684,2023-01-31,4,moderate_supply_growing,0.0,-1.0,0.0398228569648741
29684,2023-02-28,4,moderate_supply_growing,0.0,-1.0,0.0317978261489989
29684,2023-03-31,4,moderate_supply_growing,0.0,-1.0,0.0389767263768584
29684,2023-04-30,4,moderate_supply_growing,0.0,-1.0,0.0646199288480964
29684,2023-05-31,4,moderate_supply_growing,0.0,-1.0,0.1172753076661838
29684,2023-06-30,4,moderate_supply_growing,0.0,-1.0,0.1084190287334382
29684,2023-07-31,4,moderate_supply_growing,0.0,0.0,0.184981063929773
29684,2023-08-31,4,moderate_supply_growing,0.0,0.0,0.432684929587103
29684,2023-09-30,4,moderate_supply_growing,0.0,0.0,0.1687735592482082
29684,2023-10-31,4,moderate_supply_growing,0.0,0.0,0.2003784768572683
29684,2023-11-30,4,moderate_supply_growing,0.0,0.0,0.0812672970960954
29684,2023-12-31,4,moderate_supply_growing,0.0,0.0,0.0555397650518156
29686,2023-01-31,4,moderate_supply_growing,0.0,0.0,0.0273901161290767
29686,2023-02-28,4,moderate_supply_growing,0.0,0.0,0.0230966139241627
29686,2023-03-31,4,moderate_supply_growing,0.0,0.0,0.0247064527270808
29686,2023-04-30,4,moderate_supply_growing,0.0,0.0,0.0979462747706489
29686,2023-05-31,4,moderate_supply_growing,0.0,0.0,0.2138542520767604
29686,2023-06-30,4,moderate_supply_growing,0.0,0.0,0.566510093145254
29686,2023-07-31,4,moderate_supply_growing,1.0,1.0,0.2069749378540439
29686,2023-08-31,4,moderate_supply_growing,1.0,1.0,0.4949526095388742
29686,2023-09-30,4,moderate_supply_growing,1.0,1.0,0.822049683743152
29686,2023-10-31,4,moderate_supply_growing,1.0,1.0,0.6749128454055495
29686,2023-11-30,4,moderate_supply_growing,1.0,1.0,0.4104304456130792
29686,2023-12-31,4,moderate_supply_growing,0.0,0.0,0.0725572573767078
29687,2023-01-31,2,competitive_mid_market,0.0,-1.0,0.0087664144868112
29687,2023-02-28,2,competitive_mid_market,0.0,-1.0,0.0127143651611713
29687,2023-03-31,2,competitive_mid_market,0.0,-1.0,0.0191444998713419
29687,2023-04-30,2,competitive_mid_market,0.0,-1.0,0.0330538338282664
29687,2023-05-31,2,competitive_mid_market,0.0,-1.0,0.0598773870654181
29687,2023-06-30,2,competitive_mid_market,0.0,-1.0,0.1135757296808882
29687,2023-07-31,2,competitive_mid_market,0.0,-1.0,0.1884632623094006
29687,2023-08-31,2,competitive_mid_market,0.0,-1.0,0.3773401677915754
29687,2023-09-30,2,competitive_mid_market,0.0,-1.0,0.3409725129332799
29687,2023-10-31,2,competitive_mid_market,0.0,-1.0,0.2877996426398279
29687,2023-11-30,2,competitive_mid_market,0.0,0.0,0.356500768589697
29687,2023-12-31,2,competitive_mid_market,0.0,0.0,0.297235315775152
29689,2023-01-31,3,affordable_high_demand,0.0,-1.0,0.147939154447295
29689,2023-02-28,3,affordable_high_demand,0.0,0.0,0.1978358077217174
29689,2023-03-31,3,affordable_high_demand,0.0,0.0,0.0485669708775078
29689,2023-04-30,3,affordable_high_demand,0.0,-1.0,0.117828702295133
29689,2023-05-31,3,affordable_high_demand,0.0,-1.0,0.08235728992503
29689,2023-06-30,3,affordable_high_demand,0.0,-1.0,0.2830230391725544
29689,2023-07-31,3,affordable_high_demand,0.0,-1.0,0.6549061351890934
29689,2023-08-31,3,affordable_high_demand,0.0,0.0,0.5546589807690305
29689,2023-09-30,3,affordable_high_demand,0.0,0.0,0.5564957552868977
29689,2023-10-31,3,affordable_high_demand,0.0,0.0,0.3422042316116931
29689,2023-11-30,3,affordable_high_demand,0.0,0.0,0.1850573762469914
29689,2023-12-31,3,affordable_high_demand,0.0,0.0,0.144366368800366
29690,2023-01-31,2,competitive_mid_market,0.0,-1.0,0.0168980326551173
29690,2023-02-28,2,competitive_mid_market,0.0,-1.0,0.0181133039243743
29690,2023-03-31,2,competitive_mid_market,0.0,-1.0,0.019795248036239
29690,2023-04-30,2,competitive_mid_market,0.0,0.0,0.0264377139751387
29690,2023-05-31,2,competitive_mid_market,0.0,-1.0,0.0446427586735756
29690,2023-06-30,2,competitive_mid_market,0.0,-1.0,0.0594221595294006
29690,2023-07-31,2,competitive_mid_market,0.0,-1.0,0.1532297279255806
29690,2023-08-31,2,competitive_mid_market,0.0,0.0,0.3458080377544951
29690,2023-09-30,2,competitive_mid_market,0.0,0.0,0.3232506334372484
29690,2023-10-31,2,competitive_mid_market,0.0,0.0,0.3308157200893705
29690,2023-11-30,2,competitive_mid_market,0.0,0.0,0.3170949566808183
29690,2023-12-31,2,competitive_mid_market,0.0,0.0,0.1829921848686858
29691,2023-01-31,3,affordable_high_demand,0.0,-1.0,0.0325110225153606
29691,2023-02-28,3,affordable_high_demand,0.0,-1.0,0.0169543077178148
29691,2023-03-31,3,affordable_high_demand,0.0,0.0,0.0425406909688156
29691,2023-04-30,3,affordable_high_demand,0.0,-1.0,0.0406010392673459
29691,2023-05-31,3,affordable_high_demand,0.0,-1.0,0.0462362902067275
29691,2023-06-30,3,affordable_high_demand,0.0,-1.0,0.1761569855876628
29691,2023-07-31,3,affordable_high_demand,0.0,-1.0,0.2758956374959435
29691,2023-08-31,3,affordable_high_demand,0.0,-1.0,0.3442551303411904
29691,2023-09-30,3,affordable_high_demand,0.0,0.0,0.6619784926386442
29691,2023-10-31,3,affordable_high_demand,0.0,0.0,0.6306982896260332
29691,2023-11-30,3,affordable_high_demand,0.0,0.0,0.6713251197564803
29691,2023-12-31,3,affordable_high_demand,0.0,0.0,0.4464439964535889
29692,2023-01-31,1,low_activity_cooling,0.0,-1.0,0.0180157487788894
29692,2023-02-28,1,low_activity_cooling,0.0,-1.0,0.0114155670073076
29692,2023-03-31,1,low_activity_cooling,0.0,-1.0,0.021125459138179
29692,2023-04-30,1,low_activity_cooling,0.0,-1.0,0.0433674045224378
29692,2023-05-31,1,low_activity_cooling,0.0,-1.0,0.2341950785148091
29692,2023-06-30,1,low_activity_cooling,0.0,-1.0,0.1121652731124587
29692,2023-07-31,1,low_activity_cooling,0.0,-1.0,0.2431424445181499
29692,2023-08-31,1,low_activity_cooling,0.0,-1.0,0.2223256399236826
29692,2023-09-30,1,low_activity_cooling,0.0,-1.0,0.3667285290895557
29692,2023-10-31,1,low_activity_cooling,0.0,0.0,0.2526190211153607
29692,2023-11-30,1,low_activity_cooling,0.0,0.0,0.2905196723341636
29692,2023-12-31,1,low_activity_cooling,0.0,0.0,0.0774620046626982
29693,2023-01-31,1,low_activity_cooling,0.0,-1.0,0.0198638610392587
29693,2023-02-28,1,low_activity_cooling,0.0,-1.0,0.0133348756821421
29693,2023-03-31,1,low_activity_cooling,0.0,-1.0,0.0173990064618643
29693,2023-04-30,1,low_activity_cooling,0.0,-1.0,0.1144282428553701
29693,2023-05-31,1,low_activity_cooling,0.0,-1.0,0.1534166243204801
29693,2023-06-30,1,low_activity_cooling,0.0,-1.0,0.3131183095924857
29693,2023-07-31,1,low_activity_cooling,0.0,-1.0,0.3874509913266382
29693,2023-08-31,1,low_activity_cooling,0.0,0.0,0.5546104017910268
29693,2023-09-30,1,low_activity_cooling,0.0,0.0,0.5992822010231145
29693,2023-10-31,1,low_activity_cooling,0.0,0.0,0.3289081671763207
29693,2023-11-30,1,low_activity_cooling,0.0,0.0,0.4802778375732567
29693,2023-12-31,1,low_activity_cooling,0.0,0.0,0.241379790287759
29696,2023-01-31,0,high_value_appreciating,0.0,0.0,0.0265595830932484
29696,2023-02-28,0,high_value_appreciating,0.0,0.0,0.0445791607061904
29696,2023-03-31,0,high_value_appreciating,0.0,-1.0,0.0425081950622277
29696,2023-04-30,0,high_value_appreciating,0.0,-1.0,0.1084660801435852
29696,2023-05-31,0,high_value_appreciating,0.0,0.0,0.1768655975931344
29696,2023-06-30,0,high_value_appreciating,0.0,0.0,0.258938047886997
29696,2023-07-31,0,high_value_appreciating,0.0,0.0,0.3044429434830341
29696,2023-08-31,0,high_value_appreciating,0.0,0.0,0.3568255037179933
29696,2023-09-30,0,high_value_appreciating,0.0,0.0,0.5354030035336448
29696,2023-10-31,0,high_value_appreciating,0.0,0.0,0.3795156698811814
29696,2023-11-30,0,high_value_appreciating,0.0,0.0,0.2334480063993509
29696,2023-12-31,0,high_value_appreciating,0.0,0.0,0.1678169928270621
29697,2023-01-31,3,affordable_high_demand,0.0,-1.0,0.0519129183636146
29697,2023-02-28,3,affordable_high_demand,0.0,0.0,0.0330922542474094
29697,2023-03-31,3,affordable_high_demand,0.0,-1.0,0.036107110033532
29697,2023-04-30,3,affordable_high_demand,0.0,-1.0,0.1022225768931952
29697,2023-05-31,3,affordable_high_demand,0.0,0.0,0.4858800524111616
29697,2023-06-30,3,affordable_high_demand,0.0,0.0,0.8283643166351502
29697,2023-07-31,3,affordable_high_demand,0.0,0.0,0.7549713807995582
29697,2023-08-31,3,affordable_high_demand,0.0,0.0,0.531853933218929
29697,2023-09-30,3,affordable_high_demand,0.0,0.0,0.2640160179584512
29697,2023-10-31,3,affordable_high_demand,0.0,0.0,0.4299155383526028
29697,2023-11-30,3,affordable_high_demand,0.0,0.0,0.1184182387589408
29697,2023-12-31,3,affordable_high_demand,0.0,0.0,0.0471583332546802
29704,2023-01-31,4,moderate_supply_growing,0.0,-1.0,0.0192061312750867
29704,2023-02-28,4,moderate_supply_growing,0.0,-1.0,0.007374224702376
29704,2023-03-31,4,moderate_supply_growing,0.0,-1.0,0.0094751796143586
29704,2023-04-30,4,moderate_supply_growing,0.0,-1.0,0.0220399642889664
29704,2023-05-31,4,moderate_supply_growing,0.0,-1.0,0.0175888283229408
29704,2023-06-30,4,moderate_supply_growing,0.0,-1.0,0.3063514878420496
29704,2023-07-31,4,moderate_supply_growing,0.0,0.0,0.4340089703070612
29704,2023-08-31,4,moderate_supply_growing,0.0,0.0,0.5085870501542142
29704,2023-09-30,4,moderate_supply_growing,0.0,0.0,0.7922508187945437
29704,2023-10-31,4,moderate_supply_growing,1.0,1.0,0.7128338126372376
29704,2023-11-30,4,moderate_supply_growing,1.0,1.0,0.765609983042287
29704,2023-12-31,4,moderate_supply_growing,1.0,1.0,0.6997335956452176
29706,2023-01-31,0,high_value_appreciating,0.0,-1.0,0.0267435481702103
29706,2023-02-28,0,high_value_appreciating,0.0,-1.0,0.0143744642000248
29706,2023-03-31,0,high_value_appreciating,0.0,-1.0,0.0340976332460346
29706,2023-04-30,0,high_value_appreciating,0.0,-1.0,0.0478053454766826
29706,2023-05-31,0,high_value_appreciating,0.0,-1.0,0.1241392971286577
29706,2023-06-30,0,high_value_appreciating,0.0,0.0,0.2412198300281074
29706,2023-07-31,0,high_value_appreciating,0.0,0.0,0.3681201451790426
29706,2023-08-31,0,high_value_appreciating,0.0,0.0,0.4093483028512758
29706,2023-09-30,0,high_value_appreciating,0.0,0.0,0.68190334630544
29706,2023-10-31,0,high_value_appreciating,0.0,0.0,0.3105010496350247
29706,2023-11-30,0,high_value_appreciating,0.0,0.0,0.3793589958117365
29706,2023-12-31,0,high_value_appreciating,0.0,0.0,0.2664457573203506
29707,2023-01-31,2,competitive_mid_market,0.0,-1.0,0.015517943933128
29707,2023-02-28,2,competitive_mid_market,0.0,-1.0,0.0181881987912797
29707,2023-03-31,2,competitive_mid_market,0.0,-1.0,0.0120430533983299
29707,2023-04-30,2,competitive_mid_market,0.0,-1.0,0.0523009823829849
29707,2023-05-31,2,competitive_mid_market,0.0,-1.0,0.2432401347624753
29707,2023-06-30,2,competitive_mid_market,0.0,-1.0,0.537284967375471
29707,2023-07-31,2,competitive_mid_market,0.0,-1.0,0.6444975515499364
29707,2023-08-31,2,competitive_mid_market,0.0,0.0,0.4880889860904329
29707,2023-09-30,2,competitive_mid_market,0.0,0.0,0.3969105733749039
29707,2023-10-31,2,competitive_mid_market,0.0,0.0,0.397331788874966
29707,2023-11-30,2,competitive_mid_market,0.0,0.0,0.3641154308587914
29707,2023-12-31,2,competitive_mid_market,0.0,0.0,0.4033387255994464
29708,2023-01-31,2,competitive_mid_market,0.0,-1.0,0.021806358496118
29708,2023-02-28,2,competitive_mid_market,0.0,-1.0,0.0171049462733705
29708,2023-03-31,2,competitive_mid_market,0.0,-1.0,0.0328995643376055
29708,2023-04-30,2,competitive_mid_market,0.0,-1.0,0.0798771550247785
29708,2023-05-31,2,competitive_mid_market,0.0,-1.0,0.3252246534238815
29708,2023-06-30,2,competitive_mid_market,0.0,-1.0,0.6584844450973653
29708,2023-07-31,2,competitive_mid_market,0.0,0.0,0.7305457933005858
29708,2023-08-31,2,competitive_mid_market,0.0,0.0,0.8115766858874818
29708,2023-09-30,2,competitive_mid_market,0.0,0.0,0.6021629362449281
29708,2023-10-31,2,competitive_mid_market,0.0,0.0,0.4550553323091207
29708,2023-11-30,2,competitive_mid_market,0.0,0.0,0.3902417332523121
29708,2023-12-31,2,competitive_mid_market,0.0,0.0,0.5803248133336465
29710,2023-01-31,2,competitive_mid_market,0.0,-1.0,0.0132483386793211
29710,2023-02-28,2,competitive_mid_market,0.0,-1.0,0.0178049878592066
29710,2023-03-31,2,competitive_mid_market,0.0,-1.0,0.0501953103910363
29710,2023-04-30,2,competitive_mid_market,0.0,-1.0,0.178638668547968
29710,2023-05-31,2,competitive_mid_market,0.0,-1.0,0.3547593745294728
29710,2023-06-30,2,competitive_mid_market,0.0,-1.0,0.4013355421328427
29710,2023-07-31,2,competitive_mid_market,0.0,0.0,0.4717443471959512
29710,2023-08-31,2,competitive_mid_market,0.0,0.0,0.5261448795833241
29710,2023-09-30,2,competitive_mid_market,0.0,0.0,0.4281020560432986
29710,2023-10-31,2,competitive_mid_market,0.0,0.0,0.4000388435033278
29710,2023-11-30,2,competitive_mid_market,0.0,0.0,0.3651912069491762
29710,2023-12-31,2,competitive_mid_market,0.0,0.0,0.3213406497974025
29714,2023-01-31,4,moderate_supply_growing,0.0,-1.0,0.1444170539675782
29714,2023-02-28,4,moderate_supply_growing,0.0,-1.0,0.1680707686965052
29714,2023-03-31,4,moderate_supply_growing,0.0,0.0,0.2524712005719608
29714,2023-04-30,4,moderate_supply_growing,0.0,-1.0,0.3893471894984405
29714,2023-05-31,4,moderate_supply_growing,0.0,-1.0,0.5265786921845138
29714,2023-06-30,4,moderate_supply_growing,0.0,-1.0,0.5758834277722393
29714,2023-07-31,4,moderate_supply_growing,0.0,-1.0,0.531885760080484
29714,2023-08-31,4,moderate_supply_growing,0.0,-1.0,0.5422641006357443
29714,2023-09-30,4,moderate_supply_growing,0.0,0.0,0.4527183299857903
29714,2023-10-31,4,moderate_supply_growing,0.0,0.0,0.1767046991058285
29714,2023-11-30,4,moderate_supply_growing,0.0,0.0,0.5013083263078273
29714,2023-12-31,4,moderate_supply_growing,0.0,0.0,0.3397159484986818
29715,2023-01-31,2,competitive_mid_market,0.0,-1.0,0.0116617888991347
29715,2023-02-28,2,competitive_mid_market,0.0,-1.0,0.0138654163714518
29715,2023-03-31,2,competitive_mid_market,0.0,-1.0,0.0176719861025198
29715,2023-04-30,2,competitive_mid_market,0.0,-1.0,0.1411835998819499
29715,2023-05-31,2,competitive_mid_market,0.0,-1.0,0.3338602939383923
29715,2023-06-30,2,competitive_mid_market,0.0,-1.0,0.6469324634808579
29715,2023-07-31,2,competitive_mid_market,0.0,-1.0,0.6359430634005849
29715,2023-08-31,2,competitive_mid_market,0.0,0.0,0.3851611761142794
29715,2023-09-30,2,competitive_mid_market,0.0,0.0,0.3690154495046222
29715,2023-10-31,2,competitive_mid_market,0.0,0.0,0.4167569805178651
29715,2023-11-30,2,competitive_mid_market,0.0,0.0,0.3305304020566286
29715,2023-12-31,2,competitive_mid_market,0.0,0.0,0.5475560729971596
29720,2023-01-31,3,affordable_high_demand,0.0,-1.0,0.0139057635831237
29720,2023-02-28,3,affordable_high_demand,0.0,-1.0,0.0137721591959435
29720,2023-03-31,3,affordable_high_demand,0.0,-1.0,0.0219665516241697
29720,2023-04-30,3,affordable_high_demand,0.0,-1.0,0.0474810886323808
29720,2023-05-31,3,affordable_high_demand,0.0,-1.0,0.1831721813027838
29720,2023-06-30,3,affordable_high_demand,0.0,-1.0,0.3980783831352201
29720,2023-07-31,3,affordable_high_demand,0.0,0.0,0.2743672477347043
29720,2023-08-31,3,affordable_high_demand,0.0,0.0,0.4374158669519446
29720,2023-09-30,3,affordable_high_demand,0.0,0.0,0.3537768272136793
29720,2023-10-31,3,affordable_high_demand,0.0,0.0,0.3336239070788295
29720,2023-11-30,3,affordable_high_demand,0.0,0.0,0.2171823715882857
29720,2023-12-31,3,affordable_high_demand,0.0,0.0,0.1743971135124273
29730,2023-01-31,3,affordable_high_demand,0.0,-1.0,0.0191780585619608
29730,2023-02-28,3,affordable_high_demand,0.0,-1.0,0.0182994812165882
29730,2023-03-31,3,affordable_high_demand,0.0,-1.0,0.0293239921251328
29730,2023-04-30,3,affordable_high_demand,0.0,-1.0,0.0623439279221653
29730,2023-05-31,3,affordable_high_demand,0.0,-1.0,0.2289435343378599
29730,2023-06-30,3,affordable_high_demand,0.0,0.0,0.3562855692227417
29730,2023-07-31,3,affordable_high_demand,0.0,0.0,0.5090771985853249
29730,2023-08-31,3,affordable_high_demand,0.0,0.0,0.6901818123619318
29730,2023-09-30,3,affordable_high_demand,0.0,0.0,0.7182366039316046
29730,2023-10-31,3,affordable_high_demand,0.0,0.0,0.6484097976919396
29730,2023-11-30,3,affordable_high_demand,0.0,0.0,0.3140066433441008
29730,2023-12-31,3,affordable_high_demand,0.0,0.0,0.3852557568688186
29732,2023-01-31,3,affordable_high_demand,0.0,-1.0,0.013903157470793
29732,2023-02-28,3,affordable_high_demand,0.0,-1.0,0.0131801900242525
29732,2023-03-31,3,affordable_high_demand,0.0,-1.0,0.0209598739020954
29732,2023-04-30,3,affordable_high_demand,0.0,-1.0,0.1415138209216832
29732,2023-05-31,3,affordable_high_demand,0.0,-1.0,0.2824378434717413
29732,2023-06-30,3,affordable_high_demand,0.0,-1.0,0.5857655002251478
29732,2023-07-31,3,affordable_high_demand,0.0,-1.0,0.6773893946769133
29732,2023-08-31,3,affordable_high_demand,0.0,0.0,0.5923252825860977
29732,2023-09-30,3,affordable_high_demand,0.0,0.0,0.5663861505987123
29732,2023-10-31,3,affordable_high_demand,0.0,0.0,0.4644447346414877
29732,2023-11-30,3,affordable_high_demand,0.0,0.0,0.3805581356888988
29732,2023-12-31,3,affordable_high_demand,0.0,0.0,0.5500754129345321
29742,2023-01-31,4,moderate_supply_growing,0.0,-1.0,0.0117807403326148
29742,2023-02-28,4,moderate_supply_growing,0.0,-1.0,0.0122702291027038
29742,2023-03-31,4,moderate_supply_growing,0.0,-1.0,0.0141491388480168
29742,2023-04-30,4,moderate_supply_growing,0.0,-1.0,0.445679090162221
29742,2023-05-31,4,moderate_supply_growing,0.0,0.0,0.5807544263382522
29742,2023-06-30,4,moderate_supply_growing,0.0,0.0,0.2365060795631731
29742,2023-07-31,4,moderate_supply_growing,0.0,0.0,0.4957643863875401
29742,2023-08-31,4,moderate_supply_growing,0.0,0.0,0.6660848996386254
29742,2023-09-30,4,moderate_supply_growing,0.0,0.0,0.7427744088304812
29742,2023-10-31,4,moderate_supply_growing,0.0,0.0,0.6926514046867783
29742,2023-11-30,4,moderate_supply_growing,0.0,0.0,0.6798927024391064
29742,2023-12-31,4,moderate_supply_growing,0.0,0.0,0.5279685433219862
29745,2023-01-31,3,affordable_high_demand,0.0,-1.0,0.0227560159711412
29745,2023-02-28,3,affordable_high_demand,0.0,-1.0,0.0259716487935534
29745,2023-03-31,3,affordable_high_demand,0.0,-1.0,0.0386519368564393
29745,2023-04-30,3,affordable_high_demand,0.0,-1.0,0.1083403718137709
29745,2023-05-31,3,affordable_high_demand,0.0,-1.0,0.0691791856574205
29745,2023-06-30,3,affordable_high_demand,0.0,-1.0,0.2637712979521347
29745,2023-07-31,3,affordable_high_demand,0.0,-1.0,0.228995109156136
29745,2023-08-31,3,affordable_high_demand,0.0,0.0,0.2577836924474257
29745,2023-09-30,3,affordable_high_demand,0.0,0.0,0.3050375848602025
29745,2023-10-31,3,affordable_high_demand,0.0,0.0,0.3538856086107376
29745,2023-11-30,3,affordable_high_demand,0.0,0.0,0.3619020705280789
29745,2023-12-31,3,affordable_high_demand,0.0,0.0,0.3696789944211881
29801,2023-01-31,1,low_activity_cooling,0.0,-1.0,0.0453824335117958
29801,2023-02-28,1,low_activity_cooling,0.0,-1.0,0.0450779960401384
29801,2023-03-31,1,low_activity_cooling,0.0,-1.0,0.0435876556789803
29801,2023-04-30,1,low_activity_cooling,0.0,-1.0,0.0366551071054156
29801,2023-05-31,1,low_activity_cooling,0.0,-1.0,0.1063461626676165
29801,2023-06-30,1,low_activity_cooling,0.0,0.0,0.1220037944857494
29801,2023-07-31,1,low_activity_cooling,0.0,0.0,0.0861513821396557
29801,2023-08-31,1,low_activity_cooling,0.0,0.0,0.0806618657543563
29801,2023-09-30,1,low_activity_cooling,0.0,0.0,0.0722569750699936
29801,2023-10-31,1,low_activity_cooling,0.0,0.0,0.0868482862574984
29801,2023-11-30,1,low_activity_cooling,0.0,0.0,0.1041742418544576
29801,2023-12-31,1,low_activity_cooling,0.0,0.0,0.057352212875873
29803,2023-01-31,2,competitive_mid_market,0.0,-1.0,0.0159666884469055
29803,2023-02-28,2,competitive_mid_market,0.0,-1.0,0.0207389807497751
29803,2023-03-31,2,competitive_mid_market,0.0,-1.0,0.0556745244045645
29803,2023-04-30,2,competitive_mid_market,0.0,-1.0,0.0845149256417804
29803,2023-05-31,2,competitive_mid_market,0.0,-1.0,0.1127647337291233
29803,2023-06-30,2,competitive_mid_market,0.0,-1.0,0.160638567060378
29803,2023-07-31,2,competitive_mid_market,0.0,-1.0,0.1772466465259057
29803,2023-08-31,2,competitive_mid_market,0.0,0.0,0.2418343754156172
29803,2023-09-30,2,competitive_mid_market,0.0,0.0,0.1930456790927815
29803,2023-10-31,2,competitive_mid_market,0.0,0.0,0.3183573430412575
29803,2023-11-30,2,competitive_mid_market,0.0,0.0,0.2176734103922971
29803,2023-12-31,2,competitive_mid_market,0.0,0.0,0.1233804645290164
29805,2023-01-31,1,low_activity_cooling,0.0,0.0,0.0414187368469606
29805,2023-02-28,1,low_activity_cooling,0.0,0.0,0.1097430569573508
29805,2023-03-31,1,low_activity_cooling,0.0,0.0,0.1785000302773347
29805,2023-04-30,1,low_activity_cooling,0.0,0.0,0.2019291367111249
29805,2023-05-31,1,low_activity_cooling,0.0,0.0,0.357711098312701
29805,2023-06-30,1,low_activity_cooling,0.0,-1.0,0.2764044695282751
29805,2023-07-31,1,low_activity_cooling,0.0,0.0,0.1619663448661237
29805,2023-08-31,1,low_activity_cooling,0.0,0.0,0.255775927099748
29805,2023-09-30,1,low_activity_cooling,0.0,0.0,0.1889682856886576
29805,2023-10-31,1,low_activity_cooling,0.0,0.0,0.2751854323813973
29805,2023-11-30,1,low_activity_cooling,0.0,0.0,0.1766561346080601
29805,2023-12-31,1,low_activity_cooling,0.0,0.0,0.1120140980570103
29809,2023-01-31,1,low_activity_cooling,0.0,0.0,0.4686965780517976
29809,2023-02-28,1,low_activity_cooling,0.0,0.0,0.2584732137039864
29809,2023-03-31,1,low_activity_cooling,0.0,0.0,0.4070631356906468
29809,2023-04-30,1,low_activity_cooling,0.0,0.0,0.5396268373687978
29809,2023-05-31,1,low_activity_cooling,1.0,1.0,0.5638174842004664
29809,2023-06-30,1,low_activity_cooling,0.0,0.0,0.0768002712957596
29809,2023-07-31,1,low_activity_cooling,0.0,0.0,0.0950078680050659
29809,2023-08-31,1,low_activity_cooling,0.0,0.0,0.3380585558846092
29809,2023-09-30,1,low_activity_cooling,0.0,0.0,0.3998431600092985
29809,2023-10-31,1,low_activity_cooling,0.0,0.0,0.3028042603206221
29809,2023-11-30,1,low_activity_cooling,0.0,0.0,0.0876201954450989
29809,2023-12-31,1,low_activity_cooling,0.0,0.0,0.0514753782726968
29824,2023-01-31,1,low_activity_cooling,0.0,-1.0,0.0579501391529566
29824,2023-02-28,1,low_activity_cooling,0.0,0.0,0.0836260269438911
29824,2023-03-31,1,low_activity_cooling,0.0,0.0,0.0821408026620167
29824,2023-04-30,1,low_activity_cooling,0.0,0.0,0.3878768279978241
29824,2023-05-31,1,low_activity_cooling,0.0,0.0,0.5851601864112925
29824,2023-06-30,1,low_activity_cooling,0.0,0.0,0.4942620205410495
29824,2023-07-31,1,low_activity_cooling,0.0,0.0,0.7840134516420705
29824,2023-08-31,1,low_activity_cooling,0.0,0.0,0.7431721227743999
29824,2023-09-30,1,low_activity_cooling,0.0,0.0,0.5447363466954851
29824,2023-10-31,1,low_activity_cooling,0.0,0.0,0.5046876999966069
29824,2023-11-30,1,low_activity_cooling,0.0,0.0,0.6173633564398628
29824,2023-12-31,1,low_activity_cooling,0.0,0.0,0.4581016482082614
29829,2023-01-31,1,low_activity_cooling,0.0,-1.0,0.0382922907227279
29829,2023-02-28,1,low_activity_cooling,0.0,0.0,0.0301647046051904
29829,2023-03-31,1,low_activity_cooling,0.0,0.0,0.0379773258281672
29829,2023-04-30,1,low_activity_cooling,0.0,0.0,0.0773018680591626
29829,2023-05-31,1,low_activity_cooling,0.0,0.0,0.0889876517623178
29829,2023-06-30,1,low_activity_cooling,0.0,0.0,0.1113981060969033
29829,2023-07-31,1,low_activity_cooling,0.0,0.0,0.104673273535375
29829,2023-08-31,1,low_activity_cooling,0.0,0.0,0.2095838031915564
29829,2023-09-30,1,low_activity_cooling,0.0,0.0,0.3479496494928145
29829,2023-10-31,1,low_activity_cooling,0.0,0.0,0.3024138866758655
29829,2023-11-30,1,low_activity_cooling,0.0,0.0,0.2724703394946912
29829,2023-12-31,1,low_activity_cooling,0.0,0.0,0.1255894437202134
29831,2023-01-31,1,low_activity_cooling,0.0,-1.0,0.0420588153498869
29831,2023-02-28,1,low_activity_cooling,0.0,-1.0,0.0379184248863962
29831,2023-03-31,1,low_activity_cooling,0.0,-1.0,0.0455949311815057
29831,2023-04-30,1,low_activity_cooling,0.0,-1.0,0.0402253938897625
29831,2023-05-31,1,low_activity_cooling,0.0,-1.0,0.0357119737890681
29831,2023-06-30,1,low_activity_cooling,0.0,-1.0,0.0531737414452742
29831,2023-07-31,1,low_activity_cooling,0.0,-1.0,0.0420347323262383
29831,2023-08-31,1,low_activity_cooling,0.0,-1.0,0.1982276651662028
29831,2023-09-30,1,low_activity_cooling,1.0,1.0,0.2741901295754105
29831,2023-10-31,1,low_activity_cooling,1.0,1.0,0.6224824167770769
29831,2023-11-30,1,low_activity_cooling,1.0,1.0,0.4999171980291584
29831,2023-12-31,1,low_activity_cooling,1.0,1.0,0.23623982340245
29832,2023-01-31,1,low_activity_cooling,0.0,0.0,0.0646310054556467
29832,2023-02-28,1,low_activity_cooling,0.0,-1.0,0.0377120670123189
29832,2023-03-31,1,low_activity_cooling,0.0,-1.0,0.0153233669409798
29832,2023-04-30,1,low_activity_cooling,0.0,-1.0,0.0238688343963451
29832,2023-05-31,1,low_activity_cooling,0.0,0.0,0.2286996357259584
29832,2023-06-30,1,low_activity_cooling,0.0,0.0,0.376743425194756
29832,2023-07-31,1,low_activity_cooling,0.0,0.0,0.4473084949065884
29832,2023-08-31,1,low_activity_cooling,0.0,0.0,0.358766013473663
29832,2023-09-30,1,low_activity_cooling,0.0,0.0,0.2168945903821273
29832,2023-10-31,1,low_activity_cooling,0.0,0.0,0.1386602872960496
29832,2023-11-30,1,low_activity_cooling,0.0,0.0,0.0382187174128415
29832,2023-12-31,1,low_activity_cooling,0.0,0.0,0.0516339064150959
29841,2023-01-31,1,low_activity_cooling,0.0,-1.0,0.0319900481216728
29841,2023-02-28,1,low_activity_cooling,0.0,-1.0,0.0385928622802859
29841,2023-03-31,1,low_activity_cooling,0.0,-1.0,0.0259645596246258
29841,2023-04-30,1,low_activity_cooling,0.0,-1.0,0.0378789970877054
29841,2023-05-31,1,low_activity_cooling,0.0,0.0,0.0322555526086622
29841,2023-06-30,1,low_activity_cooling,0.0,0.0,0.0513984378701276
29841,2023-07-31,1,low_activity_cooling,0.0,0.0,0.0696601319497687
29841,2023-08-31,1,low_activity_cooling,0.0,0.0,0.1647177412401578
29841,2023-09-30,1,low_activity_cooling,0.0,0.0,0.1538841039516783
29841,2023-10-31,1,low_activity_cooling,0.0,0.0,0.0942696365477803
29841,2023-11-30,1,low_activity_cooling,0.0,0.0,0.1232620130351619
29841,2023-12-31,1,low_activity_cooling,0.0,0.0,0.118601477541558
29842,2023-01-31,1,low_activity_cooling,0.0,-1.0,0.0468540799059824
29842,2023-02-28,1,low_activity_cooling,0.0,-1.0,0.0196967255444307
29842,2023-03-31,1,low_activity_cooling,0.0,-1.0,0.0513142648441691
29842,2023-04-30,1,low_activity_cooling,0.0,-1.0,0.0653914987270281
29842,2023-05-31,1,low_activity_cooling,0.0,-1.0,0.0610989930345943
29842,2023-06-30,1,low_activity_cooling,0.0,-1.0,0.1145285058291007
29842,2023-07-31,1,low_activity_cooling,0.0,0.0,0.1149022439240552
29842,2023-08-31,1,low_activity_cooling,0.0,0.0,0.1227990917906965
29842,2023-09-30,1,low_activity_cooling,0.0,-1.0,0.1412466915495948
29842,2023-10-31,1,low_activity_cooling,0.0,-1.0,0.2099392274301923
29842,2023-11-30,1,low_activity_cooling,0.0,0.0,0.2682826807326928
29842,2023-12-31,1,low_activity_cooling,0.0,0.0,0.125537188172021
29847,2023-01-31,1,low_activity_cooling,0.0,-1.0,0.0216114731438721
29847,2023-02-28,1,low_activity_cooling,0.0,-1.0,0.0202886299378595
29847,2023-03-31,1,low_activity_cooling,0.0,-1.0,0.0390334641682212
29847,2023-04-30,1,low_activity_cooling,0.0,-1.0,0.0446172734779442
29847,2023-05-31,1,low_activity_cooling,0.0,-1.0,0.0747790161191511
29847,2023-06-30,1,low_activity_cooling,0.0,0.0,0.0844229168744684
29847,2023-07-31,1,low_activity_cooling,0.0,0.0,0.1147488543435609
29847,2023-08-31,1,low_activity_cooling,0.0,0.0,0.1217203325600703
29847,2023-09-30,1,low_activity_cooling,0.0,0.0,0.1565845264569027
29847,2023-10-31,1,low_activity_cooling,0.0,-1.0,0.1355670387579506
29847,2023-11-30,1,low_activity_cooling,0.0,0.0,0.1022978403986695
29847,2023-12-31,1,low_activity_cooling,0.0,0.0,0.0710245422066743
29851,2023-01-31,1,low_activity_cooling,0.0,-1.0,0.067190994024659
29851,2023-02-28,1,low_activity_cooling,0.0,-1.0,0.0355587375071217
29851,2023-03-31,1,low_activity_cooling,0.0,-1.0,0.0521500024516368
29851,2023-04-30,1,low_activity_cooling,0.0,-1.0,0.0739928635356938
29851,2023-05-31,1,low_activity_cooling,0.0,0.0,0.1408941494781467
29851,2023-06-30,1,low_activity_cooling,0.0,0.0,0.3671305408232054
29851,2023-07-31,1,low_activity_cooling,0.0,0.0,0.4202081578381144
29851,2023-08-31,1,low_activity_cooling,0.0,0.0,0.3161377425116606
29851,2023-09-30,1,low_activity_cooling,0.0,0.0,0.7935123871355472
29851,2023-10-31,1,low_activity_cooling,1.0,1.0,0.7763573376583937
29851,2023-11-30,1,low_activity_cooling,1.0,1.0,0.5707624152427715
29851,2023-12-31,1,low_activity_cooling,1.0,1.0,0.1723028658039931
29860,2023-01-31,2,competitive_mid_market,0.0,-1.0,0.0247480905549996
29860,2023-02-28,2,competitive_mid_market,0.0,-1.0,0.0299573753298237
29860,2023-03-31,2,competitive_mid_market,0.0,-1.0,0.0210363977809115
29860,2023-04-30,2,competitive_mid_market,0.0,-1.0,0.031840882789482
29860,2023-05-31,2,competitive_mid_market,0.0,-1.0,0.0640394869188116
29860,2023-06-30,2,competitive_mid_market,0.0,0.0,0.0730991222259775
29860,2023-07-31,2,competitive_mid_market,0.0,0.0,0.0909473616706864
29860,2023-08-31,2,competitive_mid_market,0.0,0.0,0.1886794578458211
29860,2023-09-30,2,competitive_mid_market,0.0,0.0,0.2351911571038865
29860,2023-10-31,2,competitive_mid_market,0.0,0.0,0.4269039304300574
29860,2023-11-30,2,competitive_mid_market,0.0,0.0,0.3920907905270669
29860,2023-12-31,2,competitive_mid_market,0.0,0.0,0.1610205914729028
29902,2023-01-31,0,high_value_appreciating,0.0,-1.0,0.0176664526904177
29902,2023-02-28,0,high_value_appreciating,0.0,-1.0,0.020938964489175
29902,2023-03-31,0,high_value_appreciating,0.0,-1.0,0.068327431070198
29902,2023-04-30,0,high_value_appreciating,0.0,-1.0,0.1147181614401576
29902,2023-05-31,0,high_value_appreciating,0.0,-1.0,0.3025577828442709
29902,2023-06-30,0,high_value_appreciating,0.0,-1.0,0.6898018508917173
29902,2023-07-31,0,high_value_appreciating,0.0,-1.0,0.7167381815369605
29902,2023-08-31,0,high_value_appreciating,0.0,-1.0,0.8156624745365224
29902,2023-09-30,0,high_value_appreciating,0.0,0.0,0.4094242616629219
29902,2023-10-31,0,high_value_appreciating,0.0,0.0,0.3495448789038107
29902,2023-11-30,0,high_value_appreciating,0.0,0.0,0.3798069734260334
29902,2023-12-31,0,high_value_appreciating,0.0,0.0,0.1610399483288004
29906,2023-01-31,2,competitive_mid_market,0.0,-1.0,0.0105294884681759
29906,2023-02-28,2,competitive_mid_market,0.0,-1.0,0.0150507581645889
29906,2023-03-31,2,competitive_mid_market,0.0,-1.0,0.0254796132804741
29906,2023-04-30,2,competitive_mid_market,0.0,-1.0,0.0553043366671175
29906,2023-05-31,2,competitive_mid_market,0.0,-1.0,0.2241159085368025
29906,2023-06-30,2,competitive_mid_market,0.0,-1.0,0.5671744656515404
29906,2023-07-31,2,competitive_mid_market,0.0,0.0,0.6835755346918242
29906,2023-08-31,2,competitive_mid_market,0.0,0.0,0.4850723025936805
29906,2023-09-30,2,competitive_mid_market,0.0,0.0,0.38433973577694
29906,2023-10-31,2,competitive_mid_market,0.0,0.0,0.3309606175536706
29906,2023-11-30,2,competitive_mid_market,0.0,0.0,0.2172810288117271
29906,2023-12-31,2,competitive_mid_market,0.0,0.0,0.1924971245051437
29907,2023-01-31,0,high_value_appreciating,0.0,-1.0,0.0129345541152667
29907,2023-02-28,0,high_value_appreciating,0.0,-1.0,0.0173820109747747
29907,2023-03-31,0,high_value_appreciating,0.0,-1.0,0.0213643487291965
29907,2023-04-30,0,high_value_appreciating,0.0,-1.0,0.0768882468508367
29907,2023-05-31,0,high_value_appreciating,0.0,-1.0,0.3293894006050335
29907,2023-06-30,0,high_value_appreciating,0.0,0.0,0.6514729457876651
29907,2023-07-31,0,high_value_appreciating,0.0,0.0,0.5289599421787194
29907,2023-08-31,0,high_value_appreciating,0.0,0.0,0.5318535328667805
29907,2023-09-30,0,high_value_appreciating,0.0,0.0,0.4076951281293045
29907,2023-10-31,0,high_value_appreciating,0.0,0.0,0.357726279191106
29907,2023-11-30,0,high_value_appreciating,0.0,0.0,0.306536787627408
29907,2023-12-31,0,high_value_appreciating,0.0,0.0,0.272275994652742
29909,2023-01-31,0,high_value_appreciating,0.0,-1.0,0.0156754499594562
29909,2023-02-28,0,high_value_appreciating,0.0,-1.0,0.014522480294059
29909,2023-03-31,0,high_value_appreciating,0.0,-1.0,0.0252200079360046
29909,2023-04-30,0,high_value_appreciating,0.0,-1.0,0.0265000243538661
29909,2023-05-31,0,high_value_appreciating,0.0,-1.0,0.0463629608291937
29909,2023-06-30,0,high_value_appreciating,0.0,-1.0,0.0442275254273268
29909,2023-07-31,0,high_value_appreciating,0.0,-1.0,0.0629189463785317
29909,2023-08-31,0,high_value_appreciating,0.0,-1.0,0.0576241795161999
29909,2023-09-30,0,high_value_appreciating,0.0,-1.0,0.1370730703056403
29909,2023-10-31,0,high_value_appreciating,0.0,-1.0,0.1234500667072082
29909,2023-11-30,0,high_value_appreciating,0.0,0.0,0.0840348910571115
29909,2023-12-31,0,high_value_appreciating,0.0,0.0,0.1112853856703496
29910,2023-01-31,0,high_value_appreciating,0.0,-1.0,0.0170480902798896
29910,2023-02-28,0,high_value_appreciating,0.0,-1.0,0.0140133555657364
29910,2023-03-31,0,high_value_appreciating,0.0,-1.0,0.0159913485731314
29910,2023-04-30,0,high_value_appreciating,0.0,-1.0,0.0529500488589195
29910,2023-05-31,0,high_value_appreciating,0.0,-1.0,0.1034426658178378
29910,2023-06-30,0,high_value_appreciating,0.0,-1.0,0.3883779079344883
29910,2023-07-31,0,high_value_appreciating,0.0,-1.0,0.4344661457554829
29910,2023-08-31,0,high_value_appreciating,0.0,-1.0,0.4629914759806007
29910,2023-09-30,0,high_value_appreciating,0.0,0.0,0.2004064360732864
29910,2023-10-31,0,high_value_appreciating,0.0,0.0,0.1434620359394918
29910,2023-11-30,0,high_value_appreciating,0.0,0.0,0.1709588842161362
29910,2023-12-31,0,high_value_appreciating,0.0,0.0,0.1195528559202089
29920,2023-01-31,0,high_value_appreciating,0.0,-1.0,0.0226664664493604
29920,2023-02-28,0,high_value_appreciating,0.0,-1.0,0.0220932140660009
29920,2023-03-31,0,high_value_appreciating,0.0,-1.0,0.0250128306882709
29920,2023-04-30,0,high_value_appreciating,0.0,-1.0,0.0459628777219832
29920,2023-05-31,0,high_value_appreciating,0.0,-1.0,0.1151602257101847
29920,2023-06-30,0,high_value_appreciating,0.0,-1.0,0.1533545188443261
29920,2023-07-31,0,high_value_appreciating,0.0,-1.0,0.2598266897256086
29920,2023-08-31,0,high_value_appreciating,0.0,0.0,0.4268495398247423
29920,2023-09-30,0,high_value_appreciating,0.0,0.0,0.4125877035901809
29920,2023-10-31,0,high_value_appreciating,0.0,0.0,0.6435245450694743
29920,2023-11-30,0,high_value_appreciating,0.0,0.0,0.5350257773321254
29920,2023-12-31,0,high_value_appreciating,0.0,0.0,0.5696899904873346
29926,2023-01-31,0,high_value_appreciating,0.0,-1.0,0.0104691429489646
29926,2023-02-28,0,high_value_appreciating,0.0,-1.0,0.0157172302565078
29926,2023-03-31,0,high_value_appreciating,0.0,-1.0,0.0178693334105587
29926,2023-04-30,0,high_value_appreciating,0.0,-1.0,0.0468300417633991
29926,2023-05-31,0,high_value_appreciating,0.0,-1.0,0.1027899012191312
29926,2023-06-30,0,high_value_appreciating,0.0,-1.0,0.3121739431611013
29926,2023-07-31,0,high_value_appreciating,0.0,0.0,0.5058935201460241
29926,2023-08-31,0,high_value_appreciating,0.0,0.0,0.6889056624057301
29926,2023-09-30,0,high_value_appreciating,0.0,0.0,0.6494460387414583
29926,2023-10-31,0,high_value_appreciating,0.0,0.0,0.8308744443873859
29926,2023-11-30,0,high_value_appreciating,0.0,0.0,0.5643140710951
29926,2023-12-31,0,high_value_appreciating,0.0,0.0,0.5569817653403215
29927,2023-01-31,0,high_value_appreciating,0.0,0.0,0.0372215547628017
29927,2023-02-28,0,high_value_appreciating,0.0,0.0,0.2155212736074639
29927,2023-03-31,0,high_value_appreciating,0.0,0.0,0.6379764217012821
29927,2023-04-30,0,high_value_appreciating,0.0,0.0,0.8937442482475799
29927,2023-05-31,0,high_value_appreciating,0.0,0.0,0.9061947623603888
29927,2023-06-30,0,high_value_appreciating,0.0,0.0,0.8637828624912294
29927,2023-07-31,0,high_value_appreciating,0.0,0.0,0.7733428630400597
29927,2023-08-31,0,high_value_appreciating,0.0,0.0,0.8970233856438481
29927,2023-09-30,0,high_value_appreciating,0.0,0.0,0.7612348108666398
29927,2023-10-31,0,high_value_appreciating,0.0,0.0,0.4674261405603292
29927,2023-11-30,0,high_value_appreciating,0.0,0.0,0.2852582543773277
29927,2023-12-31,0,high_value_appreciating,0.0,0.0,0.2954077050924157
29928,2023-01-31,0,high_value_appreciating,0.0,-1.0,0.0234239047380738
29928,2023-02-28,0,high_value_appreciating,0.0,-1.0,0.0394683039052454
29928,2023-03-31,0,high_value_appreciating,0.0,-1.0,0.042523831587953
29928,2023-04-30,0,high_value_appreciating,0.0,-1.0,0.0647449612385001
29928,2023-05-31,0,high_value_appreciating,0.0,-1.0,0.1419432132703542
29928,2023-06-30,0,high_value_appreciating,0.0,-1.0,0.0876232081133848
29928,2023-07-31,0,high_value_appreciating,0.0,-1.0,0.0733278324280526
29928,2023-08-31,0,high_value_appreciating,0.0,0.0,0.1044229650804178
29928,2023-09-30,0,high_value_appreciating,0.0,0.0,0.0866884922515963
29928,2023-10-31,0,high_value_appreciating,0.0,0.0,0.1076091299808064
29928,2023-11-30,0,high_value_appreciating,0.0,0.0,0.1162843518176455
29928,2023-12-31,0,high_value_appreciating,0.0,0.0,0.1736737425987359
29935,2023-01-31,0,high_value_appreciating,0.0,-1.0,0.013011284904081
29935,2023-02-28,0,high_value_appreciating,0.0,-1.0,0.0147033832835795
29935,2023-03-31,0,high_value_appreciating,0.0,-1.0,0.0324382573756502
29935,2023-04-30,0,high_value_appreciating,0.0,0.0,0.0807944378618419
29935,2023-05-31,0,high_value_appreciating,0.0,0.0,0.2248660835765021
29935,2023-06-30,0,high_value_appreciating,0.0,0.0,0.3551725614741193
29935,2023-07-31,0,high_value_appreciating,0.0,0.0,0.4933482090646159
29935,2023-08-31,0,high_value_appreciating,0.0,0.0,0.7025768358951308
29935,2023-09-30,0,high_value_appreciating,0.0,0.0,0.6075031063477094
29935,2023-10-31,0,high_value_appreciating,0.0,0.0,0.5559337989766306
29935,2023-11-30,0,high_value_appreciating,0.0,0.0,0.1898673234363438
29935,2023-12-31,0,high_value_appreciating,0.0,0.0,0.3309505905438196
29936,2023-01-31,0,high_value_appreciating,0.0,0.0,0.0624595416910954
29936,2023-02-28,0,high_value_appreciating,0.0,0.0,0.1999975803042991
29936,2023-03-31,0,high_value_appreciating,0.0,0.0,0.6560411037061052
29936,2023-04-30,0,high_value_appreciating,0.0,0.0,0.5348665522024172
29936,2023-05-31,0,high_value_appreciating,0.0,0.0,0.6943559408860727
29936,2023-06-30,0,high_value_appreciating,0.0,0.0,0.5980777500209025
29936,2023-07-31,0,high_value_appreciating,0.0,0.0,0.7412525554385371
29936,2023-08-31,0,high_value_appreciating,0.0,0.0,0.4657572351069643
29936,2023-09-30,0,high_value_appreciating,0.0,0.0,0.3358613276063007
29936,2023-10-31,0,high_value_appreciating,0.0,0.0,0.2310654749268341
29936,2023-11-30,0,high_value_appreciating,0.0,0.0,0.1586854401336523
29936,2023-12-31,0,high_value_appreciating,0.0,0.0,0.1177733627584264
29940,2023-01-31,1,low_activity_cooling,0.0,-1.0,0.0224361909273479
29940,2023-02-28,1,low_activity_cooling,0.0,-1.0,0.02680034665799
29940,2023-03-31,1,low_activity_cooling,0.0,0.0,0.0179339406821668
29940,2023-04-30,1,low_activity_cooling,0.0,0.0,0.1958437701572895
29940,2023-05-31,1,low_activity_cooling,0.0,0.0,0.0616498425656466
29940,2023-06-30,1,low_activity_cooling,0.0,0.0,0.2951505692092491
29940,2023-07-31,1,low_activity_cooling,0.0,0.0,0.5785454698414058
29940,2023-08-31,1,low_activity_cooling,0.0,0.0,0.7071889959603886
29940,2023-09-30,1,low_activity_cooling,0.0,0.0,0.8266798927291387
29940,2023-10-31,1,low_activity_cooling,0.0,0.0,0.5685576321784481
29940,2023-11-30,1,low_activity_cooling,0.0,0.0,0.4044846931705851
29940,2023-12-31,1,low_activity_cooling,0.0,0.0,0.2195301951346401
