zip,month,cluster,cluster_name,transition_next_12m,transition_direction,prob_transition
27006,2021-01-31,3,affordable_high_demand,1.0,1.0,0.8928089311316624
27006,2021-02-28,3,affordable_high_demand,1.0,1.0,0.9323968390293124
27006,2021-03-31,3,affordable_high_demand,1.0,1.0,0.7723409270224667
27006,2021-04-30,3,affordable_high_demand,0.0,0.0,0.8070480823486095
27006,2021-05-31,3,affordable_high_demand,0.0,0.0,0.8930318257781253
27006,2021-06-30,3,affordable_high_demand,0.0,0.0,0.8208507120428348
27006,2021-07-31,3,affordable_high_demand,0.0,0.0,0.6839225959865753
27006,2021-08-31,3,affordable_high_demand,0.0,0.0,0.465266251382024
27006,2021-09-30,3,affordable_high_demand,0.0,-1.0,0.1650045765551684
27006,2021-10-31,3,affordable_high_demand,0.0,-1.0,0.3595450242436952
27006,2021-11-30,3,affordable_high_demand,0.0,-1.0,0.2372189653335766
27006,2021-12-31,3,affordable_high_demand,0.0,-1.0,0.2016374028921367
27009,2021-01-31,3,affordable_high_demand,0.0,-1.0,0.4332181290219209
27009,2021-02-28,3,affordable_high_demand,0.0,-1.0,0.6785783657242853
27009,2021-03-31,3,affordable_high_demand,0.0,0.0,0.4588142765167011
27009,2021-04-30,3,affordable_high_demand,0.0,-1.0,0.1447645918415613
27009,2021-05-31,3,affordable_high_demand,0.0,-1.0,0.0919455524555267
27009,2021-06-30,3,affordable_high_demand,0.0,-1.0,0.0915119699586635
27009,2021-07-31,3,affordable_high_demand,0.0,-1.0,0.0940274420356403
27009,2021-08-31,3,affordable_high_demand,0.0,-1.0,0.3834813489335692
27009,2021-09-30,3,affordable_high_demand,0.0,-1.0,0.0715268009675211
27009,2021-10-31,3,affordable_high_demand,0.0,-1.0,0.1503715955254959
27009,2021-11-30,3,affordable_high_demand,0.0,-1.0,0.1269762623756068
27009,2021-12-31,3,affordable_high_demand,0.0,-1.0,0.0285072388135253
27011,2021-01-31,1,low_activity_cooling,0.0,0.0,0.0779025061380046
27011,2021-02-28,1,low_activity_cooling,0.0,0.0,0.2866581470709104
27011,2021-03-31,1,low_activity_cooling,0.0,0.0,0.204356852226701
27011,2021-04-30,1,low_activity_cooling,0.0,0.0,0.435981770662203
27011,2021-05-31,1,low_activity_cooling,0.0,-1.0,0.664102652190174
27011,2021-06-30,1,low_activity_cooling,0.0,-1.0,0.8405354165797914
27011,2021-07-31,1,low_activity_cooling,0.0,-1.0,0.6154764470225066
27011,2021-08-31,1,low_activity_cooling,0.0,-1.0,0.1038288183215146
27011,2021-09-30,1,low_activity_cooling,0.0,-1.0,0.0381680238190613
27011,2021-10-31,1,low_activity_cooling,0.0,-1.0,0.2046632442384767
27011,2021-11-30,1,low_activity_cooling,0.0,-1.0,0.0422876540101959
27011,2021-12-31,1,low_activity_cooling,0.0,-1.0,0.112643865536868
27012,2021-01-31,3,affordable_high_demand,1.0,1.0,0.9237076793825318
27012,2021-02-28,3,affordable_high_demand,1.0,1.0,0.9697438097343396
27012,2021-03-31,3,affordable_high_demand,1.0,1.0,0.9284556150283936
27012,2021-04-30,3,affordable_high_demand,0.0,0.0,0.8819158148542633
27012,2021-05-31,3,affordable_high_demand,1.0,1.0,0.9276627120634656
27012,2021-06-30,3,affordable_high_demand,1.0,1.0,0.940282229594774
27012,2021-07-31,3,affordable_high_demand,0.0,0.0,0.8663459051294198
27012,2021-08-31,3,affordable_high_demand,0.0,0.0,0.7229967569622284
27012,2021-09-30,3,affordable_high_demand,0.0,0.0,0.6471472786218887
27012,2021-10-31,3,affordable_high_demand,0.0,0.0,0.6362158103137048
27012,2021-11-30,3,affordable_high_demand,0.0,-1.0,0.3051425362604824
27012,2021-12-31,3,affordable_high_demand,0.0,-1.0,0.6303869143878701
27013,2021-01-31,2,competitive_mid_market,1.0,1.0,0.3140759559252651
27013,2021-02-28,2,competitive_mid_market,1.0,1.0,0.7773252940414034
27013,2021-03-31,2,competitive_mid_market,1.0,1.0,0.621009469146308
27013,2021-04-30,2,competitive_mid_market,1.0,1.0,0.8167640139756815
27013,2021-05-31,2,competitive_mid_market,0.0,0.0,0.6577754285306616
27013,2021-06-30,2,competitive_mid_market,0.0,0.0,0.3625112119151655
27013,2021-07-31,2,competitive_mid_market,0.0,-1.0,0.1195653606905653
27013,2021-08-31,2,competitive_mid_market,0.0,-1.0,0.073874772367556
27013,2021-09-30,2,competitive_mid_market,0.0,-1.0,0.1099479049509441
27013,2021-10-31,2,competitive_mid_market,0.0,-1.0,0.1393041356580222
27013,2021-11-30,2,competitive_mid_market,0.0,-1.0,0.0476128981614723
27013,2021-12-31,2,competitive_mid_market,0.0,-1.0,0.0975551603018316
27017,2021-01-31,2,competitive_mid_market,0.0,0.0,0.6380746322044503
27017,2021-02-28,2,competitive_mid_market,0.0,0.0,0.6793987000716025
27017,2021-03-31,2,competitive_mid_market,1.0,1.0,0.7763687927893193
27017,2021-04-30,2,competitive_mid_market,1.0,1.0,0.6623541304513477
27017,2021-05-31,2,competitive_mid_market,0.0,0.0,0.6100462324182474
27017,2021-06-30,2,competitive_mid_market,0.0,0.0,0.7296289526083145
27017,2021-07-31,2,competitive_mid_market,0.0,0.0,0.7500220656841402
27017,2021-08-31,2,competitive_mid_market,0.0,-1.0,0.3363223667130209
27017,2021-09-30,2,competitive_mid_market,0.0,-1.0,0.020482910644625
27017,2021-10-31,2,competitive_mid_market,0.0,-1.0,0.0202566901046994
27017,2021-11-30,2,competitive_mid_market,0.0,-1.0,0.0153333885330234
27017,2021-12-31,2,competitive_mid_market,0.0,-1.0,0.0097181217243222
27018,2021-01-31,4,moderate_supply_growing,1.0,1.0,0.4879151998533169
27018,2021-02-28,4,moderate_supply_growing,1.0,1.0,0.2007210741139481
27018,2021-03-31,4,moderate_supply_growing,0.0,0.0,0.5243361877888628
27018,2021-04-30,4,moderate_supply_growing,0.0,0.0,0.2885972048956505
27018,2021-05-31,4,moderate_supply_growing,0.0,0.0,0.2875017660105176
27018,2021-06-30,4,moderate_supply_growing,0.0,0.0,0.5082250952330807
27018,2021-07-31,4,moderate_supply_growing,0.0,0.0,0.3796763388732738
27018,2021-08-31,4,moderate_supply_growing,0.0,-1.0,0.0296793905284718
27018,2021-09-30,4,moderate_supply_growing,0.0,-1.0,0.0570919782824951
27018,2021-10-31,4,moderate_supply_growing,0.0,-1.0,0.066352241227512
27018,2021-11-30,4,moderate_supply_growing,0.0,-1.0,0.0800649326767592
27018,2021-12-31,4,moderate_supply_growing,0.0,-1.0,0.0628355378903713
27020,2021-01-31,1,low_activity_cooling,0.0,-1.0,0.1219776677420767
27020,2021-02-28,1,low_activity_cooling,0.0,-1.0,0.1362140048613058
27020,2021-03-31,1,low_activity_cooling,0.0,0.0,0.2063857125565588
27020,2021-04-30,1,low_activity_cooling,0.0,-1.0,0.0943987025726163
27020,2021-05-31,1,low_activity_cooling,0.0,-1.0,0.0852995937008729
27020,2021-06-30,1,low_activity_cooling,0.0,-1.0,0.2310847557998964
27020,2021-07-31,1,low_activity_cooling,0.0,-1.0,0.1990644326273363
27020,2021-08-31,1,low_activity_cooling,0.0,-1.0,0.2883350784009825
27020,2021-09-30,1,low_activity_cooling,0.0,-1.0,0.1101131857676891
27020,2021-10-31,1,low_activity_cooling,0.0,-1.0,0.041213847655765
27020,2021-11-30,1,low_activity_cooling,0.0,-1.0,0.0244922601438807
27020,2021-12-31,1,low_activity_cooling,0.0,-1.0,0.0278983419117268
27021,2021-01-31,2,competitive_mid_market,0.0,0.0,0.648762526275808
27021,2021-02-28,2,competitive_mid_market,0.0,0.0,0.680546724927464
27021,2021-03-31,2,competitive_mid_market,0.0,0.0,0.7554640305111197
27021,2021-04-30,2,competitive_mid_market,0.0,0.0,0.7631528543535298
27021,2021-05-31,2,competitive_mid_market,0.0,0.0,0.7096506266813203
27021,2021-06-30,2,competitive_mid_market,0.0,0.0,0.7343992891983199
27021,2021-07-31,2,competitive_mid_market,0.0,-1.0,0.5531815551805787
27021,2021-08-31,2,competitive_mid_market,0.0,-1.0,0.2290551217411024
27021,2021-09-30,2,competitive_mid_market,0.0,-1.0,0.1433945551039169
27021,2021-10-31,2,competitive_mid_market,0.0,-1.0,0.0751565432217793
27021,2021-11-30,2,competitive_mid_market,0.0,-1.0,0.026800642832775
27021,2021-12-31,2,competitive_mid_market,0.0,-1.0,0.0252216498829222
27023,2021-01-31,3,affordable_high_demand,1.0,1.0,0.6276821442152055
27023,2021-02-28,3,affordable_high_demand,0.0,0.0,0.7960880060135392
27023,2021-03-31,3,affordable_high_demand,0.0,0.0,0.728261340554214
27023,2021-04-30,3,affordable_high_demand,0.0,0.0,0.7611078162535487
27023,2021-05-31,3,affordable_high_demand,0.0,0.0,0.9201059959475844
27023,2021-06-30,3,affordable_high_demand,0.0,0.0,0.8299596791254508
27023,2021-07-31,3,affordable_high_demand,0.0,0.0,0.8118296701778307
27023,2021-08-31,3,affordable_high_demand,0.0,0.0,0.4370095083814285
27023,2021-09-30,3,affordable_high_demand,0.0,0.0,0.2436474227778312
27023,2021-10-31,3,affordable_high_demand,0.0,-1.0,0.2956040801002538
27023,2021-11-30,3,affordable_high_demand,0.0,-1.0,0.4797331607142148
27023,2021-12-31,3,affordable_high_demand,0.0,-1.0,0.3767718598793543
27025,2021-01-31,2,competitive_mid_market,0.0,0.0,0.077176142749355
27025,2021-02-28,2,competitive_mid_market,0.0,0.0,0.2622922473518015
27025,2021-03-31,2,competitive_mid_market,0.0,0.0,0.2856471717717004
27025,2021-04-30,2,competitive_mid_market,0.0,0.0,0.3889264432385885
27025,2021-05-31,2,competitive_mid_market,0.0,0.0,0.2191267181128656
27025,2021-06-30,2,competitive_mid_market,0.0,0.0,0.5424125734942381
27025,2021-07-31,2,competitive_mid_market,0.0,-1.0,0.2489615533957291
27025,2021-08-31,2,competitive_mid_market,0.0,-1.0,0.0971832256178147
27025,2021-09-30,2,competitive_mid_market,0.0,-1.0,0.2289871265482874
27025,2021-10-31,2,competitive_mid_market,0.0,-1.0,0.1621674016498573
27025,2021-11-30,2,competitive_mid_market,0.0,-1.0,0.0490123358443864
27025,2021-12-31,2,competitive_mid_market,0.0,-1.0,0.0227556883073482
27027,2021-01-31,2,competitive_mid_market,1.0,1.0,0.3862691781397711
27027,2021-02-28,2,competitive_mid_market,1.0,1.0,0.5472454650040411
27027,2021-03-31,2,competitive_mid_market,1.0,1.0,0.1810162294818017
27027,2021-04-30,2,competitive_mid_market,0.0,0.0,0.1021272716433598
27027,2021-05-31,2,competitive_mid_market,0.0,-1.0,0.0663346950181637
27027,2021-06-30,2,competitive_mid_market,0.0,-1.0,0.173161685513888
27027,2021-07-31,2,competitive_mid_market,0.0,-1.0,0.0817646050990294
27027,2021-08-31,2,competitive_mid_market,0.0,-1.0,0.0991798418189003
27027,2021-09-30,2,competitive_mid_market,0.0,-1.0,0.0302524925744202
27027,2021-10-31,2,competitive_mid_market,0.0,-1.0,0.0240423605426819
27027,2021-11-30,2,competitive_mid_market,0.0,-1.0,0.0207514876421625
27027,2021-12-31,2,competitive_mid_market,0.0,-1.0,0.0273776386582469
27028,2021-01-31,2,competitive_mid_market,0.0,0.0,0.5028196081383564
27028,2021-02-28,2,competitive_mid_market,0.0,0.0,0.5807162037353093
27028,2021-03-31,2,competitive_mid_market,0.0,0.0,0.398942448828302
27028,2021-04-30,2,competitive_mid_market,0.0,0.0,0.607759705202275
27028,2021-05-31,2,competitive_mid_market,0.0,0.0,0.6838652771071092
27028,2021-06-30,2,competitive_mid_market,0.0,0.0,0.6998384987063325
27028,2021-07-31,2,competitive_mid_market,0.0,0.0,0.608456872080747
27028,2021-08-31,2,competitive_mid_market,0.0,0.0,0.1670004137777779
27028,2021-09-30,2,competitive_mid_market,0.0,-1.0,0.1088734318947413
27028,2021-10-31,2,competitive_mid_market,0.0,-1.0,0.0611493315848462
27028,2021-11-30,2,competitive_mid_market,0.0,-1.0,0.0493088610709483
27028,2021-12-31,2,competitive_mid_market,0.0,-1.0,0.077386574469623
27030,2021-01-31,2,competitive_mid_market,0.0,0.0,0.1649526519798188
27030,2021-02-28,2,competitive_mid_market,0.0,0.0,0.1690867538371546
27030,2021-03-31,2,competitive_mid_market,0.0,0.0,0.109203309202303
27030,2021-04-30,2,competitive_mid_market,0.0,0.0,0.135150131939977
27030,2021-05-31,2,competitive_mid_market,0.0,0.0,0.2817044878491195
27030,2021-06-30,2,competitive_mid_market,0.0,0.0,0.4642192850308951
27030,2021-07-31,2,competitive_mid_market,0.0,0.0,0.5567549365021515
27030,2021-08-31,2,competitive_mid_market,0.0,0.0,0.3796587550107898
27030,2021-09-30,2,competitive_mid_market,0.0,-1.0,0.0969465343903464
27030,2021-10-31,2,competitive_mid_market,0.0,-1.0,0.0361282672515626
27030,2021-11-30,2,competitive_mid_market,0.0,-1.0,0.0471650243630176
27030,2021-12-31,2,competitive_mid_market,0.0,-1.0,0.0448266225783576
27040,2021-01-31,3,affordable_high_demand,1.0,1.0,0.9663213696296712
27040,2021-02-28,3,affordable_high_demand,1.0,1.0,0.9482140276403738
27040,2021-03-31,3,affordable_high_demand,0.0,0.0,0.9064508430326502
27040,2021-04-30,3,affordable_high_demand,0.0,0.0,0.9363775039865004
27040,2021-05-31,3,affordable_high_demand,0.0,0.0,0.9289641811307991
27040,2021-06-30,3,affordable_high_demand,0.0,0.0,0.7480686529051095
27040,2021-07-31,3,affordable_high_demand,0.0,0.0,0.7247664670013597
27040,2021-08-31,3,affordable_high_demand,0.0,0.0,0.7172420081921821
27040,2021-09-30,3,affordable_high_demand,0.0,-1.0,0.2847851780755049
27040,2021-10-31,3,affordable_high_demand,0.0,-1.0,0.2356703092175021
27040,2021-11-30,3,affordable_high_demand,0.0,-1.0,0.1512689094626004
27040,2021-12-31,3,affordable_high_demand,0.0,-1.0,0.3985931354046204
27041,2021-01-31,2,competitive_mid_market,0.0,0.0,0.3142753110359824
27041,2021-02-28,2,competitive_mid_market,1.0,1.0,0.5070913796416265
27041,2021-03-31,2,competitive_mid_market,0.0,0.0,0.237707780240148
27041,2021-04-30,2,competitive_mid_market,0.0,0.0,0.4146901789666889
27041,2021-05-31,2,competitive_mid_market,0.0,0.0,0.4583431844024445
27041,2021-06-30,2,competitive_mid_market,0.0,0.0,0.7351223661678548
27041,2021-07-31,2,competitive_mid_market,0.0,0.0,0.5509028942771811
27041,2021-08-31,2,competitive_mid_market,0.0,-1.0,0.2433541585299961
27041,2021-09-30,2,competitive_mid_market,0.0,-1.0,0.0428522080185791
27041,2021-10-31,2,competitive_mid_market,0.0,-1.0,0.0410703465604145
27041,2021-11-30,2,competitive_mid_market,0.0,-1.0,0.0726412643403221
27041,2021-12-31,2,competitive_mid_market,0.0,-1.0,0.1005074264509878
27043,2021-01-31,1,low_activity_cooling,0.0,0.0,0.0981558873492995
27043,2021-02-28,1,low_activity_cooling,0.0,0.0,0.4325053948981868
27043,2021-03-31,1,low_activity_cooling,0.0,0.0,0.2347584835832456
27043,2021-04-30,1,low_activity_cooling,0.0,0.0,0.4043683717807164
27043,2021-05-31,1,low_activity_cooling,0.0,0.0,0.4902640867312462
27043,2021-06-30,1,low_activity_cooling,0.0,0.0,0.8966375265618298
27043,2021-07-31,1,low_activity_cooling,0.0,-1.0,0.6097470593892521
27043,2021-08-31,1,low_activity_cooling,0.0,-1.0,0.3313311574385597
27043,2021-09-30,1,low_activity_cooling,0.0,-1.0,0.0860568949926677
27043,2021-10-31,1,low_activity_cooling,0.0,-1.0,0.0961864122702132
27043,2021-11-30,1,low_activity_cooling,0.0,-1.0,0.0159787638450977
27043,2021-12-31,1,low_activity_cooling,0.0,-1.0,0.0879534281824379
27045,2021-01-31,2,competitive_mid_market,1.0,1.0,0.2155519556028092
27045,2021-02-28,2,competitive_mid_market,0.0,0.0,0.1139444779657875
27045,2021-03-31,2,competitive_mid_market,0.0,0.0,0.1565130072550706
27045,2021-04-30,2,competitive_mid_market,0.0,0.0,0.2774234065530521
27045,2021-05-31,2,competitive_mid_market,0.0,0.0,0.2584035289494664
27045,2021-06-30,2,competitive_mid_market,0.0,0.0,0.2069423966826462
27045,2021-07-31,2,competitive_mid_market,0.0,0.0,0.3114106311669632
27045,2021-08-31,2,competitive_mid_market,0.0,-1.0,0.16315904494462
27045,2021-09-30,2,competitive_mid_market,0.0,-1.0,0.0868584405717274
27045,2021-10-31,2,competitive_mid_market,0.0,-1.0,0.1457405729888565
27045,2021-11-30,2,competitive_mid_market,0.0,-1.0,0.1278687937619493
27045,2021-12-31,2,competitive_mid_market,0.0,-1.0,0.0853008684266812
27048,2021-01-31,2,competitive_mid_market,0.0,0.0,0.1025009369732802
27048,2021-02-28,2,competitive_mid_market,0.0,0.0,0.4838714405680295
27048,2021-03-31,2,competitive_mid_market,0.0,0.0,0.4326699284416636
27048,2021-04-30,2,competitive_mid_market,0.0,0.0,0.2646831009077682
27048,2021-05-31,2,competitive_mid_market,0.0,-1.0,0.3240695050416313
27048,2021-06-30,2,competitive_mid_market,0.0,-1.0,0.2922606554832818
27048,2021-07-31,2,competitive_mid_market,0.0,-1.0,0.4811799490947791
27048,2021-08-31,2,competitive_mid_market,0.0,-1.0,0.1946108122342364
27048,2021-09-30,2,competitive_mid_market,0.0,-1.0,0.1163769168806117
27048,2021-10-31,2,competitive_mid_market,0.0,-1.0,0.0932104901764674
27048,2021-11-30,2,competitive_mid_market,0.0,-1.0,0.0905980673867912
27048,2021-12-31,2,competitive_mid_market,0.0,-1.0,0.049098786337606
27050,2021-01-31,2,competitive_mid_market,0.0,0.0,0.1904848102088512
27050,2021-02-28,2,competitive_mid_market,0.0,-1.0,0.0607005560890442
27050,2021-03-31,2,competitive_mid_market,0.0,-1.0,0.1337220562624743
27050,2021-04-30,2,competitive_mid_market,0.0,0.0,0.2310139076883866
27050,2021-05-31,2,competitive_mid_market,0.0,0.0,0.5271121355807299
27050,2021-06-30,2,competitive_mid_market,0.0,0.0,0.0779534816611071
27050,2021-07-31,2,competitive_mid_market,0.0,-1.0,0.095858153329279
27050,2021-08-31,2,competitive_mid_market,0.0,-1.0,0.1490132223867286
27050,2021-09-30,2,competitive_mid_market,0.0,-1.0,0.0530456245553363
27050,2021-10-31,2,competitive_mid_market,0.0,-1.0,0.0545579869180643
27050,2021-11-30,2,competitive_mid_market,0.0,-1.0,0.0721786280716295
27050,2021-12-31,2,competitive_mid_market,0.0,-1.0,0.0145687990253556
27051,2021-01-31,2,competitive_mid_market,1.0,1.0,0.6309268949242767
27051,2021-02-28,2,competitive_mid_market,1.0,1.0,0.7007616262678955
27051,2021-03-31,2,competitive_mid_market,1.0,1.0,0.6719960093323435
27051,2021-04-30,2,competitive_mid_market,1.0,1.0,0.4382911072949075
27051,2021-05-31,2,competitive_mid_market,0.0,0.0,0.306601239643758
27051,2021-06-30,2,competitive_mid_market,0.0,0.0,0.2934655402383462
27051,2021-07-31,2,competitive_mid_market,0.0,0.0,0.3171818849141115
27051,2021-08-31,2,competitive_mid_market,0.0,0.0,0.0844911446474757
27051,2021-09-30,2,competitive_mid_market,0.0,0.0,0.0659447573453155
27051,2021-10-31,2,competitive_mid_market,0.0,-1.0,0.0618712850746534
27051,2021-11-30,2,competitive_mid_market,0.0,-1.0,0.0387802704635034
27051,2021-12-31,2,competitive_mid_market,0.0,-1.0,0.025772807445826
27052,2021-01-31,4,moderate_supply_growing,0.0,-1.0,0.1118527982091602
27052,2021-02-28,4,moderate_supply_growing,0.0,-1.0,0.0568788443180227
27052,2021-03-31,4,moderate_supply_growing,0.0,-1.0,0.0847628752963366
27052,2021-04-30,4,moderate_supply_growing,0.0,-1.0,0.1469810532710095
27052,2021-05-31,4,moderate_supply_growing,0.0,-1.0,0.2487916515337897
27052,2021-06-30,4,moderate_supply_growing,0.0,-1.0,0.1426819502607411
27052,2021-07-31,4,moderate_supply_growing,0.0,-1.0,0.1602271548219145
27052,2021-08-31,4,moderate_supply_growing,0.0,-1.0,0.1383992449975799
27052,2021-09-30,4,moderate_supply_growing,0.0,-1.0,0.0674661413585177
27052,2021-10-31,4,moderate_supply_growing,0.0,-1.0,0.0296155349942051
27052,2021-11-30,4,moderate_supply_growing,0.0,-1.0,0.0303667604783967
27052,2021-12-31,4,moderate_supply_growing,0.0,-1.0,0.0406740372043529
27053,2021-01-31,4,moderate_supply_growing,1.0,1.0,0.4747752431360482
27053,2021-02-28,4,moderate_supply_growing,1.0,1.0,0.5388604754285429
27053,2021-03-31,4,moderate_supply_growing,0.0,0.0,0.3233475003405254
27053,2021-04-30,4,moderate_supply_growing,0.0,0.0,0.3421964358480496
27053,2021-05-31,4,moderate_supply_growing,0.0,0.0,0.339584221024831
27053,2021-06-30,4,moderate_supply_growing,0.0,-1.0,0.2802932030572719
27053,2021-07-31,4,moderate_supply_growing,0.0,-1.0,0.234649996056774
27053,2021-08-31,4,moderate_supply_growing,0.0,-1.0,0.2307848157346655
27053,2021-09-30,4,moderate_supply_growing,0.0,-1.0,0.1265327790687359
27053,2021-10-31,4,moderate_supply_growing,0.0,-1.0,0.0871450777638882
27053,2021-11-30,4,moderate_supply_growing,0.0,-1.0,0.0879989155928053
27053,2021-12-31,4,moderate_supply_growing,0.0,-1.0,0.081332004406688
27054,2021-01-31,2,competitive_mid_market,1.0,1.0,0.7552603310981787
27054,2021-02-28,2,competitive_mid_market,1.0,1.0,0.90277395710832
27054,2021-03-31,2,competitive_mid_market,0.0,0.0,0.8018341755324706
27054,2021-04-30,2,competitive_mid_market,0.0,0.0,0.8767089691151047
27054,2021-05-31,2,competitive_mid_market,0.0,0.0,0.7569091202041716
27054,2021-06-30,2,competitive_mid_market,0.0,0.0,0.7213102763105009
27054,2021-07-31,2,competitive_mid_market,0.0,0.0,0.7619239671194702
27054,2021-08-31,2,competitive_mid_market,0.0,0.0,0.8034615021403573
27054,2021-09-30,2,competitive_mid_market,0.0,-1.0,0.3703577464117871
27054,2021-10-31,2,competitive_mid_market,0.0,-1.0,0.6578885938700133
27054,2021-11-30,2,competitive_mid_market,0.0,-1.0,0.4002390558426315
27054,2021-12-31,2,competitive_mid_market,0.0,-1.0,0.1443471342487301
27055,2021-01-31,2,competitive_mid_market,0.0,0.0,0.0796230619078127
27055,2021-02-28,2,competitive_mid_market,0.0,-1.0,0.1223277654056946
27055,2021-03-31,2,competitive_mid_market,0.0,-1.0,0.1833239652072009
27055,2021-04-30,2,competitive_mid_market,0.0,-1.0,0.0686332348437704
27055,2021-05-31,2,competitive_mid_market,0.0,-1.0,0.1130230686238315
27055,2021-06-30,2,competitive_mid_market,0.0,-1.0,0.4697068965023991
27055,2021-07-31,2,competitive_mid_market,0.0,-1.0,0.4221869979758803
27055,2021-08-31,2,competitive_mid_market,0.0,-1.0,0.0641025454838545
27055,2021-09-30,2,competitive_mid_market,0.0,-1.0,0.0486960715446746
27055,2021-10-31,2,competitive_mid_market,0.0,-1.0,0.0340421778999966
27055,2021-11-30,2,competitive_mid_market,0.0,-1.0,0.0385459756338925
27055,2021-12-31,2,competitive_mid_market,0.0,-1.0,0.0438334188077324
27101,2021-01-31,2,competitive_mid_market,1.0,1.0,0.3468700575162138
27101,2021-02-28,2,competitive_mid_market,0.0,0.0,0.3706061553715369
27101,2021-03-31,2,competitive_mid_market,0.0,0.0,0.3550668333333001
27101,2021-04-30,2,competitive_mid_market,0.0,0.0,0.3697250028862209
27101,2021-05-31,2,competitive_mid_market,0.0,0.0,0.3665490487864802
27101,2021-06-30,2,competitive_mid_market,0.0,-1.0,0.2611410460040074
27101,2021-07-31,2,competitive_mid_market,0.0,-1.0,0.0851100163810723
27101,2021-08-31,2,competitive_mid_market,0.0,-1.0,0.0301194261626882
27101,2021-09-30,2,competitive_mid_market,0.0,-1.0,0.0387381529961195
27101,2021-10-31,2,competitive_mid_market,0.0,-1.0,0.0462952402204188
27101,2021-11-30,2,competitive_mid_market,0.0,-1.0,0.0262175190974932
27101,2021-12-31,2,competitive_mid_market,0.0,-1.0,0.0305873112025676
27103,2021-01-31,2,competitive_mid_market,0.0,0.0,0.7524155691966962
27103,2021-02-28,2,competitive_mid_market,0.0,0.0,0.7740498967435109
27103,2021-03-31,2,competitive_mid_market,0.0,0.0,0.856744634099046
27103,2021-04-30,2,competitive_mid_market,0.0,0.0,0.9028240842019792
27103,2021-05-31,2,competitive_mid_market,0.0,0.0,0.8473164041561827
27103,2021-06-30,2,competitive_mid_market,0.0,0.0,0.8664278604661065
27103,2021-07-31,2,competitive_mid_market,0.0,0.0,0.66177642423825
27103,2021-08-31,2,competitive_mid_market,0.0,0.0,0.2067812694590936
27103,2021-09-30,2,competitive_mid_market,0.0,0.0,0.0771842207684977
27103,2021-10-31,2,competitive_mid_market,0.0,-1.0,0.1574521700246119
27103,2021-11-30,2,competitive_mid_market,0.0,-1.0,0.1553102685386647
27103,2021-12-31,2,competitive_mid_market,0.0,-1.0,0.3290254893668398
27104,2021-01-31,3,affordable_high_demand,1.0,1.0,0.93562848639726
27104,2021-02-28,3,affordable_high_demand,1.0,1.0,0.886016504573698
27104,2021-03-31,3,affordable_high_demand,1.0,1.0,0.907473142772419
27104,2021-04-30,3,affordable_high_demand,0.0,0.0,0.9161982998748408
27104,2021-05-31,3,affordable_high_demand,0.0,0.0,0.9194497437747964
27104,2021-06-30,3,affordable_high_demand,0.0,0.0,0.8946433454614081
27104,2021-07-31,3,affordable_high_demand,0.0,0.0,0.81343188285976
27104,2021-08-31,3,affordable_high_demand,0.0,0.0,0.3528912410533364
27104,2021-09-30,3,affordable_high_demand,0.0,0.0,0.2396796209119185
27104,2021-10-31,3,affordable_high_demand,0.0,-1.0,0.316227679172448
27104,2021-11-30,3,affordable_high_demand,0.0,-1.0,0.325303560476297
27104,2021-12-31,3,affordable_high_demand,0.0,-1.0,0.3938977896469874
27105,2021-01-31,2,competitive_mid_market,1.0,1.0,0.4038894931319292
27105,2021-02-28,2,competitive_mid_market,0.0,0.0,0.3236412547350681
27105,2021-03-31,2,competitive_mid_market,0.0,0.0,0.4051115080246026
27105,2021-04-30,2,competitive_mid_market,0.0,0.0,0.3103791521654724
27105,2021-05-31,2,competitive_mid_market,0.0,0.0,0.5280991177440939
27105,2021-06-30,2,competitive_mid_market,0.0,-1.0,0.4757212582275843
27105,2021-07-31,2,competitive_mid_market,0.0,-1.0,0.1250998760242671
27105,2021-08-31,2,competitive_mid_market,0.0,-1.0,0.089290008740366
27105,2021-09-30,2,competitive_mid_market,0.0,-1.0,0.0662444063762572
27105,2021-10-31,2,competitive_mid_market,0.0,-1.0,0.0588531408173204
27105,2021-11-30,2,competitive_mid_market,0.0,-1.0,0.1002577836716605
27105,2021-12-31,2,competitive_mid_market,0.0,-1.0,0.1223714262674455
27106,2021-01-31,3,affordable_high_demand,0.0,0.0,0.8685013448990809
27106,2021-02-28,3,affordable_high_demand,0.0,0.0,0.8655754237128122
27106,2021-03-31,3,affordable_high_demand,0.0,0.0,0.7362184646933354
27106,2021-04-30,3,affordable_high_demand,0.0,0.0,0.93711359367802
27106,2021-05-31,3,affordable_high_demand,0.0,0.0,0.8632487447558147
27106,2021-06-30,3,affordable_high_demand,0.0,0.0,0.8658620319156002
27106,2021-07-31,3,affordable_high_demand,0.0,0.0,0.8450432578652486
27106,2021-08-31,3,affordable_high_demand,0.0,0.0,0.3797554091113812
27106,2021-09-30,3,affordable_high_demand,0.0,0.0,0.2227609335732572
27106,2021-10-31,3,affordable_high_demand,0.0,-1.0,0.2171648031826972
27106,2021-11-30,3,affordable_high_demand,0.0,-1.0,0.4482338293266823
27106,2021-12-31,3,affordable_high_demand,0.0,-1.0,0.4405759379847769
27107,2021-01-31,2,competitive_mid_market,0.0,0.0,0.3155185590601098
27107,2021-02-28,2,competitive_mid_market,0.0,0.0,0.3167199963115043
27107,2021-03-31,2,competitive_mid_market,0.0,0.0,0.5910504272037417
27107,2021-04-30,2,competitive_mid_market,0.0,0.0,0.4907439054778053
27107,2021-05-31,2,competitive_mid_market,0.0,0.0,0.6722367869330659
27107,2021-06-30,2,competitive_mid_market,0.0,0.0,0.7252571298894966
27107,2021-07-31,2,competitive_mid_market,0.0,0.0,0.6294618558714273
27107,2021-08-31,2,competitive_mid_market,0.0,-1.0,0.2532596414949213
27107,2021-09-30,2,competitive_mid_market,0.0,-1.0,0.1030549819973818
27107,2021-10-31,2,competitive_mid_market,0.0,-1.0,0.1135336250551231
27107,2021-11-30,2,competitive_mid_market,0.0,-1.0,0.1095058565017428
27107,2021-12-31,2,competitive_mid_market,0.0,-1.0,0.099529353199822
27127,2021-01-31,2,competitive_mid_market,0.0,0.0,0.6261847888247131
27127,2021-02-28,2,competitive_mid_market,0.0,0.0,0.7147038843479215
27127,2021-03-31,2,competitive_mid_market,0.0,0.0,0.6904146570129744
27127,2021-04-30,2,competitive_mid_market,0.0,0.0,0.7953212866310678
27127,2021-05-31,2,competitive_mid_market,0.0,0.0,0.7708207121607136
27127,2021-06-30,2,competitive_mid_market,0.0,0.0,0.5806934764576751
27127,2021-07-31,2,competitive_mid_market,0.0,0.0,0.6456569411025286
27127,2021-08-31,2,competitive_mid_market,0.0,0.0,0.509067903929409
27127,2021-09-30,2,competitive_mid_market,0.0,-1.0,0.1632381495607815
27127,2021-10-31,2,competitive_mid_market,0.0,-1.0,0.0911444329072352
27127,2021-11-30,2,competitive_mid_market,0.0,-1.0,0.1207270261914577
27127,2021-12-31,2,competitive_mid_market,0.0,-1.0,0.1751386179615611
27203,2021-01-31,2,competitive_mid_market,0.0,0.0,0.0461969393564549
27203,2021-02-28,2,competitive_mid_market,0.0,0.0,0.0462330038205607
27203,2021-03-31,2,competitive_mid_market,0.0,0.0,0.1517726892852683
27203,2021-04-30,2,competitive_mid_market,0.0,0.0,0.3992582945061724
27203,2021-05-31,2,competitive_mid_market,0.0,0.0,0.6971380894672019
27203,2021-06-30,2,competitive_mid_market,0.0,0.0,0.908053130542224
27203,2021-07-31,2,competitive_mid_market,0.0,0.0,0.7975109432684603
27203,2021-08-31,2,competitive_mid_market,0.0,0.0,0.4985518723857485
27203,2021-09-30,2,competitive_mid_market,0.0,0.0,0.1369806319714809
27203,2021-10-31,2,competitive_mid_market,0.0,-1.0,0.0719036166707856
27203,2021-11-30,2,competitive_mid_market,0.0,-1.0,0.0446181245812985
27203,2021-12-31,2,competitive_mid_market,0.0,-1.0,0.0305730649384953
27205,2021-01-31,2,competitive_mid_market,0.0,0.0,0.3524058002387795
27205,2021-02-28,2,competitive_mid_market,0.0,0.0,0.4708130369062627
27205,2021-03-31,2,competitive_mid_market,0.0,0.0,0.4911177117638944
27205,2021-04-30,2,competitive_mid_market,0.0,0.0,0.7828719775858928
27205,2021-05-31,2,competitive_mid_market,0.0,0.0,0.8891405553278677
27205,2021-06-30,2,competitive_mid_market,0.0,0.0,0.9175303444355564
27205,2021-07-31,2,competitive_mid_market,0.0,0.0,0.8532346567498459
27205,2021-08-31,2,competitive_mid_market,0.0,0.0,0.6278344661541303
27205,2021-09-30,2,competitive_mid_market,0.0,0.0,0.1446247849300094
27205,2021-10-31,2,competitive_mid_market,0.0,-1.0,0.0500818825757997
27205,2021-11-30,2,competitive_mid_market,0.0,-1.0,0.0753860460911706
27205,2021-12-31,2,competitive_mid_market,0.0,-1.0,0.0849179058998148
27214,2021-01-31,2,competitive_mid_market,1.0,1.0,0.8121721683612536
27214,2021-02-28,2,competitive_mid_market,1.0,1.0,0.8709685882541939
27214,2021-03-31,2,competitive_mid_market,1.0,1.0,0.4840368118035382
27214,2021-04-30,2,competitive_mid_market,0.0,0.0,0.6085161958119486
27214,2021-05-31,2,competitive_mid_market,0.0,0.0,0.6979786402627762
27214,2021-06-30,2,competitive_mid_market,0.0,0.0,0.5325170453486714
27214,2021-07-31,2,competitive_mid_market,0.0,0.0,0.6457293197224759
27214,2021-08-31,2,competitive_mid_market,0.0,0.0,0.5170593586838449
27214,2021-09-30,2,competitive_mid_market,0.0,-1.0,0.1540940759838995
27214,2021-10-31,2,competitive_mid_market,0.0,-1.0,0.1879936694571257
27214,2021-11-30,2,competitive_mid_market,0.0,-1.0,0.1718615976722267
27214,2021-12-31,2,competitive_mid_market,0.0,-1.0,0.1527270452672625
27215,2021-01-31,3,affordable_high_demand,1.0,1.0,0.5556900287945098
27215,2021-02-28,3,affordable_high_demand,1.0,1.0,0.7228080364588587
27215,2021-03-31,3,affordable_high_demand,1.0,1.0,0.5721505775805661
27215,2021-04-30,3,affordable_high_demand,1.0,1.0,0.6856258259203045
27215,2021-05-31,3,affordable_high_demand,0.0,0.0,0.5425292616907581
27215,2021-06-30,3,affordable_high_demand,0.0,0.0,0.5176992582306175
27215,2021-07-31,3,affordable_high_demand,0.0,0.0,0.3484368527127662
27215,2021-08-31,3,affordable_high_demand,0.0,0.0,0.3926802982016104
27215,2021-09-30,3,affordable_high_demand,0.0,0.0,0.2260849162634968
27215,2021-10-31,3,affordable_high_demand,0.0,-1.0,0.0751517158506753
27215,2021-11-30,3,affordable_high_demand,0.0,-1.0,0.0893890956431091
27215,2021-12-31,3,affordable_high_demand,0.0,-1.0,0.2862858516385592
27217,2021-01-31,2,competitive_mid_market,1.0,1.0,0.1856118426867274
27217,2021-02-28,2,competitive_mid_market,1.0,1.0,0.3239721331028449
27217,2021-03-31,2,competitive_mid_market,1.0,1.0,0.1860485046025463
27217,2021-04-30,2,competitive_mid_market,1.0,1.0,0.1450299012394239
27217,2021-05-31,2,competitive_mid_market,0.0,0.0,0.3322040722312525
27217,2021-06-30,2,competitive_mid_market,0.0,0.0,0.2089048592378001
27217,2021-07-31,2,competitive_mid_market,0.0,0.0,0.2076262527431794
27217,2021-08-31,2,competitive_mid_market,0.0,0.0,0.1961855571545834
27217,2021-09-30,2,competitive_mid_market,0.0,0.0,0.0507696635620685
27217,2021-10-31,2,competitive_mid_market,0.0,-1.0,0.0488694656261592
27217,2021-11-30,2,competitive_mid_market,0.0,-1.0,0.0591758288406537
27217,2021-12-31,2,competitive_mid_market,0.0,-1.0,0.1062200431053142
27231,2021-01-31,1,low_activity_cooling,1.0,1.0,0.1630397256163286
27231,2021-02-28,1,low_activity_cooling,1.0,1.0,0.2531527281333689
27231,2021-03-31,1,low_activity_cooling,0.0,0.0,0.1028936164820173
27231,2021-04-30,1,low_activity_cooling,1.0,1.0,0.9039714682267772
27231,2021-05-31,1,low_activity_cooling,1.0,1.0,0.7483136763886488
27231,2021-06-30,1,low_activity_cooling,1.0,1.0,0.7006771203791363
27231,2021-07-31,1,low_activity_cooling,1.0,1.0,0.7723857159319965
27231,2021-08-31,1,low_activity_cooling,1.0,1.0,0.3996044809199812
27231,2021-09-30,1,low_activity_cooling,1.0,1.0,0.4102639759818641
27231,2021-10-31,1,low_activity_cooling,0.0,0.0,0.3404671526301312
27231,2021-11-30,1,low_activity_cooling,1.0,1.0,0.4736404483153402
27231,2021-12-31,1,low_activity_cooling,1.0,1.0,0.7506659005239439
27233,2021-01-31,2,competitive_mid_market,0.0,0.0,0.0377057349905473
27233,2021-02-28,2,competitive_mid_market,0.0,0.0,0.1005360975173374
27233,2021-03-31,2,competitive_mid_market,0.0,0.0,0.0777468367009161
27233,2021-04-30,2,competitive_mid_market,0.0,0.0,0.6292045059644161
27233,2021-05-31,2,competitive_mid_market,0.0,0.0,0.430587653072483
27233,2021-06-30,2,competitive_mid_market,0.0,-1.0,0.4424581174679346
27233,2021-07-31,2,competitive_mid_market,0.0,-1.0,0.3037423986788309
27233,2021-08-31,2,competitive_mid_market,0.0,-1.0,0.1223486574432316
27233,2021-09-30,2,competitive_mid_market,0.0,-1.0,0.054152477100515
27233,2021-10-31,2,competitive_mid_market,0.0,-1.0,0.0460247456711332
27233,2021-11-30,2,competitive_mid_market,0.0,-1.0,0.0686550354436138
27233,2021-12-31,2,competitive_mid_market,0.0,-1.0,0.0636461970411055
27235,2021-01-31,1,low_activity_cooling,0.0,-1.0,0.3099111972894433
27235,2021-02-28,1,low_activity_cooling,0.0,-1.0,0.5295623976381933
27235,2021-03-31,1,low_activity_cooling,0.0,-1.0,0.2147935458427614
27235,2021-04-30,1,low_activity_cooling,0.0,-1.0,0.5267047118805778
27235,2021-05-31,1,low_activity_cooling,0.0,0.0,0.3921741827439065
27235,2021-06-30,1,low_activity_cooling,0.0,0.0,0.8157588523092224
27235,2021-07-31,1,low_activity_cooling,0.0,0.0,0.8356394490869439
27235,2021-08-31,1,low_activity_cooling,0.0,0.0,0.7199312886072726
27235,2021-09-30,1,low_activity_cooling,0.0,0.0,0.6887455431471208
27235,2021-10-31,1,low_activity_cooling,0.0,0.0,0.569851589659254
27235,2021-11-30,1,low_activity_cooling,0.0,0.0,0.7627798262984591
27235,2021-12-31,1,low_activity_cooling,0.0,0.0,0.7610107767495733
27239,2021-01-31,2,competitive_mid_market,1.0,1.0,0.3200536373910987
27239,2021-02-28,2,competitive_mid_market,1.0,1.0,0.2442390166443918
27239,2021-03-31,2,competitive_mid_market,1.0,1.0,0.2062051893558725
27239,2021-04-30,2,competitive_mid_market,0.0,0.0,0.4134755436284285
27239,2021-05-31,2,competitive_mid_market,0.0,0.0,0.5127501439236216
27239,2021-06-30,2,competitive_mid_market,0.0,0.0,0.729010450531127
27239,2021-07-31,2,competitive_mid_market,0.0,0.0,0.3930396204707464
27239,2021-08-31,2,competitive_mid_market,0.0,0.0,0.0517533852901512
27239,2021-09-30,2,competitive_mid_market,0.0,0.0,0.0099691891827127
27239,2021-10-31,2,competitive_mid_market,0.0,-1.0,0.0269883138968744
27239,2021-11-30,2,competitive_mid_market,0.0,-1.0,0.0317797176884481
27239,2021-12-31,2,competitive_mid_market,0.0,-1.0,0.0137362310179632
27243,2021-01-31,1,low_activity_cooling,0.0,-1.0,0.0143224840342252
27243,2021-02-28,1,low_activity_cooling,0.0,0.0,0.6333573923207687
27243,2021-03-31,1,low_activity_cooling,1.0,1.0,0.2299087186618031
27243,2021-04-30,1,low_activity_cooling,1.0,1.0,0.0986711655410936
27243,2021-05-31,1,low_activity_cooling,1.0,1.0,0.8354928799048115
27243,2021-06-30,1,low_activity_cooling,1.0,1.0,0.193799094417966
27243,2021-07-31,1,low_activity_cooling,1.0,1.0,0.2888332170204002
27243,2021-08-31,1,low_activity_cooling,0.0,0.0,0.3823224883528101
27243,2021-09-30,1,low_activity_cooling,0.0,0.0,0.5045062737268287
27243,2021-10-31,1,low_activity_cooling,0.0,0.0,0.1709545561863245
27243,2021-11-30,1,low_activity_cooling,0.0,0.0,0.4333623832150173
27243,2021-12-31,1,low_activity_cooling,0.0,0.0,0.5116085640567329
27244,2021-01-31,3,affordable_high_demand,1.0,1.0,0.1119224582822266
27244,2021-02-28,3,affordable_high_demand,1.0,1.0,0.1688486563585928
27244,2021-03-31,3,affordable_high_demand,1.0,1.0,0.3551529154365714
27244,2021-04-30,3,affordable_high_demand,1.0,1.0,0.1587344160506383
27244,2021-05-31,3,affordable_high_demand,0.0,0.0,0.151094290289984
27244,2021-06-30,3,affordable_high_demand,0.0,0.0,0.1855871717985595
27244,2021-07-31,3,affordable_high_demand,0.0,0.0,0.0513762299990027
27244,2021-08-31,3,affordable_high_demand,0.0,0.0,0.0536205357671067
27244,2021-09-30,3,affordable_high_demand,0.0,-1.0,0.0158386417326152
27244,2021-10-31,3,affordable_high_demand,0.0,-1.0,0.014248212415207
27244,2021-11-30,3,affordable_high_demand,0.0,-1.0,0.0122083442611021
27244,2021-12-31,3,affordable_high_demand,0.0,-1.0,0.0325699919270942
27248,2021-01-31,2,competitive_mid_market,0.0,-1.0,0.0160081678896616
27248,2021-02-28,2,competitive_mid_market,0.0,-1.0,0.026925439372566
27248,2021-03-31,2,competitive_mid_market,0.0,-1.0,0.040620352641967
27248,2021-04-30,2,competitive_mid_market,0.0,-1.0,0.1736644646721795
27248,2021-05-31,2,competitive_mid_market,0.0,-1.0,0.1249204913461098
27248,2021-06-30,2,competitive_mid_market,0.0,-1.0,0.3044679300177567
27248,2021-07-31,2,competitive_mid_market,0.0,-1.0,0.3460819999328087
27248,2021-08-31,2,competitive_mid_market,0.0,-1.0,0.238994208012683
27248,2021-09-30,2,competitive_mid_market,0.0,-1.0,0.0279343037654641
27248,2021-10-31,2,competitive_mid_market,0.0,-1.0,0.0090163292591856
27248,2021-11-30,2,competitive_mid_market,0.0,-1.0,0.0298713199909802
27248,2021-12-31,2,competitive_mid_market,0.0,-1.0,0.0064227575147783
27249,2021-01-31,4,moderate_supply_growing,1.0,1.0,0.4623609714035264
27249,2021-02-28,4,moderate_supply_growing,1.0,1.0,0.5510098789051926
27249,2021-03-31,4,moderate_supply_growing,0.0,0.0,0.7369243288453065
27249,2021-04-30,4,moderate_supply_growing,0.0,0.0,0.7547818784522657
27249,2021-05-31,4,moderate_supply_growing,0.0,0.0,0.782919799243612
27249,2021-06-30,4,moderate_supply_growing,0.0,0.0,0.8461568803523553
27249,2021-07-31,4,moderate_supply_growing,0.0,0.0,0.8424749017365089
27249,2021-08-31,4,moderate_supply_growing,0.0,0.0,0.5933765492002284
27249,2021-09-30,4,moderate_supply_growing,0.0,-1.0,0.1700187212917709
27249,2021-10-31,4,moderate_supply_growing,0.0,-1.0,0.1492240130630742
27249,2021-11-30,4,moderate_supply_growing,0.0,-1.0,0.3513932438193149
27249,2021-12-31,4,moderate_supply_growing,0.0,-1.0,0.3184082214560637
27253,2021-01-31,3,affordable_high_demand,1.0,1.0,0.4550118357038022
27253,2021-02-28,3,affordable_high_demand,1.0,1.0,0.3888614992870625
27253,2021-03-31,3,affordable_high_demand,1.0,1.0,0.3768609792547526
27253,2021-04-30,3,affordable_high_demand,0.0,0.0,0.3698745571230601
27253,2021-05-31,3,affordable_high_demand,0.0,0.0,0.4021714998188333
27253,2021-06-30,3,affordable_high_demand,0.0,0.0,0.3288200223317637
27253,2021-07-31,3,affordable_high_demand,0.0,0.0,0.4199158575929609
27253,2021-08-31,3,affordable_high_demand,0.0,0.0,0.3283945170835953
27253,2021-09-30,3,affordable_high_demand,0.0,-1.0,0.0751529993387819
27253,2021-10-31,3,affordable_high_demand,0.0,-1.0,0.023749585709318
27253,2021-11-30,3,affordable_high_demand,0.0,-1.0,0.0208628007743342
27253,2021-12-31,3,affordable_high_demand,0.0,-1.0,0.1182874553862615
27258,2021-01-31,3,affordable_high_demand,0.0,0.0,0.2321130052369402
27258,2021-02-28,3,affordable_high_demand,0.0,0.0,0.3382230708941077
27258,2021-03-31,3,affordable_high_demand,0.0,0.0,0.5066731530426465
27258,2021-04-30,3,affordable_high_demand,0.0,0.0,0.6521493671114653
27258,2021-05-31,3,affordable_high_demand,0.0,0.0,0.2551945077313322
27258,2021-06-30,3,affordable_high_demand,0.0,-1.0,0.2226799298752677
27258,2021-07-31,3,affordable_high_demand,0.0,-1.0,0.1468944323970394
27258,2021-08-31,3,affordable_high_demand,0.0,-1.0,0.1847671914902756
27258,2021-09-30,3,affordable_high_demand,0.0,-1.0,0.0460766269754647
27258,2021-10-31,3,affordable_high_demand,0.0,-1.0,0.0391547624013565
27258,2021-11-30,3,affordable_high_demand,0.0,-1.0,0.0457381688340704
27258,2021-12-31,3,affordable_high_demand,0.0,-1.0,0.4411976526690608
27260,2021-01-31,2,competitive_mid_market,0.0,0.0,0.2014439213651827
27260,2021-02-28,2,competitive_mid_market,0.0,0.0,0.2461575658156098
27260,2021-03-31,2,competitive_mid_market,0.0,0.0,0.5328180030008496
27260,2021-04-30,2,competitive_mid_market,0.0,0.0,0.4981430310322552
27260,2021-05-31,2,competitive_mid_market,0.0,-1.0,0.3909077596526019
27260,2021-06-30,2,competitive_mid_market,0.0,-1.0,0.3449257918126624
27260,2021-07-31,2,competitive_mid_market,0.0,-1.0,0.5318359932113154
27260,2021-08-31,2,competitive_mid_market,0.0,-1.0,0.1168640775717077
27260,2021-09-30,2,competitive_mid_market,0.0,-1.0,0.0119886596227497
27260,2021-10-31,2,competitive_mid_market,0.0,-1.0,0.0155372486794616
27260,2021-11-30,2,competitive_mid_market,0.0,-1.0,0.0045721961320001
27260,2021-12-31,2,competitive_mid_market,0.0,-1.0,0.0076441061847045
27262,2021-01-31,2,competitive_mid_market,0.0,0.0,0.3366593201342686
27262,2021-02-28,2,competitive_mid_market,0.0,0.0,0.2916456293416464
27262,2021-03-31,2,competitive_mid_market,0.0,0.0,0.5081355007981221
27262,2021-04-30,2,competitive_mid_market,0.0,0.0,0.5629598103771987
27262,2021-05-31,2,competitive_mid_market,0.0,0.0,0.3906169864932654
27262,2021-06-30,2,competitive_mid_market,0.0,0.0,0.3757186365906469
27262,2021-07-31,2,competitive_mid_market,0.0,0.0,0.4134358227978235
27262,2021-08-31,2,competitive_mid_market,0.0,0.0,0.0834063103308093
27262,2021-09-30,2,competitive_mid_market,0.0,-1.0,0.0617569701345748
27262,2021-10-31,2,competitive_mid_market,0.0,-1.0,0.0400658501527281
27262,2021-11-30,2,competitive_mid_market,0.0,-1.0,0.0561118660542728
27262,2021-12-31,2,competitive_mid_market,0.0,-1.0,0.1132847821324729
27263,2021-01-31,2,competitive_mid_market,0.0,0.0,0.1709461920475835
27263,2021-02-28,2,competitive_mid_market,0.0,0.0,0.1567739670783947
27263,2021-03-31,2,competitive_mid_market,0.0,0.0,0.1861044107116654
27263,2021-04-30,2,competitive_mid_market,0.0,0.0,0.4695698770053147
27263,2021-05-31,2,competitive_mid_market,0.0,0.0,0.5442252378434119
27263,2021-06-30,2,competitive_mid_market,0.0,0.0,0.3976574136713041
27263,2021-07-31,2,competitive_mid_market,0.0,0.0,0.4146486672688234
27263,2021-08-31,2,competitive_mid_market,0.0,-1.0,0.2642556316055333
27263,2021-09-30,2,competitive_mid_market,0.0,-1.0,0.0854070794584855
27263,2021-10-31,2,competitive_mid_market,0.0,-1.0,0.0561704871494931
27263,2021-11-30,2,competitive_mid_market,0.0,-1.0,0.0481843657558409
27263,2021-12-31,2,competitive_mid_market,0.0,-1.0,0.05198217480851
27265,2021-01-31,3,affordable_high_demand,1.0,1.0,0.8278091556505639
27265,2021-02-28,3,affordable_high_demand,1.0,1.0,0.8388979114058622
27265,2021-03-31,3,affordable_high_demand,1.0,1.0,0.8595775042992526
27265,2021-04-30,3,affordable_high_demand,0.0,0.0,0.8651998699705051
27265,2021-05-31,3,affordable_high_demand,0.0,0.0,0.8270266834713301
27265,2021-06-30,3,affordable_high_demand,0.0,0.0,0.8236309359142172
27265,2021-07-31,3,affordable_high_demand,0.0,0.0,0.7769453512964187
27265,2021-08-31,3,affordable_high_demand,0.0,0.0,0.5599375131874407
27265,2021-09-30,3,affordable_high_demand,0.0,0.0,0.2353170993592084
27265,2021-10-31,3,affordable_high_demand,0.0,-1.0,0.2225071690730256
27265,2021-11-30,3,affordable_high_demand,0.0,-1.0,0.2639695616017973
27265,2021-12-31,3,affordable_high_demand,0.0,-1.0,0.2518355126736971
27278,2021-01-31,3,affordable_high_demand,1.0,1.0,0.8890781280826471
27278,2021-02-28,3,affordable_high_demand,1.0,1.0,0.8220757308029958
27278,2021-03-31,3,affordable_high_demand,1.0,1.0,0.7061026986404262
27278,2021-04-30,3,affordable_high_demand,0.0,0.0,0.8506444783088692
27278,2021-05-31,3,affordable_high_demand,0.0,0.0,0.762881523923492
27278,2021-06-30,3,affordable_high_demand,0.0,0.0,0.6151787865527878
27278,2021-07-31,3,affordable_high_demand,0.0,0.0,0.5176329106132825
27278,2021-08-31,3,affordable_high_demand,0.0,0.0,0.3076227676408699
27278,2021-09-30,3,affordable_high_demand,0.0,0.0,0.1266152264394786
27278,2021-10-31,3,affordable_high_demand,0.0,-1.0,0.2004904237375165
27278,2021-11-30,3,affordable_high_demand,0.0,-1.0,0.659569881952381
27278,2021-12-31,3,affordable_high_demand,0.0,-1.0,0.726844090619976
27281,2021-01-31,4,moderate_supply_growing,1.0,1.0,0.4556816913578287
27281,2021-02-28,4,moderate_supply_growing,0.0,0.0,0.2575762185974793
27281,2021-03-31,4,moderate_supply_growing,1.0,1.0,0.1968407012385312
27281,2021-04-30,4,moderate_supply_growing,1.0,1.0,0.5431003504901893
27281,2021-05-31,4,moderate_supply_growing,1.0,1.0,0.6839484959934509
27281,2021-06-30,4,moderate_supply_growing,1.0,1.0,0.8041321854505248
27281,2021-07-31,4,moderate_supply_growing,1.0,1.0,0.4578098634740263
27281,2021-08-31,4,moderate_supply_growing,0.0,0.0,0.5658649991672109
27281,2021-09-30,4,moderate_supply_growing,0.0,0.0,0.3331929174269259
27281,2021-10-31,4,moderate_supply_growing,0.0,0.0,0.494371946229054
27281,2021-11-30,4,moderate_supply_growing,0.0,0.0,0.3441566507492181
27281,2021-12-31,4,moderate_supply_growing,0.0,0.0,0.2427259798960781
27282,2021-01-31,3,affordable_high_demand,1.0,1.0,0.9675005084667384
27282,2021-02-28,3,affordable_high_demand,1.0,1.0,0.90640564937899
27282,2021-03-31,3,affordable_high_demand,1.0,1.0,0.9058747046312186
27282,2021-04-30,3,affordable_high_demand,0.0,0.0,0.9244748597049744
27282,2021-05-31,3,affordable_high_demand,0.0,0.0,0.8475195443251369
27282,2021-06-30,3,affordable_high_demand,0.0,0.0,0.7518957551596577
27282,2021-07-31,3,affordable_high_demand,0.0,0.0,0.7119288110591446
27282,2021-08-31,3,affordable_high_demand,0.0,-1.0,0.8625081053146723
27282,2021-09-30,3,affordable_high_demand,0.0,-1.0,0.5588850917949307
27282,2021-10-31,3,affordable_high_demand,0.0,-1.0,0.5357801242132899
27282,2021-11-30,3,affordable_high_demand,0.0,-1.0,0.7607310855428576
27282,2021-12-31,3,affordable_high_demand,0.0,-1.0,0.8161044408378529
27283,2021-01-31,2,competitive_mid_market,1.0,1.0,0.8704048599411607
27283,2021-02-28,2,competitive_mid_market,1.0,1.0,0.9104052801516666
27283,2021-03-31,2,competitive_mid_market,1.0,1.0,0.8060411212642261
27283,2021-04-30,2,competitive_mid_market,1.0,1.0,0.6799909817435812
27283,2021-05-31,2,competitive_mid_market,1.0,1.0,0.747136241183969
27283,2021-06-30,2,competitive_mid_market,1.0,1.0,0.5686824326433453
27283,2021-07-31,2,competitive_mid_market,0.0,0.0,0.6945668758859499
27283,2021-08-31,2,competitive_mid_market,0.0,0.0,0.2006649796147835
27283,2021-09-30,2,competitive_mid_market,0.0,-1.0,0.3458105147054595
27283,2021-10-31,2,competitive_mid_market,0.0,-1.0,0.2343495886890993
27283,2021-11-30,2,competitive_mid_market,0.0,-1.0,0.1274169170910337
27283,2021-12-31,2,competitive_mid_market,0.0,-1.0,0.1101200707988445
27284,2021-01-31,3,affordable_high_demand,0.0,0.0,0.7698087090737414
27284,2021-02-28,3,affordable_high_demand,0.0,0.0,0.7899200061369486
27284,2021-03-31,3,affordable_high_demand,0.0,0.0,0.8026813299848857
27284,2021-04-30,3,affordable_high_demand,0.0,0.0,0.9264193197650608
27284,2021-05-31,3,affordable_high_demand,0.0,0.0,0.8992018811953578
27284,2021-06-30,3,affordable_high_demand,0.0,0.0,0.8304044502605237
27284,2021-07-31,3,affordable_high_demand,0.0,0.0,0.8076527038760294
27284,2021-08-31,3,affordable_high_demand,0.0,0.0,0.7700771954266041
27284,2021-09-30,3,affordable_high_demand,0.0,0.0,0.2945688568085594
27284,2021-10-31,3,affordable_high_demand,0.0,0.0,0.3418193662910513
27284,2021-11-30,3,affordable_high_demand,0.0,-1.0,0.2631561534956906
27284,2021-12-31,3,affordable_high_demand,0.0,-1.0,0.5452430535713851
27288,2021-01-31,2,competitive_mid_market,0.0,0.0,0.1052234676562763
27288,2021-02-28,2,competitive_mid_market,0.0,0.0,0.4559503526174681
27288,2021-03-31,2,competitive_mid_market,0.0,0.0,0.4467218677759962
27288,2021-04-30,2,competitive_mid_market,0.0,0.0,0.2107110655218979
27288,2021-05-31,2,competitive_mid_market,0.0,-1.0,0.2832565955901586
27288,2021-06-30,2,competitive_mid_market,0.0,-1.0,0.6905767784658821
27288,2021-07-31,2,competitive_mid_market,0.0,-1.0,0.6491520500693416
27288,2021-08-31,2,competitive_mid_market,0.0,-1.0,0.0676420151000588
27288,2021-09-30,2,competitive_mid_market,0.0,-1.0,0.0515623014924279
27288,2021-10-31,2,competitive_mid_market,0.0,-1.0,0.0457653152419809
27288,2021-11-30,2,competitive_mid_market,0.0,-1.0,0.0506965755820631
27288,2021-12-31,2,competitive_mid_market,0.0,-1.0,0.0384326135273899
27292,2021-01-31,2,competitive_mid_market,0.0,0.0,0.3792198309407737
27292,2021-02-28,2,competitive_mid_market,0.0,0.0,0.533159389645321
27292,2021-03-31,2,competitive_mid_market,0.0,0.0,0.6200616841150529
27292,2021-04-30,2,competitive_mid_market,0.0,0.0,0.5763643573088599
27292,2021-05-31,2,competitive_mid_market,0.0,0.0,0.779322663793306
27292,2021-06-30,2,competitive_mid_market,0.0,0.0,0.8668206228929656
27292,2021-07-31,2,competitive_mid_market,0.0,-1.0,0.8281658311667242
27292,2021-08-31,2,competitive_mid_market,0.0,-1.0,0.2896583693303171
27292,2021-09-30,2,competitive_mid_market,0.0,-1.0,0.0739631562971439
27292,2021-10-31,2,competitive_mid_market,0.0,-1.0,0.0507381874316071
27292,2021-11-30,2,competitive_mid_market,0.0,-1.0,0.0180093424586058
27292,2021-12-31,2,competitive_mid_market,0.0,-1.0,0.0200070118524611
27295,2021-01-31,2,competitive_mid_market,0.0,0.0,0.6818691915168563
27295,2021-02-28,2,competitive_mid_market,0.0,0.0,0.8313086957854794
27295,2021-03-31,2,competitive_mid_market,0.0,0.0,0.8612715945007376
27295,2021-04-30,2,competitive_mid_market,0.0,0.0,0.8204709636374071
27295,2021-05-31,2,competitive_mid_market,0.0,0.0,0.7902616071116476
27295,2021-06-30,2,competitive_mid_market,0.0,0.0,0.7944153641922521
27295,2021-07-31,2,competitive_mid_market,0.0,0.0,0.7898734918208935
27295,2021-08-31,2,competitive_mid_market,0.0,0.0,0.4680342804152498
27295,2021-09-30,2,competitive_mid_market,0.0,0.0,0.1646514397934393
27295,2021-10-31,2,competitive_mid_market,0.0,0.0,0.2039287671763165
27295,2021-11-30,2,competitive_mid_market,0.0,-1.0,0.111211758331277
27295,2021-12-31,2,competitive_mid_market,0.0,-1.0,0.051863819647888
27298,2021-01-31,2,competitive_mid_market,0.0,0.0,0.39020122174588
27298,2021-02-28,2,competitive_mid_market,1.0,1.0,0.3983369644691901
27298,2021-03-31,2,competitive_mid_market,1.0,1.0,0.6817348002048119
27298,2021-04-30,2,competitive_mid_market,1.0,1.0,0.7661475353759006
27298,2021-05-31,2,competitive_mid_market,0.0,0.0,0.8473192220832398
27298,2021-06-30,2,competitive_mid_market,0.0,0.0,0.8736067303599332
27298,2021-07-31,2,competitive_mid_market,0.0,0.0,0.5497162741494327
27298,2021-08-31,2,competitive_mid_market,0.0,0.0,0.207964077722959
27298,2021-09-30,2,competitive_mid_market,0.0,-1.0,0.0398504891591063
27298,2021-10-31,2,competitive_mid_market,0.0,-1.0,0.0086341433755173
27298,2021-11-30,2,competitive_mid_market,0.0,-1.0,0.006933604209172
27298,2021-12-31,2,competitive_mid_market,0.0,-1.0,0.0050757748017092
27299,2021-01-31,1,low_activity_cooling,0.0,0.0,0.8584467366082759
27299,2021-02-28,1,low_activity_cooling,1.0,1.0,0.8877239809983828
27299,2021-03-31,1,low_activity_cooling,1.0,1.0,0.9082758910715094
27299,2021-04-30,1,low_activity_cooling,1.0,1.0,0.8770985020728069
27299,2021-05-31,1,low_activity_cooling,1.0,1.0,0.968162637557614
27299,2021-06-30,1,low_activity_cooling,1.0,1.0,0.9577467861298676
27299,2021-07-31,1,low_activity_cooling,1.0,1.0,0.9142220426696724
27299,2021-08-31,1,low_activity_cooling,1.0,1.0,0.905925969413632
27299,2021-09-30,1,low_activity_cooling,1.0,1.0,0.4613422139819736
27299,2021-10-31,1,low_activity_cooling,0.0,0.0,0.6879898634618807
27299,2021-11-30,1,low_activity_cooling,0.0,0.0,0.6948690288511
27299,2021-12-31,1,low_activity_cooling,0.0,0.0,0.4777208226562393
27301,2021-01-31,2,competitive_mid_market,0.0,-1.0,0.1426497508391837
27301,2021-02-28,2,competitive_mid_market,0.0,0.0,0.226080185289302
27301,2021-03-31,2,competitive_mid_market,1.0,1.0,0.3514152331237393
27301,2021-04-30,2,competitive_mid_market,1.0,1.0,0.4764666622144119
27301,2021-05-31,2,competitive_mid_market,1.0,1.0,0.4949055277648341
27301,2021-06-30,2,competitive_mid_market,1.0,1.0,0.5760062570214235
27301,2021-07-31,2,competitive_mid_market,0.0,0.0,0.4771991649608491
27301,2021-08-31,2,competitive_mid_market,0.0,0.0,0.3063483864600238
27301,2021-09-30,2,competitive_mid_market,0.0,0.0,0.1195256411960234
27301,2021-10-31,2,competitive_mid_market,0.0,-1.0,0.1648028885358174
27301,2021-11-30,2,competitive_mid_market,0.0,-1.0,0.1087921524448325
27301,2021-12-31,2,competitive_mid_market,0.0,-1.0,0.0945584733274046
27302,2021-01-31,3,affordable_high_demand,1.0,1.0,0.6604580878141431
27302,2021-02-28,3,affordable_high_demand,1.0,1.0,0.6350022581399923
27302,2021-03-31,3,affordable_high_demand,1.0,1.0,0.7151326855728218
27302,2021-04-30,3,affordable_high_demand,1.0,1.0,0.8306102204740585
27302,2021-05-31,3,affordable_high_demand,1.0,1.0,0.8476594043120337
27302,2021-06-30,3,affordable_high_demand,1.0,1.0,0.8015582318974347
27302,2021-07-31,3,affordable_high_demand,0.0,0.0,0.6382778643981953
27302,2021-08-31,3,affordable_high_demand,0.0,0.0,0.537401200945711
27302,2021-09-30,3,affordable_high_demand,0.0,0.0,0.2281933504510462
27302,2021-10-31,3,affordable_high_demand,0.0,0.0,0.2022802264237335
27302,2021-11-30,3,affordable_high_demand,0.0,0.0,0.3929840207515274
27302,2021-12-31,3,affordable_high_demand,0.0,0.0,0.4090181072594593
27310,2021-01-31,3,affordable_high_demand,1.0,1.0,0.888934527272914
27310,2021-02-28,3,affordable_high_demand,1.0,1.0,0.939618221526288
27310,2021-03-31,3,affordable_high_demand,0.0,0.0,0.9345197164974344
27310,2021-04-30,3,affordable_high_demand,0.0,0.0,0.934224852485266
27310,2021-05-31,3,affordable_high_demand,0.0,0.0,0.8250013079575528
27310,2021-06-30,3,affordable_high_demand,0.0,0.0,0.7931685871990991
27310,2021-07-31,3,affordable_high_demand,0.0,0.0,0.5271716572547263
27310,2021-08-31,3,affordable_high_demand,0.0,0.0,0.57651566490409
27310,2021-09-30,3,affordable_high_demand,0.0,0.0,0.507716789199732
27310,2021-10-31,3,affordable_high_demand,0.0,-1.0,0.5585142356341958
27310,2021-11-30,3,affordable_high_demand,0.0,-1.0,0.4432259893664548
27310,2021-12-31,3,affordable_high_demand,0.0,-1.0,0.7496260341939376
27312,2021-01-31,3,affordable_high_demand,1.0,1.0,0.9035224048141616
27312,2021-02-28,3,affordable_high_demand,1.0,1.0,0.9538351496387008
27312,2021-03-31,3,affordable_high_demand,1.0,1.0,0.860716919322811
27312,2021-04-30,3,affordable_high_demand,1.0,1.0,0.8022207346905226
27312,2021-05-31,3,affordable_high_demand,1.0,1.0,0.8601758933899296
27312,2021-06-30,3,affordable_high_demand,1.0,1.0,0.8092647082605701
27312,2021-07-31,3,affordable_high_demand,0.0,0.0,0.7181947710265085
27312,2021-08-31,3,affordable_high_demand,0.0,0.0,0.5541793437471454
27312,2021-09-30,3,affordable_high_demand,0.0,0.0,0.5378370016686012
27312,2021-10-31,3,affordable_high_demand,0.0,0.0,0.5306069099736397
27312,2021-11-30,3,affordable_high_demand,0.0,-1.0,0.4464277064356267
27312,2021-12-31,3,affordable_high_demand,0.0,-1.0,0.3806382794355604
27313,2021-01-31,2,competitive_mid_market,0.0,-1.0,0.0986931114201423
27313,2021-02-28,2,competitive_mid_market,0.0,0.0,0.2678568342826441
27313,2021-03-31,2,competitive_mid_market,0.0,-1.0,0.1294471763322052
27313,2021-04-30,2,competitive_mid_market,0.0,-1.0,0.6075743573324653
27313,2021-05-31,2,competitive_mid_market,0.0,0.0,0.6865169163517709
27313,2021-06-30,2,competitive_mid_market,0.0,-1.0,0.4739312268223975
27313,2021-07-31,2,competitive_mid_market,0.0,-1.0,0.6220830175174132
27313,2021-08-31,2,competitive_mid_market,0.0,-1.0,0.5306194939085287
27313,2021-09-30,2,competitive_mid_market,0.0,-1.0,0.5557792016920884
27313,2021-10-31,2,competitive_mid_market,0.0,-1.0,0.082184142624937
27313,2021-11-30,2,competitive_mid_market,0.0,-1.0,0.1757047357171712
27313,2021-12-31,2,competitive_mid_market,0.0,-1.0,0.3226038529497748
27316,2021-01-31,2,competitive_mid_market,1.0,1.0,0.2247543917213465
27316,2021-02-28,2,competitive_mid_market,0.0,0.0,0.1094291877997355
27316,2021-03-31,2,competitive_mid_market,0.0,0.0,0.0705465281930098
27316,2021-04-30,2,competitive_mid_market,0.0,0.0,0.1620365089718046
27316,2021-05-31,2,competitive_mid_market,0.0,0.0,0.0546668200214976
27316,2021-06-30,2,competitive_mid_market,0.0,0.0,0.3612613678065642
27316,2021-07-31,2,competitive_mid_market,0.0,0.0,0.120325726550631
27316,2021-08-31,2,competitive_mid_market,0.0,-1.0,0.0879822149153962
27316,2021-09-30,2,competitive_mid_market,0.0,-1.0,0.0226376674055586
27316,2021-10-31,2,competitive_mid_market,0.0,-1.0,0.0400255928814798
27316,2021-11-30,2,competitive_mid_market,0.0,-1.0,0.0154786310794078
27316,2021-12-31,2,competitive_mid_market,0.0,-1.0,0.021538587292275
27317,2021-01-31,2,competitive_mid_market,1.0,1.0,0.508169504705978
27317,2021-02-28,2,competitive_mid_market,1.0,1.0,0.5361610763778099
27317,2021-03-31,2,competitive_mid_market,1.0,1.0,0.4953549674856838
27317,2021-04-30,2,competitive_mid_market,0.0,0.0,0.1387514244505997
27317,2021-05-31,2,competitive_mid_market,0.0,-1.0,0.1131223819415667
27317,2021-06-30,2,competitive_mid_market,0.0,-1.0,0.3257235887106673
27317,2021-07-31,2,competitive_mid_market,0.0,-1.0,0.145922785368663
27317,2021-08-31,2,competitive_mid_market,0.0,-1.0,0.0667156995249315
27317,2021-09-30,2,competitive_mid_market,0.0,-1.0,0.0512683284315743
27317,2021-10-31,2,competitive_mid_market,0.0,-1.0,0.0260903809019711
27317,2021-11-30,2,competitive_mid_market,0.0,-1.0,0.1808887762180793
27317,2021-12-31,2,competitive_mid_market,0.0,-1.0,0.1257440544939594
27320,2021-01-31,2,competitive_mid_market,0.0,0.0,0.031416713296855
27320,2021-02-28,2,competitive_mid_market,0.0,0.0,0.3068931630492831
27320,2021-03-31,2,competitive_mid_market,0.0,0.0,0.5559144353842195
27320,2021-04-30,2,competitive_mid_market,0.0,0.0,0.4471180214248925
27320,2021-05-31,2,competitive_mid_market,0.0,0.0,0.3114710645652102
27320,2021-06-30,2,competitive_mid_market,0.0,-1.0,0.5058612475579543
27320,2021-07-31,2,competitive_mid_market,0.0,-1.0,0.3007580175492548
27320,2021-08-31,2,competitive_mid_market,0.0,-1.0,0.1883519385218264
27320,2021-09-30,2,competitive_mid_market,0.0,-1.0,0.0800547741639751
27320,2021-10-31,2,competitive_mid_market,0.0,-1.0,0.0457960885094841
27320,2021-11-30,2,competitive_mid_market,0.0,-1.0,0.0427509373830677
27320,2021-12-31,2,competitive_mid_market,0.0,-1.0,0.0269588179299594
27325,2021-01-31,0,high_value_appreciating,1.0,1.0,0.5112689609950428
27325,2021-02-28,0,high_value_appreciating,0.0,0.0,0.7226712487702681
27325,2021-03-31,0,high_value_appreciating,0.0,0.0,0.2212423074477507
27325,2021-04-30,0,high_value_appreciating,0.0,-1.0,0.0850471043174436
27325,2021-05-31,0,high_value_appreciating,0.0,-1.0,0.0835915735724055
27325,2021-06-30,0,high_value_appreciating,0.0,-1.0,0.2082611872031895
27325,2021-07-31,0,high_value_appreciating,0.0,-1.0,0.1786278138693488
27325,2021-08-31,0,high_value_appreciating,0.0,-1.0,0.0277889783729712
27325,2021-09-30,0,high_value_appreciating,0.0,-1.0,0.1451269915137389
27325,2021-10-31,0,high_value_appreciating,0.0,-1.0,0.1955263561150902
27325,2021-11-30,0,high_value_appreciating,0.0,-1.0,0.0529138235039751
27325,2021-12-31,0,high_value_appreciating,0.0,-1.0,0.024017290170886
27330,2021-01-31,2,competitive_mid_market,0.0,0.0,0.2963793858255456
27330,2021-02-28,2,competitive_mid_market,0.0,0.0,0.3000168940264039
27330,2021-03-31,2,competitive_mid_market,0.0,0.0,0.7501570379408278
27330,2021-04-30,2,competitive_mid_market,0.0,0.0,0.615353032010079
27330,2021-05-31,2,competitive_mid_market,0.0,0.0,0.4270684427107215
27330,2021-06-30,2,competitive_mid_market,0.0,0.0,0.3512412536704594
27330,2021-07-31,2,competitive_mid_market,0.0,0.0,0.3683597342244145
27330,2021-08-31,2,competitive_mid_market,0.0,0.0,0.1083262081706138
27330,2021-09-30,2,competitive_mid_market,0.0,0.0,0.0895080660993971
27330,2021-10-31,2,competitive_mid_market,0.0,0.0,0.0801938733403162
27330,2021-11-30,2,competitive_mid_market,0.0,0.0,0.1457021606586158
27330,2021-12-31,2,competitive_mid_market,0.0,0.0,0.0719490551608705
27332,2021-01-31,3,affordable_high_demand,1.0,1.0,0.9283751933573028
27332,2021-02-28,3,affordable_high_demand,1.0,1.0,0.9329324651801392
27332,2021-03-31,3,affordable_high_demand,1.0,1.0,0.8264149799820829
27332,2021-04-30,3,affordable_high_demand,1.0,1.0,0.8205884472485455
27332,2021-05-31,3,affordable_high_demand,1.0,1.0,0.7524156963705082
27332,2021-06-30,3,affordable_high_demand,1.0,1.0,0.5245442967527782
27332,2021-07-31,3,affordable_high_demand,0.0,0.0,0.4439996045978059
27332,2021-08-31,3,affordable_high_demand,0.0,0.0,0.0889631279769984
27332,2021-09-30,3,affordable_high_demand,0.0,0.0,0.0585673538820826
27332,2021-10-31,3,affordable_high_demand,0.0,-1.0,0.1354365709862739
27332,2021-11-30,3,affordable_high_demand,0.0,-1.0,0.4384476978566678
27332,2021-12-31,3,affordable_high_demand,0.0,-1.0,0.3673018189964179
27344,2021-01-31,2,competitive_mid_market,0.0,0.0,0.1787481955701235
27344,2021-02-28,2,competitive_mid_market,0.0,0.0,0.0992783764529379
27344,2021-03-31,2,competitive_mid_market,0.0,0.0,0.4375943661580916
27344,2021-04-30,2,competitive_mid_market,0.0,0.0,0.503706623592989
27344,2021-05-31,2,competitive_mid_market,0.0,0.0,0.3525655822679381
27344,2021-06-30,2,competitive_mid_market,0.0,-1.0,0.1351310232062285
27344,2021-07-31,2,competitive_mid_market,0.0,-1.0,0.3315034527229445
27344,2021-08-31,2,competitive_mid_market,0.0,-1.0,0.0901198474399084
27344,2021-09-30,2,competitive_mid_market,0.0,-1.0,0.0636837814599454
27344,2021-10-31,2,competitive_mid_market,0.0,-1.0,0.1665885135836576
27344,2021-11-30,2,competitive_mid_market,0.0,-1.0,0.3712943359449508
27344,2021-12-31,2,competitive_mid_market,0.0,-1.0,0.1661216805119607
27349,2021-01-31,2,competitive_mid_market,1.0,1.0,0.0897365964003824
27349,2021-02-28,2,competitive_mid_market,1.0,1.0,0.1036864842561004
27349,2021-03-31,2,competitive_mid_market,1.0,1.0,0.2425297494161095
27349,2021-04-30,2,competitive_mid_market,1.0,1.0,0.1132213520218193
27349,2021-05-31,2,competitive_mid_market,1.0,1.0,0.120428694711182
27349,2021-06-30,2,competitive_mid_market,1.0,1.0,0.0689417825158422
27349,2021-07-31,2,competitive_mid_market,1.0,1.0,0.0260391656364532
27349,2021-08-31,2,competitive_mid_market,1.0,1.0,0.0251905213472674
27349,2021-09-30,2,competitive_mid_market,0.0,0.0,0.0396090819080911
27349,2021-10-31,2,competitive_mid_market,0.0,0.0,0.0543719596708838
27349,2021-11-30,2,competitive_mid_market,0.0,-1.0,0.0232657203472753
27349,2021-12-31,2,competitive_mid_market,0.0,-1.0,0.0313956189388197
27350,2021-01-31,2,competitive_mid_market,0.0,0.0,0.1613673537898218
27350,2021-02-28,2,competitive_mid_market,0.0,-1.0,0.2883469489502752
27350,2021-03-31,2,competitive_mid_market,0.0,-1.0,0.068777632898098
27350,2021-04-30,2,competitive_mid_market,0.0,-1.0,0.0858511377818395
27350,2021-05-31,2,competitive_mid_market,0.0,-1.0,0.3631812529526723
27350,2021-06-30,2,competitive_mid_market,0.0,0.0,0.4534120270030682
27350,2021-07-31,2,competitive_mid_market,0.0,0.0,0.5200022641432954
27350,2021-08-31,2,competitive_mid_market,0.0,0.0,0.3378022688564226
27350,2021-09-30,2,competitive_mid_market,0.0,-1.0,0.2752401526285126
27350,2021-10-31,2,competitive_mid_market,0.0,-1.0,0.1504836781334253
27350,2021-11-30,2,competitive_mid_market,0.0,-1.0,0.1889894429089619
27350,2021-12-31,2,competitive_mid_market,0.0,-1.0,0.0580730189033974
27357,2021-01-31,2,competitive_mid_market,1.0,1.0,0.8654819176204792
27357,2021-02-28,2,competitive_mid_market,0.0,0.0,0.7944181408834123
27357,2021-03-31,2,competitive_mid_market,0.0,0.0,0.6408431041533657
27357,2021-04-30,2,competitive_mid_market,0.0,0.0,0.7649837166987646
27357,2021-05-31,2,competitive_mid_market,0.0,0.0,0.8098745573991437
27357,2021-06-30,2,competitive_mid_market,0.0,0.0,0.7554770294407903
27357,2021-07-31,2,competitive_mid_market,0.0,0.0,0.5264701580211789
27357,2021-08-31,2,competitive_mid_market,0.0,0.0,0.1244920932959024
27357,2021-09-30,2,competitive_mid_market,0.0,0.0,0.110774666006645
27357,2021-10-31,2,competitive_mid_market,0.0,0.0,0.0963463150051726
27357,2021-11-30,2,competitive_mid_market,0.0,-1.0,0.0239958173874213
27357,2021-12-31,2,competitive_mid_market,0.0,-1.0,0.0399867265380938
27358,2021-01-31,3,affordable_high_demand,1.0,1.0,0.8205889671536598
27358,2021-02-28,3,affordable_high_demand,1.0,1.0,0.8753340456062179
27358,2021-03-31,3,affordable_high_demand,1.0,1.0,0.8476431811939041
27358,2021-04-30,3,affordable_high_demand,1.0,1.0,0.8935614357197612
27358,2021-05-31,3,affordable_high_demand,1.0,1.0,0.8210548757473607
27358,2021-06-30,3,affordable_high_demand,1.0,1.0,0.9163170342658584
27358,2021-07-31,3,affordable_high_demand,0.0,0.0,0.8506525384629054
27358,2021-08-31,3,affordable_high_demand,0.0,0.0,0.6687503739743463
27358,2021-09-30,3,affordable_high_demand,0.0,0.0,0.3512142811571999
27358,2021-10-31,3,affordable_high_demand,0.0,0.0,0.1911663361479023
27358,2021-11-30,3,affordable_high_demand,0.0,-1.0,0.3260357646920901
27358,2021-12-31,3,affordable_high_demand,0.0,-1.0,0.6264198159194316
27360,2021-01-31,2,competitive_mid_market,0.0,0.0,0.5882945230263481
27360,2021-02-28,2,competitive_mid_market,0.0,0.0,0.6930304548044045
27360,2021-03-31,2,competitive_mid_market,0.0,0.0,0.682079472590631
27360,2021-04-30,2,competitive_mid_market,0.0,0.0,0.7446730121836603
27360,2021-05-31,2,competitive_mid_market,0.0,0.0,0.6319236150333227
27360,2021-06-30,2,competitive_mid_market,0.0,0.0,0.6211814534323741
27360,2021-07-31,2,competitive_mid_market,0.0,-1.0,0.6178062360298003
27360,2021-08-31,2,competitive_mid_market,0.0,-1.0,0.3909852358172718
27360,2021-09-30,2,competitive_mid_market,0.0,-1.0,0.1982200386498368
27360,2021-10-31,2,competitive_mid_market,0.0,-1.0,0.1328201885263478
27360,2021-11-30,2,competitive_mid_market,0.0,-1.0,0.0699640624010749
27360,2021-12-31,2,competitive_mid_market,0.0,-1.0,0.0780724609334631
27370,2021-01-31,2,competitive_mid_market,0.0,0.0,0.3692032436606952
27370,2021-02-28,2,competitive_mid_market,0.0,0.0,0.4255857667657786
27370,2021-03-31,2,competitive_mid_market,0.0,0.0,0.5379663625842124
27370,2021-04-30,2,competitive_mid_market,0.0,0.0,0.764808736107697
27370,2021-05-31,2,competitive_mid_market,0.0,0.0,0.8369118112439432
27370,2021-06-30,2,competitive_mid_market,0.0,0.0,0.9053110782637578
27370,2021-07-31,2,competitive_mid_market,0.0,0.0,0.8679589938551726
27370,2021-08-31,2,competitive_mid_market,0.0,0.0,0.7821569535886399
27370,2021-09-30,2,competitive_mid_market,0.0,0.0,0.2677115119226146
27370,2021-10-31,2,competitive_mid_market,0.0,-1.0,0.280317013750165
27370,2021-11-30,2,competitive_mid_market,0.0,0.0,0.3975896731847025
27370,2021-12-31,2,competitive_mid_market,0.0,-1.0,0.4124315085775882
27376,2021-01-31,1,low_activity_cooling,0.0,0.0,0.4458713140076218
27376,2021-02-28,1,low_activity_cooling,1.0,1.0,0.3346926499866463
27376,2021-03-31,1,low_activity_cooling,1.0,1.0,0.2958115473874888
27376,2021-04-30,1,low_activity_cooling,1.0,1.0,0.2359484711765147
27376,2021-05-31,1,low_activity_cooling,1.0,1.0,0.1651585104650777
27376,2021-06-30,1,low_activity_cooling,0.0,0.0,0.3097585011012482
27376,2021-07-31,1,low_activity_cooling,0.0,0.0,0.2560969119796539
27376,2021-08-31,1,low_activity_cooling,1.0,1.0,0.4194237988885974
27376,2021-09-30,1,low_activity_cooling,1.0,1.0,0.3932215391603249
27376,2021-10-31,1,low_activity_cooling,0.0,0.0,0.2149459331968632
27376,2021-11-30,1,low_activity_cooling,0.0,0.0,0.6549316168610823
27376,2021-12-31,1,low_activity_cooling,0.0,0.0,0.5106354403497635
27377,2021-01-31,3,affordable_high_demand,1.0,1.0,0.9419998492269236
27377,2021-02-28,3,affordable_high_demand,1.0,1.0,0.9290260137064272
27377,2021-03-31,3,affordable_high_demand,1.0,1.0,0.9032105592759094
27377,2021-04-30,3,affordable_high_demand,1.0,1.0,0.8994854676203347
27377,2021-05-31,3,affordable_high_demand,0.0,0.0,0.8697856114500618
27377,2021-06-30,3,affordable_high_demand,1.0,1.0,0.9314191188251408
27377,2021-07-31,3,affordable_high_demand,1.0,1.0,0.9116030022263196
27377,2021-08-31,3,affordable_high_demand,1.0,1.0,0.9201710329409526
27377,2021-09-30,3,affordable_high_demand,0.0,0.0,0.6760265881242755
27377,2021-10-31,3,affordable_high_demand,0.0,0.0,0.4005644614194797
27377,2021-11-30,3,affordable_high_demand,0.0,0.0,0.3551284993913193
27377,2021-12-31,3,affordable_high_demand,0.0,-1.0,0.7476033158254515
27401,2021-01-31,2,competitive_mid_market,0.0,0.0,0.0513175826364904
27401,2021-02-28,2,competitive_mid_market,0.0,0.0,0.0808978949106489
27401,2021-03-31,2,competitive_mid_market,0.0,0.0,0.3494459703372052
27401,2021-04-30,2,competitive_mid_market,0.0,0.0,0.3594446946410074
27401,2021-05-31,2,competitive_mid_market,0.0,0.0,0.4144778877904829
27401,2021-06-30,2,competitive_mid_market,0.0,0.0,0.2733415671197018
27401,2021-07-31,2,competitive_mid_market,0.0,-1.0,0.2294513183281663
27401,2021-08-31,2,competitive_mid_market,0.0,-1.0,0.0934173475630123
27401,2021-09-30,2,competitive_mid_market,0.0,-1.0,0.0390499423300762
27401,2021-10-31,2,competitive_mid_market,0.0,-1.0,0.0244660305280051
27401,2021-11-30,2,competitive_mid_market,0.0,-1.0,0.0520790147567196
27401,2021-12-31,2,competitive_mid_market,0.0,-1.0,0.1381340240707526
27403,2021-01-31,2,competitive_mid_market,1.0,1.0,0.4481601760136062
27403,2021-02-28,2,competitive_mid_market,0.0,0.0,0.623503829884421
27403,2021-03-31,2,competitive_mid_market,0.0,0.0,0.5944440374691015
27403,2021-04-30,2,competitive_mid_market,0.0,0.0,0.5529270542067791
27403,2021-05-31,2,competitive_mid_market,0.0,0.0,0.606872157471909
27403,2021-06-30,2,competitive_mid_market,0.0,0.0,0.5995750800061795
27403,2021-07-31,2,competitive_mid_market,0.0,0.0,0.3617034294516553
27403,2021-08-31,2,competitive_mid_market,0.0,0.0,0.0502083952784903
27403,2021-09-30,2,competitive_mid_market,0.0,-1.0,0.0497819114139054
27403,2021-10-31,2,competitive_mid_market,0.0,-1.0,0.0445857222483684
27403,2021-11-30,2,competitive_mid_market,0.0,-1.0,0.0576231464242633
27403,2021-12-31,2,competitive_mid_market,0.0,-1.0,0.0933381066241428
27405,2021-01-31,2,competitive_mid_market,1.0,1.0,0.5166315622653973
27405,2021-02-28,2,competitive_mid_market,0.0,0.0,0.5508314046098811
27405,2021-03-31,2,competitive_mid_market,0.0,0.0,0.7021514312935541
27405,2021-04-30,2,competitive_mid_market,0.0,0.0,0.82537692523812
27405,2021-05-31,2,competitive_mid_market,0.0,0.0,0.6604920762108696
27405,2021-06-30,2,competitive_mid_market,0.0,0.0,0.6224592656022668
27405,2021-07-31,2,competitive_mid_market,0.0,0.0,0.5279811930520608
27405,2021-08-31,2,competitive_mid_market,0.0,0.0,0.3666201417097156
27405,2021-09-30,2,competitive_mid_market,0.0,0.0,0.1760458758182663
27405,2021-10-31,2,competitive_mid_market,0.0,-1.0,0.109078023852986
27405,2021-11-30,2,competitive_mid_market,0.0,-1.0,0.1078236385884514
27405,2021-12-31,2,competitive_mid_market,0.0,-1.0,0.1693737108870979
27406,2021-01-31,2,competitive_mid_market,0.0,0.0,0.7016535330954788
27406,2021-02-28,2,competitive_mid_market,0.0,0.0,0.7813587687934976
27406,2021-03-31,2,competitive_mid_market,0.0,0.0,0.7743045591542426
27406,2021-04-30,2,competitive_mid_market,0.0,0.0,0.5748395920678753
27406,2021-05-31,2,competitive_mid_market,0.0,0.0,0.6228052518935769
27406,2021-06-30,2,competitive_mid_market,0.0,0.0,0.4268119363224311
27406,2021-07-31,2,competitive_mid_market,0.0,0.0,0.2532845989127945
27406,2021-08-31,2,competitive_mid_market,0.0,0.0,0.1761486603982964
27406,2021-09-30,2,competitive_mid_market,0.0,-1.0,0.1411918095823708
27406,2021-10-31,2,competitive_mid_market,0.0,-1.0,0.1013632314399469
27406,2021-11-30,2,competitive_mid_market,0.0,-1.0,0.0836684518390587
27406,2021-12-31,2,competitive_mid_market,0.0,-1.0,0.1508821767960906
27407,2021-01-31,2,competitive_mid_market,0.0,0.0,0.8123576534450154
27407,2021-02-28,2,competitive_mid_market,0.0,0.0,0.7189610968326743
27407,2021-03-31,2,competitive_mid_market,0.0,0.0,0.5271219263225149
27407,2021-04-30,2,competitive_mid_market,0.0,0.0,0.5664064432343333
27407,2021-05-31,2,competitive_mid_market,0.0,0.0,0.6121254957671983
27407,2021-06-30,2,competitive_mid_market,0.0,0.0,0.721913271538234
27407,2021-07-31,2,competitive_mid_market,0.0,0.0,0.6065369990219371
27407,2021-08-31,2,competitive_mid_market,0.0,-1.0,0.2262263956693968
27407,2021-09-30,2,competitive_mid_market,0.0,-1.0,0.1119482129674888
27407,2021-10-31,2,competitive_mid_market,0.0,-1.0,0.1570676472231117
27407,2021-11-30,2,competitive_mid_market,0.0,-1.0,0.1351628091885916
27407,2021-12-31,2,competitive_mid_market,0.0,-1.0,0.1322697678783299
27408,2021-01-31,3,affordable_high_demand,0.0,0.0,0.8991749655862347
27408,2021-02-28,3,affordable_high_demand,0.0,0.0,0.901934428794876
27408,2021-03-31,3,affordable_high_demand,0.0,0.0,0.9096771320780748
27408,2021-04-30,3,affordable_high_demand,0.0,0.0,0.8306484313262458
27408,2021-05-31,3,affordable_high_demand,0.0,0.0,0.7968989322795293
27408,2021-06-30,3,affordable_high_demand,0.0,0.0,0.8374330937294757
27408,2021-07-31,3,affordable_high_demand,0.0,0.0,0.8951248878700598
27408,2021-08-31,3,affordable_high_demand,0.0,0.0,0.5511159217770233
27408,2021-09-30,3,affordable_high_demand,0.0,-1.0,0.3112769429832225
27408,2021-10-31,3,affordable_high_demand,0.0,-1.0,0.2287668697188774
27408,2021-11-30,3,affordable_high_demand,0.0,-1.0,0.3240928464864973
27408,2021-12-31,3,affordable_high_demand,0.0,-1.0,0.5760690110250174
27409,2021-01-31,2,competitive_mid_market,0.0,0.0,0.1979755007616095
27409,2021-02-28,2,competitive_mid_market,0.0,0.0,0.1415416786159299
27409,2021-03-31,2,competitive_mid_market,0.0,0.0,0.343039904810984
27409,2021-04-30,2,competitive_mid_market,0.0,0.0,0.4828867326937634
27409,2021-05-31,2,competitive_mid_market,0.0,0.0,0.2986176503607557
27409,2021-06-30,2,competitive_mid_market,0.0,0.0,0.401472500429103
27409,2021-07-31,2,competitive_mid_market,0.0,0.0,0.3228396566520051
27409,2021-08-31,2,competitive_mid_market,0.0,0.0,0.1892009366534506
27409,2021-09-30,2,competitive_mid_market,0.0,0.0,0.1000031499038074
27409,2021-10-31,2,competitive_mid_market,0.0,0.0,0.2493223007069158
27409,2021-11-30,2,competitive_mid_market,0.0,0.0,0.2586334227559986
27409,2021-12-31,2,competitive_mid_market,0.0,0.0,0.158495750741683
27410,2021-01-31,3,affordable_high_demand,1.0,1.0,0.94209880692481
27410,2021-02-28,3,affordable_high_demand,1.0,1.0,0.9147974897807032
27410,2021-03-31,3,affordable_high_demand,0.0,0.0,0.9472035446901592
27410,2021-04-30,3,affordable_high_demand,0.0,0.0,0.9261212733167072
27410,2021-05-31,3,affordable_high_demand,0.0,0.0,0.922030759610578
27410,2021-06-30,3,affordable_high_demand,0.0,0.0,0.919568690882409
27410,2021-07-31,3,affordable_high_demand,0.0,0.0,0.91699788947693
27410,2021-08-31,3,affordable_high_demand,0.0,0.0,0.7494897052140899
27410,2021-09-30,3,affordable_high_demand,0.0,0.0,0.6489008943264536
27410,2021-10-31,3,affordable_high_demand,0.0,-1.0,0.4586433883952512
27410,2021-11-30,3,affordable_high_demand,0.0,-1.0,0.6641395012943396
27410,2021-12-31,3,affordable_high_demand,0.0,-1.0,0.8795819228128238
27455,2021-01-31,3,affordable_high_demand,1.0,1.0,0.9242611742135304
27455,2021-02-28,3,affordable_high_demand,1.0,1.0,0.9101046852723348
27455,2021-03-31,3,affordable_high_demand,1.0,1.0,0.8788726450960388
27455,2021-04-30,3,affordable_high_demand,0.0,0.0,0.9219677822315137
27455,2021-05-31,3,affordable_high_demand,0.0,0.0,0.9124804297812232
27455,2021-06-30,3,affordable_high_demand,0.0,0.0,0.8833948688486127
27455,2021-07-31,3,affordable_high_demand,0.0,0.0,0.7826352018442496
27455,2021-08-31,3,affordable_high_demand,0.0,0.0,0.6921060269998511
27455,2021-09-30,3,affordable_high_demand,0.0,-1.0,0.4696077290359344
27455,2021-10-31,3,affordable_high_demand,0.0,-1.0,0.3181889603512687
27455,2021-11-30,3,affordable_high_demand,0.0,-1.0,0.3572963022102408
27455,2021-12-31,3,affordable_high_demand,0.0,-1.0,0.6786832485604933
27501,2021-01-31,3,affordable_high_demand,1.0,1.0,0.9628683719940818
27501,2021-02-28,3,affordable_high_demand,1.0,1.0,0.9154310165061464
27501,2021-03-31,3,affordable_high_demand,1.0,1.0,0.9021051918228858
27501,2021-04-30,3,affordable_high_demand,1.0,1.0,0.972116479148616
27501,2021-05-31,3,affordable_high_demand,0.0,0.0,0.9395261161125952
27501,2021-06-30,3,affordable_high_demand,0.0,0.0,0.8817673127670216
27501,2021-07-31,3,affordable_high_demand,0.0,0.0,0.8853646920724577
27501,2021-08-31,3,affordable_high_demand,0.0,0.0,0.7387201480402302
27501,2021-09-30,3,affordable_high_demand,0.0,-1.0,0.7183047959005089
27501,2021-10-31,3,affordable_high_demand,0.0,-1.0,0.4959890257201516
27501,2021-11-30,3,affordable_high_demand,0.0,-1.0,0.5785375851086373
27501,2021-12-31,3,affordable_high_demand,0.0,-1.0,0.4874845177618536
27502,2021-01-31,3,affordable_high_demand,1.0,1.0,0.918973581192064
27502,2021-02-28,3,affordable_high_demand,1.0,1.0,0.95602641318362
27502,2021-03-31,3,affordable_high_demand,1.0,1.0,0.9696450321907172
27502,2021-04-30,3,affordable_high_demand,1.0,1.0,0.9662783953850284
27502,2021-05-31,3,affordable_high_demand,1.0,1.0,0.9342608921232132
27502,2021-06-30,3,affordable_high_demand,1.0,1.0,0.9525773436245512
27502,2021-07-31,3,affordable_high_demand,1.0,1.0,0.9287238275198196
27502,2021-08-31,3,affordable_high_demand,1.0,1.0,0.9344080543904192
27502,2021-09-30,3,affordable_high_demand,1.0,1.0,0.9526245066146654
27502,2021-10-31,3,affordable_high_demand,1.0,1.0,0.920229878431226
27502,2021-11-30,3,affordable_high_demand,0.0,0.0,0.8938654576085372
27502,2021-12-31,3,affordable_high_demand,0.0,0.0,0.843298442958192
27503,2021-01-31,3,affordable_high_demand,0.0,0.0,0.5777622202623366
27503,2021-02-28,3,affordable_high_demand,1.0,1.0,0.6217356398166096
27503,2021-03-31,3,affordable_high_demand,0.0,0.0,0.3000222664303806
27503,2021-04-30,3,affordable_high_demand,0.0,0.0,0.4949628270407617
27503,2021-05-31,3,affordable_high_demand,0.0,0.0,0.1485486686758487
27503,2021-06-30,3,affordable_high_demand,0.0,-1.0,0.4660854513215379
27503,2021-07-31,3,affordable_high_demand,0.0,-1.0,0.3144716297790857
27503,2021-08-31,3,affordable_high_demand,0.0,-1.0,0.2965818718040409
27503,2021-09-30,3,affordable_high_demand,0.0,-1.0,0.1642123970231437
27503,2021-10-31,3,affordable_high_demand,0.0,0.0,0.2811276077255831
27503,2021-11-30,3,affordable_high_demand,0.0,-1.0,0.2470427712242915
27503,2021-12-31,3,affordable_high_demand,0.0,-1.0,0.4829652198211961
27504,2021-01-31,2,competitive_mid_market,1.0,1.0,0.7301578494139201
27504,2021-02-28,2,competitive_mid_market,1.0,1.0,0.6684512883539856
27504,2021-03-31,2,competitive_mid_market,1.0,1.0,0.5662760635681839
27504,2021-04-30,2,competitive_mid_market,1.0,1.0,0.636820399919576
27504,2021-05-31,2,competitive_mid_market,1.0,1.0,0.5657639981617242
27504,2021-06-30,2,competitive_mid_market,1.0,1.0,0.7001349425223997
27504,2021-07-31,2,competitive_mid_market,1.0,1.0,0.2638348345926276
27504,2021-08-31,2,competitive_mid_market,0.0,0.0,0.1817322522128155
27504,2021-09-30,2,competitive_mid_market,0.0,0.0,0.234643823683875
27504,2021-10-31,2,competitive_mid_market,0.0,0.0,0.1317972925853201
27504,2021-11-30,2,competitive_mid_market,0.0,-1.0,0.2019168647011727
27504,2021-12-31,2,competitive_mid_market,0.0,-1.0,0.2753762738728467
27505,2021-01-31,3,affordable_high_demand,0.0,0.0,0.1883205443918577
27505,2021-02-28,3,affordable_high_demand,1.0,1.0,0.5005621236625993
27505,2021-03-31,3,affordable_high_demand,1.0,1.0,0.5228214466144038
27505,2021-04-30,3,affordable_high_demand,1.0,1.0,0.6586447588019647
27505,2021-05-31,3,affordable_high_demand,1.0,1.0,0.6993365658355678
27505,2021-06-30,3,affordable_high_demand,1.0,1.0,0.4965812396462501
27505,2021-07-31,3,affordable_high_demand,1.0,1.0,0.5523322760583091
27505,2021-08-31,3,affordable_high_demand,1.0,1.0,0.2126571374629445
27505,2021-09-30,3,affordable_high_demand,0.0,0.0,0.1335673562065613
27505,2021-10-31,3,affordable_high_demand,0.0,0.0,0.3420451917412773
27505,2021-11-30,3,affordable_high_demand,0.0,0.0,0.1737211858289661
27505,2021-12-31,3,affordable_high_demand,0.0,0.0,0.2376396491504552
27509,2021-01-31,1,low_activity_cooling,1.0,1.0,0.8921129351804568
27509,2021-02-28,1,low_activity_cooling,1.0,1.0,0.7731902814223719
27509,2021-03-31,1,low_activity_cooling,1.0,1.0,0.3653407313036521
27509,2021-04-30,1,low_activity_cooling,1.0,1.0,0.5059006480562983
27509,2021-05-31,1,low_activity_cooling,1.0,1.0,0.4219665777897912
27509,2021-06-30,1,low_activity_cooling,1.0,1.0,0.7051074083748082
27509,2021-07-31,1,low_activity_cooling,1.0,1.0,0.0777953288267081
27509,2021-08-31,1,low_activity_cooling,0.0,-1.0,0.0900568537827116
27509,2021-09-30,1,low_activity_cooling,0.0,-1.0,0.0107702077349504
27509,2021-10-31,1,low_activity_cooling,0.0,-1.0,0.0665400047160896
27509,2021-11-30,1,low_activity_cooling,0.0,-1.0,0.0842000119864303
27509,2021-12-31,1,low_activity_cooling,0.0,-1.0,0.1062107957683855
27510,2021-01-31,3,affordable_high_demand,0.0,0.0,0.2750089895952565
27510,2021-02-28,3,affordable_high_demand,1.0,1.0,0.5667360206796421
27510,2021-03-31,3,affordable_high_demand,0.0,0.0,0.3280451084701232
27510,2021-04-30,3,affordable_high_demand,0.0,0.0,0.3444206855159925
27510,2021-05-31,3,affordable_high_demand,0.0,0.0,0.3403916294931685
27510,2021-06-30,3,affordable_high_demand,0.0,0.0,0.2920692151713485
27510,2021-07-31,3,affordable_high_demand,0.0,-1.0,0.1503045572915432
27510,2021-08-31,3,affordable_high_demand,0.0,-1.0,0.0487476242700102
27510,2021-09-30,3,affordable_high_demand,0.0,-1.0,0.0039458769157423
27510,2021-10-31,3,affordable_high_demand,0.0,-1.0,0.0041211399510059
27510,2021-11-30,3,affordable_high_demand,0.0,-1.0,0.0094824213661485
27510,2021-12-31,3,affordable_high_demand,0.0,-1.0,0.0446142036426162
27511,2021-01-31,3,affordable_high_demand,1.0,1.0,0.8785886812752063
27511,2021-02-28,3,affordable_high_demand,1.0,1.0,0.963098690039032
27511,2021-03-31,3,affordable_high_demand,1.0,1.0,0.96952522788354
27511,2021-04-30,3,affordable_high_demand,1.0,1.0,0.9770621440315852
27511,2021-05-31,3,affordable_high_demand,1.0,1.0,0.933068323678315
27511,2021-06-30,3,affordable_high_demand,1.0,1.0,0.9186087291340176
27511,2021-07-31,3,affordable_high_demand,1.0,1.0,0.9207582342775672
27511,2021-08-31,3,affordable_high_demand,1.0,1.0,0.7549329281231072
27511,2021-09-30,3,affordable_high_demand,0.0,0.0,0.7011016751494534
27511,2021-10-31,3,affordable_high_demand,0.0,0.0,0.8412089830368058
27511,2021-11-30,3,affordable_high_demand,0.0,-1.0,0.6469787673892252
27511,2021-12-31,3,affordable_high_demand,0.0,-1.0,0.4985318530673651
27513,2021-01-31,3,affordable_high_demand,1.0,1.0,0.9419960012483252
27513,2021-02-28,3,affordable_high_demand,1.0,1.0,0.9648491375089396
27513,2021-03-31,3,affordable_high_demand,1.0,1.0,0.9815860857133674
27513,2021-04-30,3,affordable_high_demand,1.0,1.0,0.9773845988155068
27513,2021-05-31,3,affordable_high_demand,1.0,1.0,0.9623913948965472
27513,2021-06-30,3,affordable_high_demand,1.0,1.0,0.9547104193092032
27513,2021-07-31,3,affordable_high_demand,1.0,1.0,0.9636145064553022
27513,2021-08-31,3,affordable_high_demand,1.0,1.0,0.9657719010897682
27513,2021-09-30,3,affordable_high_demand,0.0,0.0,0.8968400525582119
27513,2021-10-31,3,affordable_high_demand,0.0,0.0,0.8338566102837819
27513,2021-11-30,3,affordable_high_demand,0.0,-1.0,0.8104950265816027
27513,2021-12-31,3,affordable_high_demand,0.0,-1.0,0.592606771957476
27514,2021-01-31,3,affordable_high_demand,1.0,1.0,0.8558774985346586
27514,2021-02-28,3,affordable_high_demand,1.0,1.0,0.9148175695485627
27514,2021-03-31,3,affordable_high_demand,1.0,1.0,0.9004947058364592
27514,2021-04-30,3,affordable_high_demand,1.0,1.0,0.8525802994514552
27514,2021-05-31,3,affordable_high_demand,1.0,1.0,0.6842264457812459
27514,2021-06-30,3,affordable_high_demand,1.0,1.0,0.7221966583868046
27514,2021-07-31,3,affordable_high_demand,0.0,0.0,0.6763686894419845
27514,2021-08-31,3,affordable_high_demand,0.0,0.0,0.5524671001902702
27514,2021-09-30,3,affordable_high_demand,0.0,0.0,0.278422383905186
27514,2021-10-31,3,affordable_high_demand,0.0,0.0,0.3422209855265461
27514,2021-11-30,3,affordable_high_demand,0.0,-1.0,0.3518055608077401
27514,2021-12-31,3,affordable_high_demand,0.0,-1.0,0.2705221495691736
27516,2021-01-31,3,affordable_high_demand,1.0,1.0,0.9690177455082016
27516,2021-02-28,3,affordable_high_demand,1.0,1.0,0.947274346598548
27516,2021-03-31,3,affordable_high_demand,1.0,1.0,0.9617679380487064
27516,2021-04-30,3,affordable_high_demand,1.0,1.0,0.9574489951457632
27516,2021-05-31,3,affordable_high_demand,1.0,1.0,0.8845137624639173
27516,2021-06-30,3,affordable_high_demand,1.0,1.0,0.8318992616623033
27516,2021-07-31,3,affordable_high_demand,0.0,0.0,0.792444347734423
27516,2021-08-31,3,affordable_high_demand,0.0,0.0,0.7597519682435682
27516,2021-09-30,3,affordable_high_demand,0.0,0.0,0.7785199340627197
27516,2021-10-31,3,affordable_high_demand,0.0,0.0,0.7862171474290959
27516,2021-11-30,3,affordable_high_demand,0.0,-1.0,0.6820938393959007
27516,2021-12-31,3,affordable_high_demand,0.0,-1.0,0.6057826421291581
27517,2021-01-31,3,affordable_high_demand,1.0,1.0,0.9307929522263106
27517,2021-02-28,3,affordable_high_demand,1.0,1.0,0.8945298615345837
27517,2021-03-31,3,affordable_high_demand,1.0,1.0,0.954817455706994
27517,2021-04-30,3,affordable_high_demand,1.0,1.0,0.9719007948584424
27517,2021-05-31,3,affordable_high_demand,1.0,1.0,0.9723566459320386
27517,2021-06-30,3,affordable_high_demand,1.0,1.0,0.9368873074569064
27517,2021-07-31,3,affordable_high_demand,1.0,1.0,0.8522301626282679
27517,2021-08-31,3,affordable_high_demand,1.0,1.0,0.8439543707960435
27517,2021-09-30,3,affordable_high_demand,0.0,0.0,0.6797830572566256
27517,2021-10-31,3,affordable_high_demand,0.0,0.0,0.5791432490276694
27517,2021-11-30,3,affordable_high_demand,0.0,0.0,0.5693888030386745
27517,2021-12-31,3,affordable_high_demand,0.0,-1.0,0.4718418530599552
27518,2021-01-31,3,affordable_high_demand,1.0,1.0,0.8010225722135277
27518,2021-02-28,3,affordable_high_demand,1.0,1.0,0.939648900366645
27518,2021-03-31,3,affordable_high_demand,1.0,1.0,0.9437298071017812
27518,2021-04-30,3,affordable_high_demand,1.0,1.0,0.9587479779688698
27518,2021-05-31,3,affordable_high_demand,1.0,1.0,0.9578850136058996
27518,2021-06-30,3,affordable_high_demand,1.0,1.0,0.9020519872031196
27518,2021-07-31,3,affordable_high_demand,1.0,1.0,0.8844511874718285
27518,2021-08-31,3,affordable_high_demand,1.0,1.0,0.8728408079587124
27518,2021-09-30,3,affordable_high_demand,1.0,1.0,0.8224828528661026
27518,2021-10-31,3,affordable_high_demand,0.0,0.0,0.4983734275712193
27518,2021-11-30,3,affordable_high_demand,0.0,0.0,0.3929338538634738
27518,2021-12-31,3,affordable_high_demand,0.0,-1.0,0.3873339688774995
27519,2021-01-31,3,affordable_high_demand,1.0,1.0,0.9388499937316712
27519,2021-02-28,3,affordable_high_demand,1.0,1.0,0.9709590637654876
27519,2021-03-31,3,affordable_high_demand,1.0,1.0,0.9762270948177304
27519,2021-04-30,3,affordable_high_demand,1.0,1.0,0.986184354575491
27519,2021-05-31,3,affordable_high_demand,1.0,1.0,0.9663466286311386
27519,2021-06-30,3,affordable_high_demand,1.0,1.0,0.96180122980536
27519,2021-07-31,3,affordable_high_demand,1.0,1.0,0.9648387696672018
27519,2021-08-31,3,affordable_high_demand,1.0,1.0,0.9490655031512376
27519,2021-09-30,3,affordable_high_demand,1.0,1.0,0.9604546258560736
27519,2021-10-31,3,affordable_high_demand,0.0,0.0,0.924711860773344
27519,2021-11-30,3,affordable_high_demand,0.0,0.0,0.7744506266714462
27519,2021-12-31,3,affordable_high_demand,0.0,-1.0,0.6617676065247915
27520,2021-01-31,3,affordable_high_demand,1.0,1.0,0.9799075586691984
27520,2021-02-28,3,affordable_high_demand,1.0,1.0,0.9793126959705456
27520,2021-03-31,3,affordable_high_demand,1.0,1.0,0.9627993425772678
27520,2021-04-30,3,affordable_high_demand,1.0,1.0,0.9551415655239124
27520,2021-05-31,3,affordable_high_demand,1.0,1.0,0.9578924768270146
27520,2021-06-30,3,affordable_high_demand,1.0,1.0,0.9311015612686324
27520,2021-07-31,3,affordable_high_demand,0.0,0.0,0.8782725688917227
27520,2021-08-31,3,affordable_high_demand,0.0,0.0,0.8702868646465346
27520,2021-09-30,3,affordable_high_demand,0.0,0.0,0.7389232388425431
27520,2021-10-31,3,affordable_high_demand,0.0,0.0,0.7620792221454885
27520,2021-11-30,3,affordable_high_demand,0.0,-1.0,0.745207081109218
27520,2021-12-31,3,affordable_high_demand,0.0,-1.0,0.6712784114798139
27521,2021-01-31,1,low_activity_cooling,1.0,1.0,0.1633081199991146
27521,2021-02-28,1,low_activity_cooling,1.0,1.0,0.140830908693177
27521,2021-03-31,1,low_activity_cooling,1.0,1.0,0.1164669003496561
27521,2021-04-30,1,low_activity_cooling,1.0,1.0,0.24080196438607
27521,2021-05-31,1,low_activity_cooling,1.0,1.0,0.9118355047313892
27521,2021-06-30,1,low_activity_cooling,1.0,1.0,0.939218225589624
27521,2021-07-31,1,low_activity_cooling,1.0,1.0,0.939306533346422
27521,2021-08-31,1,low_activity_cooling,1.0,1.0,0.3958768885449749
27521,2021-09-30,1,low_activity_cooling,0.0,0.0,0.2972581385057316
27521,2021-10-31,1,low_activity_cooling,0.0,0.0,0.3879284577336128
27521,2021-11-30,1,low_activity_cooling,0.0,-1.0,0.2746347080311678
27521,2021-12-31,1,low_activity_cooling,0.0,-1.0,0.348031060502989
27522,2021-01-31,3,affordable_high_demand,1.0,1.0,0.6553781243693041
27522,2021-02-28,3,affordable_high_demand,0.0,0.0,0.4976254382760854
27522,2021-03-31,3,affordable_high_demand,1.0,1.0,0.579326421298053
27522,2021-04-30,3,affordable_high_demand,1.0,1.0,0.5796813154553219
27522,2021-05-31,3,affordable_high_demand,1.0,1.0,0.4165701148579352
27522,2021-06-30,3,affordable_high_demand,0.0,0.0,0.1521773734961992
27522,2021-07-31,3,affordable_high_demand,0.0,0.0,0.1472195944158758
27522,2021-08-31,3,affordable_high_demand,0.0,0.0,0.0935231977700872
27522,2021-09-30,3,affordable_high_demand,0.0,-1.0,0.0895177300147173
27522,2021-10-31,3,affordable_high_demand,0.0,-1.0,0.0637266761930486
27522,2021-11-30,3,affordable_high_demand,0.0,-1.0,0.0340493619901307
27522,2021-12-31,3,affordable_high_demand,0.0,-1.0,0.2528823484187428
27523,2021-01-31,3,affordable_high_demand,1.0,1.0,0.9543699707293156
27523,2021-02-28,3,affordable_high_demand,1.0,1.0,0.94938580253086
27523,2021-03-31,3,affordable_high_demand,1.0,1.0,0.9407981397491824
27523,2021-04-30,3,affordable_high_demand,1.0,1.0,0.9515429958273244
27523,2021-05-31,3,affordable_high_demand,1.0,1.0,0.9425912150755136
27523,2021-06-30,3,affordable_high_demand,1.0,1.0,0.8936493481939188
27523,2021-07-31,3,affordable_high_demand,1.0,1.0,0.8981859407553183
27523,2021-08-31,3,affordable_high_demand,1.0,1.0,0.8793180244829376
27523,2021-09-30,3,affordable_high_demand,0.0,0.0,0.859539049567091
27523,2021-10-31,3,affordable_high_demand,0.0,0.0,0.8449503262176784
27523,2021-11-30,3,affordable_high_demand,0.0,0.0,0.7939001813719765
27523,2021-12-31,3,affordable_high_demand,0.0,0.0,0.5473012255578098
27524,2021-01-31,2,competitive_mid_market,0.0,0.0,0.4203939937684391
27524,2021-02-28,2,competitive_mid_market,0.0,0.0,0.5485252661480592
27524,2021-03-31,2,competitive_mid_market,0.0,0.0,0.5354081752307266
27524,2021-04-30,2,competitive_mid_market,0.0,0.0,0.7037238695018873
27524,2021-05-31,2,competitive_mid_market,0.0,0.0,0.4840336890346352
27524,2021-06-30,2,competitive_mid_market,0.0,-1.0,0.4069381694085786
27524,2021-07-31,2,competitive_mid_market,0.0,-1.0,0.4704151870724818
27524,2021-08-31,2,competitive_mid_market,0.0,-1.0,0.0754745529560054
27524,2021-09-30,2,competitive_mid_market,0.0,-1.0,0.0436704898610933
27524,2021-10-31,2,competitive_mid_market,0.0,-1.0,0.0511768121081093
27524,2021-11-30,2,competitive_mid_market,0.0,-1.0,0.2584782045783436
27524,2021-12-31,2,competitive_mid_market,0.0,-1.0,0.4598014380103901
27525,2021-01-31,3,affordable_high_demand,1.0,1.0,0.896226536694403
27525,2021-02-28,3,affordable_high_demand,1.0,1.0,0.9031047719809532
27525,2021-03-31,3,affordable_high_demand,1.0,1.0,0.8757248761241185
27525,2021-04-30,3,affordable_high_demand,1.0,1.0,0.6996130965908215
27525,2021-05-31,3,affordable_high_demand,1.0,1.0,0.6672143122700332
27525,2021-06-30,3,affordable_high_demand,1.0,1.0,0.6167212549911476
27525,2021-07-31,3,affordable_high_demand,0.0,0.0,0.5282975075498325
27525,2021-08-31,3,affordable_high_demand,0.0,0.0,0.4448290594093715
27525,2021-09-30,3,affordable_high_demand,0.0,0.0,0.3238222320778687
27525,2021-10-31,3,affordable_high_demand,0.0,-1.0,0.5116675692968363
27525,2021-11-30,3,affordable_high_demand,0.0,-1.0,0.3864918680468139
27525,2021-12-31,3,affordable_high_demand,0.0,-1.0,0.4350724333346193
27526,2021-01-31,3,affordable_high_demand,1.0,1.0,0.9680924199564664
27526,2021-02-28,3,affordable_high_demand,1.0,1.0,0.9835475646299104
27526,2021-03-31,3,affordable_high_demand,1.0,1.0,0.980197646899872
27526,2021-04-30,3,affordable_high_demand,1.0,1.0,0.9832008537230228
27526,2021-05-31,3,affordable_high_demand,1.0,1.0,0.9793518173502288
27526,2021-06-30,3,affordable_high_demand,1.0,1.0,0.949863428826275
27526,2021-07-31,3,affordable_high_demand,1.0,1.0,0.9715166482867402
27526,2021-08-31,3,affordable_high_demand,0.0,0.0,0.9351428298788388
27526,2021-09-30,3,affordable_high_demand,0.0,0.0,0.9296521409921092
27526,2021-10-31,3,affordable_high_demand,0.0,0.0,0.9113059131487056
27526,2021-11-30,3,affordable_high_demand,0.0,-1.0,0.8482315940728882
27526,2021-12-31,3,affordable_high_demand,0.0,-1.0,0.8893161522713395
27527,2021-01-31,3,affordable_high_demand,1.0,1.0,0.9871073356262664
27527,2021-02-28,3,affordable_high_demand,1.0,1.0,0.9858880582242712
27527,2021-03-31,3,affordable_high_demand,1.0,1.0,0.977610998702058
27527,2021-04-30,3,affordable_high_demand,1.0,1.0,0.9702276464220402
27527,2021-05-31,3,affordable_high_demand,1.0,1.0,0.9681743578518628
27527,2021-06-30,3,affordable_high_demand,1.0,1.0,0.9819265084559728
27527,2021-07-31,3,affordable_high_demand,1.0,1.0,0.935780746797364
27527,2021-08-31,3,affordable_high_demand,1.0,1.0,0.9512886113256148
27527,2021-09-30,3,affordable_high_demand,0.0,0.0,0.9271467733611212
27527,2021-10-31,3,affordable_high_demand,0.0,0.0,0.895157823187296
27527,2021-11-30,3,affordable_high_demand,0.0,-1.0,0.8401343827474923
27527,2021-12-31,3,affordable_high_demand,0.0,-1.0,0.8469422267413773
27529,2021-01-31,3,affordable_high_demand,1.0,1.0,0.9802117952819188
27529,2021-02-28,3,affordable_high_demand,1.0,1.0,0.9764327956305108
27529,2021-03-31,3,affordable_high_demand,1.0,1.0,0.9739749724690822
27529,2021-04-30,3,affordable_high_demand,1.0,1.0,0.9801623363764476
27529,2021-05-31,3,affordable_high_demand,0.0,0.0,0.9687893268579912
27529,2021-06-30,3,affordable_high_demand,0.0,0.0,0.9501856303364998
27529,2021-07-31,3,affordable_high_demand,0.0,0.0,0.9353072895100332
27529,2021-08-31,3,affordable_high_demand,0.0,0.0,0.914879987251918
27529,2021-09-30,3,affordable_high_demand,0.0,-1.0,0.7931949671934265
27529,2021-10-31,3,affordable_high_demand,0.0,-1.0,0.7795581159455253
27529,2021-11-30,3,affordable_high_demand,0.0,-1.0,0.7648412932900192
27529,2021-12-31,3,affordable_high_demand,0.0,-1.0,0.7569609827894851
27530,2021-01-31,4,moderate_supply_growing,0.0,0.0,0.0900978164953327
27530,2021-02-28,4,moderate_supply_growing,0.0,0.0,0.1459746732748884
27530,2021-03-31,4,moderate_supply_growing,0.0,0.0,0.1135151938300762
27530,2021-04-30,4,moderate_supply_growing,0.0,0.0,0.2746066683054236
27530,2021-05-31,4,moderate_supply_growing,0.0,0.0,0.3044170815508824
27530,2021-06-30,4,moderate_supply_growing,0.0,0.0,0.6603960463254298
27530,2021-07-31,4,moderate_supply_growing,0.0,0.0,0.126191867583183
27530,2021-08-31,4,moderate_supply_growing,0.0,0.0,0.137551637241326
27530,2021-09-30,4,moderate_supply_growing,0.0,0.0,0.0818104903346997
27530,2021-10-31,4,moderate_supply_growing,0.0,0.0,0.0599816313913795
27530,2021-11-30,4,moderate_supply_growing,0.0,0.0,0.0854198041311852
27530,2021-12-31,4,moderate_supply_growing,0.0,0.0,0.0586635452935066
27534,2021-01-31,4,moderate_supply_growing,0.0,0.0,0.0780083928715977
27534,2021-02-28,4,moderate_supply_growing,0.0,0.0,0.0472141169270501
27534,2021-03-31,4,moderate_supply_growing,0.0,0.0,0.0657497293229551
27534,2021-04-30,4,moderate_supply_growing,0.0,0.0,0.0596043260082751
27534,2021-05-31,4,moderate_supply_growing,0.0,0.0,0.2554985818905993
27534,2021-06-30,4,moderate_supply_growing,0.0,0.0,0.5570623375367946
27534,2021-07-31,4,moderate_supply_growing,0.0,0.0,0.4797245841447479
27534,2021-08-31,4,moderate_supply_growing,0.0,0.0,0.0525610441373483
27534,2021-09-30,4,moderate_supply_growing,0.0,0.0,0.0315784472005729
27534,2021-10-31,4,moderate_supply_growing,0.0,0.0,0.0527537301013336
27534,2021-11-30,4,moderate_supply_growing,0.0,0.0,0.0374506520416051
27534,2021-12-31,4,moderate_supply_growing,0.0,0.0,0.0165877039049438
27536,2021-01-31,2,competitive_mid_market,0.0,0.0,0.2326500762884639
27536,2021-02-28,2,competitive_mid_market,0.0,0.0,0.1165144361646342
27536,2021-03-31,2,competitive_mid_market,0.0,0.0,0.2419247710433628
27536,2021-04-30,2,competitive_mid_market,0.0,0.0,0.3204648803413835
27536,2021-05-31,2,competitive_mid_market,0.0,0.0,0.4430845942012006
27536,2021-06-30,2,competitive_mid_market,0.0,0.0,0.4123226722822808
27536,2021-07-31,2,competitive_mid_market,0.0,-1.0,0.1744311595107126
27536,2021-08-31,2,competitive_mid_market,0.0,-1.0,0.1490192240791849
27536,2021-09-30,2,competitive_mid_market,0.0,-1.0,0.0259968023763853
27536,2021-10-31,2,competitive_mid_market,0.0,-1.0,0.0249261123816971
27536,2021-11-30,2,competitive_mid_market,0.0,-1.0,0.0187929248211338
27536,2021-12-31,2,competitive_mid_market,0.0,-1.0,0.0241350411829202
27537,2021-01-31,2,competitive_mid_market,1.0,1.0,0.1834703620324511
27537,2021-02-28,2,competitive_mid_market,1.0,1.0,0.2161606395444749
27537,2021-03-31,2,competitive_mid_market,1.0,1.0,0.2770457869220907
27537,2021-04-30,2,competitive_mid_market,1.0,1.0,0.5338006636884207
27537,2021-05-31,2,competitive_mid_market,1.0,1.0,0.7582368224620825
27537,2021-06-30,2,competitive_mid_market,1.0,1.0,0.7314973538442949
27537,2021-07-31,2,competitive_mid_market,0.0,0.0,0.7193112314383343
27537,2021-08-31,2,competitive_mid_market,0.0,0.0,0.2146996274955557
27537,2021-09-30,2,competitive_mid_market,0.0,-1.0,0.0945115772671664
27537,2021-10-31,2,competitive_mid_market,0.0,-1.0,0.1502398918863033
27537,2021-11-30,2,competitive_mid_market,0.0,-1.0,0.2678387282131019
27537,2021-12-31,2,competitive_mid_market,0.0,-1.0,0.1113619207092811
27539,2021-01-31,3,affordable_high_demand,1.0,1.0,0.9292176374712176
27539,2021-02-28,3,affordable_high_demand,1.0,1.0,0.9556351566731286
27539,2021-03-31,3,affordable_high_demand,1.0,1.0,0.9572007577735868
27539,2021-04-30,3,affordable_high_demand,1.0,1.0,0.93862876631189
27539,2021-05-31,3,affordable_high_demand,1.0,1.0,0.924898363361834
27539,2021-06-30,3,affordable_high_demand,1.0,1.0,0.9362917128052116
27539,2021-07-31,3,affordable_high_demand,1.0,1.0,0.8859002436731253
27539,2021-08-31,3,affordable_high_demand,0.0,0.0,0.8735657880305134
27539,2021-09-30,3,affordable_high_demand,0.0,0.0,0.8418128752613053
27539,2021-10-31,3,affordable_high_demand,0.0,0.0,0.646905882814618
27539,2021-11-30,3,affordable_high_demand,0.0,-1.0,0.523631653029185
27539,2021-12-31,3,affordable_high_demand,0.0,-1.0,0.5033012452592598
27540,2021-01-31,3,affordable_high_demand,1.0,1.0,0.9683065987339112
27540,2021-02-28,3,affordable_high_demand,1.0,1.0,0.975286338595342
27540,2021-03-31,3,affordable_high_demand,1.0,1.0,0.9802861797438864
27540,2021-04-30,3,affordable_high_demand,1.0,1.0,0.9758176788607088
27540,2021-05-31,3,affordable_high_demand,1.0,1.0,0.9770078195625076
27540,2021-06-30,3,affordable_high_demand,1.0,1.0,0.973340761950222
27540,2021-07-31,3,affordable_high_demand,1.0,1.0,0.9330982218599384
27540,2021-08-31,3,affordable_high_demand,1.0,1.0,0.9443716745534384
27540,2021-09-30,3,affordable_high_demand,0.0,0.0,0.9333757638483056
27540,2021-10-31,3,affordable_high_demand,0.0,0.0,0.9052577995616622
27540,2021-11-30,3,affordable_high_demand,0.0,-1.0,0.8704162790586971
27540,2021-12-31,3,affordable_high_demand,0.0,-1.0,0.7706156521354371
27541,2021-01-31,1,low_activity_cooling,0.0,-1.0,0.0506788206859231
27541,2021-02-28,1,low_activity_cooling,0.0,-1.0,0.0227207876644514
27541,2021-03-31,1,low_activity_cooling,0.0,-1.0,0.0212055512229375
27541,2021-04-30,1,low_activity_cooling,0.0,-1.0,0.012642241440262
27541,2021-05-31,1,low_activity_cooling,0.0,-1.0,0.0252855645333731
27541,2021-06-30,1,low_activity_cooling,0.0,-1.0,0.0546541999861476
27541,2021-07-31,1,low_activity_cooling,0.0,-1.0,0.2460710675878396
27541,2021-08-31,1,low_activity_cooling,0.0,-1.0,0.106503456802094
27541,2021-09-30,1,low_activity_cooling,0.0,-1.0,0.4024676492090947
27541,2021-10-31,1,low_activity_cooling,0.0,-1.0,0.082087447684217
27541,2021-11-30,1,low_activity_cooling,0.0,-1.0,0.7691182600877158
27541,2021-12-31,1,low_activity_cooling,0.0,0.0,0.8455806121651049
27542,2021-01-31,2,competitive_mid_market,1.0,1.0,0.5794214041984993
27542,2021-02-28,2,competitive_mid_market,1.0,1.0,0.6083822296647574
27542,2021-03-31,2,competitive_mid_market,1.0,1.0,0.6776612560182936
27542,2021-04-30,2,competitive_mid_market,1.0,1.0,0.5210579988749547
27542,2021-05-31,2,competitive_mid_market,1.0,1.0,0.5632284025813801
27542,2021-06-30,2,competitive_mid_market,1.0,1.0,0.8310036348501502
27542,2021-07-31,2,competitive_mid_market,0.0,0.0,0.568828170831509
27542,2021-08-31,2,competitive_mid_market,0.0,0.0,0.1274366525803174
27542,2021-09-30,2,competitive_mid_market,0.0,0.0,0.0437750809579607
27542,2021-10-31,2,competitive_mid_market,0.0,-1.0,0.0482597876089748
27542,2021-11-30,2,competitive_mid_market,0.0,-1.0,0.0380299384497345
27542,2021-12-31,2,competitive_mid_market,0.0,-1.0,0.0279022151028967
27545,2021-01-31,3,affordable_high_demand,1.0,1.0,0.9204293856244954
27545,2021-02-28,3,affordable_high_demand,1.0,1.0,0.9132730079751674
27545,2021-03-31,3,affordable_high_demand,0.0,0.0,0.899848334101264
27545,2021-04-30,3,affordable_high_demand,0.0,0.0,0.9290911171523232
27545,2021-05-31,3,affordable_high_demand,1.0,1.0,0.8704513211843322
27545,2021-06-30,3,affordable_high_demand,1.0,1.0,0.9424277449010672
27545,2021-07-31,3,affordable_high_demand,1.0,1.0,0.938375177283889
27545,2021-08-31,3,affordable_high_demand,0.0,0.0,0.935612571060198
27545,2021-09-30,3,affordable_high_demand,0.0,0.0,0.9211201600812754
27545,2021-10-31,3,affordable_high_demand,0.0,0.0,0.8640442962955411
27545,2021-11-30,3,affordable_high_demand,0.0,-1.0,0.8072738038340727
27545,2021-12-31,3,affordable_high_demand,0.0,-1.0,0.8179194257383405
27546,2021-01-31,4,moderate_supply_growing,1.0,1.0,0.5751384934414336
27546,2021-02-28,4,moderate_supply_growing,0.0,0.0,0.5425559344824215
27546,2021-03-31,4,moderate_supply_growing,0.0,0.0,0.4953164362054636
27546,2021-04-30,4,moderate_supply_growing,0.0,0.0,0.5945383009095656
27546,2021-05-31,4,moderate_supply_growing,0.0,0.0,0.6344481678830519
27546,2021-06-30,4,moderate_supply_growing,0.0,0.0,0.5181345459984077
27546,2021-07-31,4,moderate_supply_growing,0.0,0.0,0.4603529898502486
27546,2021-08-31,4,moderate_supply_growing,0.0,0.0,0.1749332170371866
27546,2021-09-30,4,moderate_supply_growing,0.0,0.0,0.068170510558795
27546,2021-10-31,4,moderate_supply_growing,0.0,0.0,0.0564244995954695
27546,2021-11-30,4,moderate_supply_growing,0.0,0.0,0.0713367538671636
27546,2021-12-31,4,moderate_supply_growing,0.0,-1.0,0.3842372612588501
27549,2021-01-31,2,competitive_mid_market,1.0,1.0,0.654021036544164
27549,2021-02-28,2,competitive_mid_market,1.0,1.0,0.6449432317296104
27549,2021-03-31,2,competitive_mid_market,1.0,1.0,0.4656188771145879
27549,2021-04-30,2,competitive_mid_market,0.0,0.0,0.3677458105054912
27549,2021-05-31,2,competitive_mid_market,0.0,0.0,0.2701969029676327
27549,2021-06-30,2,competitive_mid_market,0.0,0.0,0.3009609061725375
27549,2021-07-31,2,competitive_mid_market,0.0,0.0,0.2341181375559388
27549,2021-08-31,2,competitive_mid_market,0.0,-1.0,0.1413102551816941
27549,2021-09-30,2,competitive_mid_market,0.0,-1.0,0.0696290490519933
27549,2021-10-31,2,competitive_mid_market,0.0,-1.0,0.0920290880841076
27549,2021-11-30,2,competitive_mid_market,0.0,-1.0,0.4617718666872076
27549,2021-12-31,2,competitive_mid_market,0.0,-1.0,0.4776100096328726
27557,2021-01-31,2,competitive_mid_market,1.0,1.0,0.693375521329906
27557,2021-02-28,2,competitive_mid_market,1.0,1.0,0.6708542095300829
27557,2021-03-31,2,competitive_mid_market,1.0,1.0,0.6688819588441051
27557,2021-04-30,2,competitive_mid_market,1.0,1.0,0.6424215676135219
27557,2021-05-31,2,competitive_mid_market,0.0,0.0,0.6656442218145817
27557,2021-06-30,2,competitive_mid_market,1.0,1.0,0.7639012771475603
27557,2021-07-31,2,competitive_mid_market,0.0,0.0,0.6207811898555166
27557,2021-08-31,2,competitive_mid_market,0.0,0.0,0.0734576365072405
27557,2021-09-30,2,competitive_mid_market,0.0,0.0,0.0231760988423169
27557,2021-10-31,2,competitive_mid_market,0.0,-1.0,0.0329113242399073
27557,2021-11-30,2,competitive_mid_market,0.0,-1.0,0.0440177907429731
27557,2021-12-31,2,competitive_mid_market,0.0,-1.0,0.0222459534571295
27560,2021-01-31,3,affordable_high_demand,1.0,1.0,0.8936314157239496
27560,2021-02-28,3,affordable_high_demand,1.0,1.0,0.9495979901928738
27560,2021-03-31,3,affordable_high_demand,1.0,1.0,0.9466331082068024
27560,2021-04-30,3,affordable_high_demand,1.0,1.0,0.9647944487440752
27560,2021-05-31,3,affordable_high_demand,1.0,1.0,0.9593495416142236
27560,2021-06-30,3,affordable_high_demand,1.0,1.0,0.8844230864581131
27560,2021-07-31,3,affordable_high_demand,1.0,1.0,0.9251657562287132
27560,2021-08-31,3,affordable_high_demand,1.0,1.0,0.9160877460939252
27560,2021-09-30,3,affordable_high_demand,0.0,0.0,0.9244282815646137
27560,2021-10-31,3,affordable_high_demand,0.0,0.0,0.8390172949291018
27560,2021-11-30,3,affordable_high_demand,0.0,-1.0,0.6946423083930818
27560,2021-12-31,3,affordable_high_demand,0.0,-1.0,0.3837349888468816
27562,2021-01-31,3,affordable_high_demand,1.0,1.0,0.4229026801795427
27562,2021-02-28,3,affordable_high_demand,1.0,1.0,0.8056985034678896
27562,2021-03-31,3,affordable_high_demand,0.0,0.0,0.4175950481764754
27562,2021-04-30,3,affordable_high_demand,1.0,1.0,0.576203994780744
27562,2021-05-31,3,affordable_high_demand,1.0,1.0,0.3270172640320133
27562,2021-06-30,3,affordable_high_demand,1.0,1.0,0.418145760696341
27562,2021-07-31,3,affordable_high_demand,1.0,1.0,0.6665007619514229
27562,2021-08-31,3,affordable_high_demand,1.0,1.0,0.4880962051455672
27562,2021-09-30,3,affordable_high_demand,1.0,1.0,0.2904099187977905
27562,2021-10-31,3,affordable_high_demand,0.0,0.0,0.1827110749542171
27562,2021-11-30,3,affordable_high_demand,0.0,0.0,0.0600526755679924
27562,2021-12-31,3,affordable_high_demand,0.0,-1.0,0.3029829247094532
27565,2021-01-31,2,competitive_mid_market,0.0,0.0,0.1194703059603941
27565,2021-02-28,2,competitive_mid_market,0.0,0.0,0.0944945114896093
27565,2021-03-31,2,competitive_mid_market,0.0,0.0,0.0303301606329529
27565,2021-04-30,2,competitive_mid_market,0.0,-1.0,0.1792682763765026
27565,2021-05-31,2,competitive_mid_market,0.0,0.0,0.1635386322729834
27565,2021-06-30,2,competitive_mid_market,0.0,-1.0,0.4322614175270158
27565,2021-07-31,2,competitive_mid_market,0.0,-1.0,0.2588804428938644
27565,2021-08-31,2,competitive_mid_market,0.0,-1.0,0.2406932131574221
27565,2021-09-30,2,competitive_mid_market,0.0,-1.0,0.0459201813188525
27565,2021-10-31,2,competitive_mid_market,0.0,-1.0,0.0325941191477686
27565,2021-11-30,2,competitive_mid_market,0.0,-1.0,0.1114693094285901
27565,2021-12-31,2,competitive_mid_market,0.0,-1.0,0.0421589816665094
27569,2021-01-31,4,moderate_supply_growing,1.0,1.0,0.2303447032267592
27569,2021-02-28,4,moderate_supply_growing,0.0,0.0,0.5427301198757102
27569,2021-03-31,4,moderate_supply_growing,1.0,1.0,0.6809093014409638
27569,2021-04-30,4,moderate_supply_growing,1.0,1.0,0.8209649657892807
27569,2021-05-31,4,moderate_supply_growing,1.0,1.0,0.7693536835696976
27569,2021-06-30,4,moderate_supply_growing,0.0,0.0,0.6286326656845795
27569,2021-07-31,4,moderate_supply_growing,0.0,0.0,0.7130206691090621
27569,2021-08-31,4,moderate_supply_growing,0.0,0.0,0.6190577447549356
27569,2021-09-30,4,moderate_supply_growing,0.0,0.0,0.2300531120607581
27569,2021-10-31,4,moderate_supply_growing,0.0,0.0,0.0254958979585567
27569,2021-11-30,4,moderate_supply_growing,0.0,-1.0,0.1770833759679571
27569,2021-12-31,4,moderate_supply_growing,0.0,-1.0,0.0716819214156147
27571,2021-01-31,3,affordable_high_demand,1.0,1.0,0.8568476530422424
27571,2021-02-28,3,affordable_high_demand,1.0,1.0,0.8683698058598741
27571,2021-03-31,3,affordable_high_demand,1.0,1.0,0.9393436042123968
27571,2021-04-30,3,affordable_high_demand,1.0,1.0,0.8973250712918419
27571,2021-05-31,3,affordable_high_demand,1.0,1.0,0.8357012670591566
27571,2021-06-30,3,affordable_high_demand,1.0,1.0,0.8059066311688721
27571,2021-07-31,3,affordable_high_demand,1.0,1.0,0.7527962918217237
27571,2021-08-31,3,affordable_high_demand,0.0,0.0,0.788983011436398
27571,2021-09-30,3,affordable_high_demand,0.0,0.0,0.6930449770647401
27571,2021-10-31,3,affordable_high_demand,0.0,0.0,0.4982365966824705
27571,2021-11-30,3,affordable_high_demand,0.0,0.0,0.2941515032616744
27571,2021-12-31,3,affordable_high_demand,0.0,-1.0,0.3858532985427383
27572,2021-01-31,1,low_activity_cooling,0.0,0.0,0.127387145670409
27572,2021-02-28,1,low_activity_cooling,0.0,0.0,0.120389905416288
27572,2021-03-31,1,low_activity_cooling,0.0,0.0,0.2018143944263362
27572,2021-04-30,1,low_activity_cooling,0.0,0.0,0.3513805184427363
27572,2021-05-31,1,low_activity_cooling,0.0,0.0,0.0579682023562258
27572,2021-06-30,1,low_activity_cooling,0.0,-1.0,0.5044455924888287
27572,2021-07-31,1,low_activity_cooling,0.0,0.0,0.4337747683815938
27572,2021-08-31,1,low_activity_cooling,0.0,-1.0,0.0337767352992337
27572,2021-09-30,1,low_activity_cooling,0.0,-1.0,0.0601985080739515
27572,2021-10-31,1,low_activity_cooling,0.0,-1.0,0.1113487190649319
27572,2021-11-30,1,low_activity_cooling,0.0,-1.0,0.0948961944493989
27572,2021-12-31,1,low_activity_cooling,0.0,-1.0,0.1156732923569582
27573,2021-01-31,2,competitive_mid_market,0.0,0.0,0.0522261912779202
27573,2021-02-28,2,competitive_mid_market,0.0,0.0,0.0592724709283985
27573,2021-03-31,2,competitive_mid_market,0.0,0.0,0.0391750123725064
27573,2021-04-30,2,competitive_mid_market,0.0,-1.0,0.108138180484712
27573,2021-05-31,2,competitive_mid_market,0.0,-1.0,0.1689447392261869
27573,2021-06-30,2,competitive_mid_market,0.0,-1.0,0.4827527409597031
27573,2021-07-31,2,competitive_mid_market,0.0,-1.0,0.3041595687266027
27573,2021-08-31,2,competitive_mid_market,0.0,-1.0,0.0377352124425516
27573,2021-09-30,2,competitive_mid_market,0.0,-1.0,0.0151415003116208
27573,2021-10-31,2,competitive_mid_market,0.0,-1.0,0.0124221731705368
27573,2021-11-30,2,competitive_mid_market,0.0,-1.0,0.0390564901696027
27573,2021-12-31,2,competitive_mid_market,0.0,-1.0,0.0347839994035049
27574,2021-01-31,2,competitive_mid_market,1.0,1.0,0.1702527577933751
27574,2021-02-28,2,competitive_mid_market,0.0,0.0,0.330308486846447
27574,2021-03-31,2,competitive_mid_market,1.0,1.0,0.3049722531147509
27574,2021-04-30,2,competitive_mid_market,0.0,0.0,0.5613631439583203
27574,2021-05-31,2,competitive_mid_market,0.0,0.0,0.7079723323248902
27574,2021-06-30,2,competitive_mid_market,0.0,0.0,0.7602019382132033
27574,2021-07-31,2,competitive_mid_market,0.0,0.0,0.6276912567862045
27574,2021-08-31,2,competitive_mid_market,0.0,0.0,0.1186287498899884
27574,2021-09-30,2,competitive_mid_market,0.0,0.0,0.1213134944166707
27574,2021-10-31,2,competitive_mid_market,0.0,-1.0,0.0559694243646783
27574,2021-11-30,2,competitive_mid_market,0.0,-1.0,0.1418427334314947
27574,2021-12-31,2,competitive_mid_market,0.0,-1.0,0.0743695905064384
27576,2021-01-31,2,competitive_mid_market,1.0,1.0,0.4795505057092341
27576,2021-02-28,2,competitive_mid_market,1.0,1.0,0.5396955342120694
27576,2021-03-31,2,competitive_mid_market,1.0,1.0,0.586623176420924
27576,2021-04-30,2,competitive_mid_market,0.0,0.0,0.6205011068244002
27576,2021-05-31,2,competitive_mid_market,0.0,0.0,0.5279289160836044
27576,2021-06-30,2,competitive_mid_market,0.0,0.0,0.3944105218714548
27576,2021-07-31,2,competitive_mid_market,0.0,-1.0,0.3344410721125725
27576,2021-08-31,2,competitive_mid_market,0.0,-1.0,0.2202767195924144
27576,2021-09-30,2,competitive_mid_market,0.0,-1.0,0.053027813250796
27576,2021-10-31,2,competitive_mid_market,0.0,-1.0,0.0814118671510259
27576,2021-11-30,2,competitive_mid_market,0.0,-1.0,0.2965608279534301
27576,2021-12-31,2,competitive_mid_market,0.0,-1.0,0.2625142603785649
27577,2021-01-31,2,competitive_mid_market,1.0,1.0,0.9254822984688345
27577,2021-02-28,2,competitive_mid_market,1.0,1.0,0.9327298490448904
27577,2021-03-31,2,competitive_mid_market,1.0,1.0,0.9606577697686566
27577,2021-04-30,2,competitive_mid_market,1.0,1.0,0.8889120490891185
27577,2021-05-31,2,competitive_mid_market,0.0,0.0,0.7424700251662398
27577,2021-06-30,2,competitive_mid_market,0.0,0.0,0.680832124540286
27577,2021-07-31,2,competitive_mid_market,0.0,0.0,0.5724420610965868
27577,2021-08-31,2,competitive_mid_market,0.0,0.0,0.4580929275365091
27577,2021-09-30,2,competitive_mid_market,0.0,0.0,0.2978902371278767
27577,2021-10-31,2,competitive_mid_market,0.0,-1.0,0.1185293425782102
27577,2021-11-30,2,competitive_mid_market,0.0,-1.0,0.3791118554604268
27577,2021-12-31,2,competitive_mid_market,0.0,-1.0,0.416412670943338
27581,2021-01-31,2,competitive_mid_market,1.0,1.0,0.1749320822217925
27581,2021-02-28,2,competitive_mid_market,1.0,1.0,0.2890438809816196
27581,2021-03-31,2,competitive_mid_market,0.0,0.0,0.1137827123915498
27581,2021-04-30,2,competitive_mid_market,0.0,0.0,0.4215313530511475
27581,2021-05-31,2,competitive_mid_market,1.0,1.0,0.6729962993122169
27581,2021-06-30,2,competitive_mid_market,1.0,1.0,0.436351452748941
27581,2021-07-31,2,competitive_mid_market,0.0,0.0,0.621173158244619
27581,2021-08-31,2,competitive_mid_market,0.0,0.0,0.1808742362068135
27581,2021-09-30,2,competitive_mid_market,0.0,-1.0,0.0137853451091404
27581,2021-10-31,2,competitive_mid_market,0.0,-1.0,0.1737768271498343
27581,2021-11-30,2,competitive_mid_market,0.0,-1.0,0.0356974599524723
27581,2021-12-31,2,competitive_mid_market,0.0,-1.0,0.0478429011831947
27583,2021-01-31,3,affordable_high_demand,1.0,1.0,0.7072315211540993
27583,2021-02-28,3,affordable_high_demand,1.0,1.0,0.6998770470736058
27583,2021-03-31,3,affordable_high_demand,1.0,1.0,0.6709944269613722
27583,2021-04-30,3,affordable_high_demand,0.0,0.0,0.6014107183773808
27583,2021-05-31,3,affordable_high_demand,0.0,0.0,0.5653769865849382
27583,2021-06-30,3,affordable_high_demand,0.0,0.0,0.3422378750476419
27583,2021-07-31,3,affordable_high_demand,0.0,0.0,0.2040297948908911
27583,2021-08-31,3,affordable_high_demand,0.0,-1.0,0.0833367574368802
27583,2021-09-30,3,affordable_high_demand,0.0,-1.0,0.0364016691457791
27583,2021-10-31,3,affordable_high_demand,0.0,-1.0,0.0221986819545413
27583,2021-11-30,3,affordable_high_demand,0.0,-1.0,0.0241992327888219
27583,2021-12-31,3,affordable_high_demand,0.0,-1.0,0.0502618160089026
27587,2021-01-31,3,affordable_high_demand,1.0,1.0,0.975123945039696
27587,2021-02-28,3,affordable_high_demand,1.0,1.0,0.9762900578884836
27587,2021-03-31,3,affordable_high_demand,1.0,1.0,0.9825282350108494
27587,2021-04-30,3,affordable_high_demand,1.0,1.0,0.984665022547092
27587,2021-05-31,3,affordable_high_demand,1.0,1.0,0.9823418931543608
27587,2021-06-30,3,affordable_high_demand,1.0,1.0,0.9849228963788876
27587,2021-07-31,3,affordable_high_demand,1.0,1.0,0.9632419735183811
27587,2021-08-31,3,affordable_high_demand,1.0,1.0,0.9516149313179438
27587,2021-09-30,3,affordable_high_demand,1.0,1.0,0.9220064567440176
27587,2021-10-31,3,affordable_high_demand,0.0,0.0,0.840857580483678
27587,2021-11-30,3,affordable_high_demand,0.0,0.0,0.8138740041326529
27587,2021-12-31,3,affordable_high_demand,0.0,-1.0,0.7727528048555199
27591,2021-01-31,3,affordable_high_demand,0.0,0.0,0.8883806754183086
27591,2021-02-28,3,affordable_high_demand,1.0,1.0,0.9411565155166568
27591,2021-03-31,3,affordable_high_demand,1.0,1.0,0.9562470316874342
27591,2021-04-30,3,affordable_high_demand,1.0,1.0,0.9005387374770318
27591,2021-05-31,3,affordable_high_demand,1.0,1.0,0.9165912882910124
27591,2021-06-30,3,affordable_high_demand,1.0,1.0,0.9147281303113692
27591,2021-07-31,3,affordable_high_demand,1.0,1.0,0.9233668371066858
27591,2021-08-31,3,affordable_high_demand,0.0,0.0,0.7727392189641744
27591,2021-09-30,3,affordable_high_demand,0.0,0.0,0.6932882829890817
27591,2021-10-31,3,affordable_high_demand,0.0,0.0,0.6259978814278582
27591,2021-11-30,3,affordable_high_demand,0.0,0.0,0.7267231853607242
27591,2021-12-31,3,affordable_high_demand,0.0,-1.0,0.7382049271159331
27592,2021-01-31,3,affordable_high_demand,1.0,1.0,0.8698306206707771
27592,2021-02-28,3,affordable_high_demand,1.0,1.0,0.9469668624070052
27592,2021-03-31,3,affordable_high_demand,1.0,1.0,0.9556787632225752
27592,2021-04-30,3,affordable_high_demand,1.0,1.0,0.9440722332586512
27592,2021-05-31,3,affordable_high_demand,1.0,1.0,0.949299408454212
27592,2021-06-30,3,affordable_high_demand,1.0,1.0,0.861872176096303
27592,2021-07-31,3,affordable_high_demand,0.0,0.0,0.8732910130907819
27592,2021-08-31,3,affordable_high_demand,0.0,0.0,0.8869515631651177
27592,2021-09-30,3,affordable_high_demand,0.0,0.0,0.6127278205385912
27592,2021-10-31,3,affordable_high_demand,0.0,0.0,0.5955111464965142
27592,2021-11-30,3,affordable_high_demand,0.0,-1.0,0.6076081835505225
27592,2021-12-31,3,affordable_high_demand,0.0,-1.0,0.5412593856557801
27596,2021-01-31,3,affordable_high_demand,1.0,1.0,0.9437402802240608
27596,2021-02-28,3,affordable_high_demand,1.0,1.0,0.9491764622012347
27596,2021-03-31,3,affordable_high_demand,1.0,1.0,0.9284154527827156
27596,2021-04-30,3,affordable_high_demand,1.0,1.0,0.9216140471398658
27596,2021-05-31,3,affordable_high_demand,1.0,1.0,0.9161364909742876
27596,2021-06-30,3,affordable_high_demand,1.0,1.0,0.9268813536828218
27596,2021-07-31,3,affordable_high_demand,1.0,1.0,0.752908529787676
27596,2021-08-31,3,affordable_high_demand,0.0,0.0,0.7427226015179784
27596,2021-09-30,3,affordable_high_demand,0.0,0.0,0.5863596809002962
27596,2021-10-31,3,affordable_high_demand,0.0,0.0,0.4730528455740887
27596,2021-11-30,3,affordable_high_demand,0.0,0.0,0.4871850341284037
27596,2021-12-31,3,affordable_high_demand,0.0,-1.0,0.4285423858827706
27597,2021-01-31,3,affordable_high_demand,1.0,1.0,0.9629573446786424
27597,2021-02-28,3,affordable_high_demand,1.0,1.0,0.9672273699012016
27597,2021-03-31,3,affordable_high_demand,1.0,1.0,0.962935033508336
27597,2021-04-30,3,affordable_high_demand,1.0,1.0,0.9648636674157716
27597,2021-05-31,3,affordable_high_demand,1.0,1.0,0.9583153169259612
27597,2021-06-30,3,affordable_high_demand,1.0,1.0,0.9588148796123058
27597,2021-07-31,3,affordable_high_demand,1.0,1.0,0.945457999290197
27597,2021-08-31,3,affordable_high_demand,1.0,1.0,0.866427829988568
27597,2021-09-30,3,affordable_high_demand,1.0,1.0,0.8071594339429246
27597,2021-10-31,3,affordable_high_demand,0.0,0.0,0.7854738145690517
27597,2021-11-30,3,affordable_high_demand,0.0,0.0,0.6675931234154403
27597,2021-12-31,3,affordable_high_demand,0.0,0.0,0.7087446648549979
27601,2021-01-31,3,affordable_high_demand,1.0,1.0,0.4067939624933377
27601,2021-02-28,3,affordable_high_demand,1.0,1.0,0.873238656137363
27601,2021-03-31,3,affordable_high_demand,1.0,1.0,0.9811849175487514
27601,2021-04-30,3,affordable_high_demand,1.0,1.0,0.8873460437249743
27601,2021-05-31,3,affordable_high_demand,0.0,0.0,0.7488199003480356
27601,2021-06-30,3,affordable_high_demand,0.0,0.0,0.5681912738975317
27601,2021-07-31,3,affordable_high_demand,0.0,0.0,0.3608378354164107
27601,2021-08-31,3,affordable_high_demand,0.0,0.0,0.4357699747404862
27601,2021-09-30,3,affordable_high_demand,0.0,0.0,0.302256123326929
27601,2021-10-31,3,affordable_high_demand,0.0,-1.0,0.1710739052441048
27601,2021-11-30,3,affordable_high_demand,0.0,-1.0,0.1444064361092756
27601,2021-12-31,3,affordable_high_demand,0.0,-1.0,0.15706733611274
27603,2021-01-31,3,affordable_high_demand,1.0,1.0,0.9428192821624934
27603,2021-02-28,3,affordable_high_demand,1.0,1.0,0.9496972663329422
27603,2021-03-31,3,affordable_high_demand,1.0,1.0,0.9762533244199448
27603,2021-04-30,3,affordable_high_demand,1.0,1.0,0.9850485253274855
27603,2021-05-31,3,affordable_high_demand,1.0,1.0,0.9281398794034978
27603,2021-06-30,3,affordable_high_demand,1.0,1.0,0.9147607421473404
27603,2021-07-31,3,affordable_high_demand,0.0,0.0,0.9554754170025996
27603,2021-08-31,3,affordable_high_demand,0.0,0.0,0.9463204857018652
27603,2021-09-30,3,affordable_high_demand,0.0,0.0,0.8864345364989615
27603,2021-10-31,3,affordable_high_demand,0.0,0.0,0.8633265157207687
27603,2021-11-30,3,affordable_high_demand,0.0,-1.0,0.8279833725948763
27603,2021-12-31,3,affordable_high_demand,0.0,-1.0,0.7871186300698564
27604,2021-01-31,3,affordable_high_demand,1.0,1.0,0.9414614696256428
27604,2021-02-28,3,affordable_high_demand,1.0,1.0,0.8711936967520539
27604,2021-03-31,3,affordable_high_demand,1.0,1.0,0.9189255635141134
27604,2021-04-30,3,affordable_high_demand,1.0,1.0,0.9214924379287328
27604,2021-05-31,3,affordable_high_demand,1.0,1.0,0.8639890376635062
27604,2021-06-30,3,affordable_high_demand,1.0,1.0,0.8634794451945018
27604,2021-07-31,3,affordable_high_demand,1.0,1.0,0.887569397590351
27604,2021-08-31,3,affordable_high_demand,0.0,0.0,0.8930422459264474
27604,2021-09-30,3,affordable_high_demand,0.0,0.0,0.8541008335566728
27604,2021-10-31,3,affordable_high_demand,0.0,0.0,0.7414392777743843
27604,2021-11-30,3,affordable_high_demand,0.0,-1.0,0.6116738655010444
27604,2021-12-31,3,affordable_high_demand,0.0,-1.0,0.5996581041899374
27605,2021-01-31,3,affordable_high_demand,1.0,1.0,0.1097325985351038
27605,2021-02-28,3,affordable_high_demand,1.0,1.0,0.4167434773533849
27605,2021-03-31,3,affordable_high_demand,1.0,1.0,0.6868921754215427
27605,2021-04-30,3,affordable_high_demand,1.0,1.0,0.5590116520163474
27605,2021-05-31,3,affordable_high_demand,1.0,1.0,0.749169444163532
27605,2021-06-30,3,affordable_high_demand,1.0,1.0,0.7099160121547391
27605,2021-07-31,3,affordable_high_demand,1.0,1.0,0.5962445135439401
27605,2021-08-31,3,affordable_high_demand,1.0,1.0,0.3791277644601414
27605,2021-09-30,3,affordable_high_demand,1.0,1.0,0.0824575638924897
27605,2021-10-31,3,affordable_high_demand,0.0,0.0,0.0553240715112981
27605,2021-11-30,3,affordable_high_demand,0.0,0.0,0.0213726876824248
27605,2021-12-31,3,affordable_high_demand,0.0,-1.0,0.0297806281611725
27606,2021-01-31,3,affordable_high_demand,1.0,1.0,0.6950443478526923
27606,2021-02-28,3,affordable_high_demand,1.0,1.0,0.7925059188216422
27606,2021-03-31,3,affordable_high_demand,1.0,1.0,0.8921030178588694
27606,2021-04-30,3,affordable_high_demand,1.0,1.0,0.8858245708061828
27606,2021-05-31,3,affordable_high_demand,1.0,1.0,0.8330636162649586
27606,2021-06-30,3,affordable_high_demand,1.0,1.0,0.8147413196871206
27606,2021-07-31,3,affordable_high_demand,0.0,0.0,0.8381502805071599
27606,2021-08-31,3,affordable_high_demand,0.0,0.0,0.8038964398863385
27606,2021-09-30,3,affordable_high_demand,0.0,0.0,0.7275699273429452
27606,2021-10-31,3,affordable_high_demand,0.0,-1.0,0.5800966924384557
27606,2021-11-30,3,affordable_high_demand,0.0,-1.0,0.3921262002614169
27606,2021-12-31,3,affordable_high_demand,0.0,-1.0,0.4052016720823276
27607,2021-01-31,3,affordable_high_demand,1.0,1.0,0.7416915978238254
27607,2021-02-28,3,affordable_high_demand,1.0,1.0,0.9300119034208584
27607,2021-03-31,3,affordable_high_demand,1.0,1.0,0.90072772433119
27607,2021-04-30,3,affordable_high_demand,1.0,1.0,0.9505099806341012
27607,2021-05-31,3,affordable_high_demand,1.0,1.0,0.7496716828914841
27607,2021-06-30,3,affordable_high_demand,1.0,1.0,0.6056588272039815
27607,2021-07-31,3,affordable_high_demand,1.0,1.0,0.5666585763041492
27607,2021-08-31,3,affordable_high_demand,0.0,0.0,0.5542487672526042
27607,2021-09-30,3,affordable_high_demand,0.0,0.0,0.3171211770183065
27607,2021-10-31,3,affordable_high_demand,0.0,0.0,0.2162472389968727
27607,2021-11-30,3,affordable_high_demand,0.0,-1.0,0.1477397705456203
27607,2021-12-31,3,affordable_high_demand,0.0,-1.0,0.0777160982612054
27608,2021-01-31,3,affordable_high_demand,1.0,1.0,0.8465387849684434
27608,2021-02-28,3,affordable_high_demand,1.0,1.0,0.8835563841277622
27608,2021-03-31,3,affordable_high_demand,1.0,1.0,0.8742689655983887
27608,2021-04-30,3,affordable_high_demand,1.0,1.0,0.799778467948595
27608,2021-05-31,3,affordable_high_demand,0.0,0.0,0.8687514118503433
27608,2021-06-30,3,affordable_high_demand,0.0,0.0,0.7586860851005246
27608,2021-07-31,3,affordable_high_demand,0.0,0.0,0.690663874572483
27608,2021-08-31,3,affordable_high_demand,0.0,0.0,0.5406253134976846
27608,2021-09-30,3,affordable_high_demand,0.0,0.0,0.3591649333176222
27608,2021-10-31,3,affordable_high_demand,0.0,-1.0,0.3427820320200284
27608,2021-11-30,3,affordable_high_demand,0.0,-1.0,0.2728748899540968
27608,2021-12-31,3,affordable_high_demand,0.0,-1.0,0.1515013752222559
27609,2021-01-31,3,affordable_high_demand,1.0,1.0,0.9324418391035392
27609,2021-02-28,3,affordable_high_demand,1.0,1.0,0.9419925075146692
27609,2021-03-31,3,affordable_high_demand,1.0,1.0,0.953609584552895
27609,2021-04-30,3,affordable_high_demand,1.0,1.0,0.9648485349089576
27609,2021-05-31,3,affordable_high_demand,1.0,1.0,0.9377522502369998
27609,2021-06-30,3,affordable_high_demand,1.0,1.0,0.8608455592328363
27609,2021-07-31,3,affordable_high_demand,0.0,0.0,0.8286551722747179
27609,2021-08-31,3,affordable_high_demand,0.0,0.0,0.7865437911075278
27609,2021-09-30,3,affordable_high_demand,0.0,0.0,0.7503489120083514
27609,2021-10-31,3,affordable_high_demand,0.0,-1.0,0.8017773090711363
27609,2021-11-30,3,affordable_high_demand,0.0,-1.0,0.6404444157153184
27609,2021-12-31,3,affordable_high_demand,0.0,-1.0,0.5252859204957753
27610,2021-01-31,3,affordable_high_demand,1.0,1.0,0.905179065773851
27610,2021-02-28,3,affordable_high_demand,1.0,1.0,0.8657793522916463
27610,2021-03-31,3,affordable_high_demand,1.0,1.0,0.9000498660061447
27610,2021-04-30,3,affordable_high_demand,1.0,1.0,0.91325223632914
27610,2021-05-31,3,affordable_high_demand,1.0,1.0,0.8475579269749073
27610,2021-06-30,3,affordable_high_demand,1.0,1.0,0.826018399929659
27610,2021-07-31,3,affordable_high_demand,1.0,1.0,0.8125733349875824
27610,2021-08-31,3,affordable_high_demand,0.0,0.0,0.8381306111029128
27610,2021-09-30,3,affordable_high_demand,0.0,0.0,0.837397212663318
27610,2021-10-31,3,affordable_high_demand,0.0,0.0,0.7377479547951514
27610,2021-11-30,3,affordable_high_demand,0.0,-1.0,0.6908487223805292
27610,2021-12-31,3,affordable_high_demand,0.0,-1.0,0.5637877018743654
27612,2021-01-31,3,affordable_high_demand,1.0,1.0,0.9015403076441943
27612,2021-02-28,3,affordable_high_demand,1.0,1.0,0.9652885044140368
27612,2021-03-31,3,affordable_high_demand,1.0,1.0,0.967534300045164
27612,2021-04-30,3,affordable_high_demand,1.0,1.0,0.9766792964369196
27612,2021-05-31,3,affordable_high_demand,1.0,1.0,0.9267741469180868
27612,2021-06-30,3,affordable_high_demand,0.0,0.0,0.9142175298382208
27612,2021-07-31,3,affordable_high_demand,0.0,0.0,0.9377147571132752
27612,2021-08-31,3,affordable_high_demand,0.0,0.0,0.7925235497451735
27612,2021-09-30,3,affordable_high_demand,0.0,0.0,0.8727868341208361
27612,2021-10-31,3,affordable_high_demand,0.0,-1.0,0.8571814476241858
27612,2021-11-30,3,affordable_high_demand,0.0,-1.0,0.8290093258750691
27612,2021-12-31,3,affordable_high_demand,0.0,-1.0,0.6928866283010278
27613,2021-01-31,3,affordable_high_demand,1.0,1.0,0.9204169709730388
27613,2021-02-28,3,affordable_high_demand,1.0,1.0,0.9574538382659692
27613,2021-03-31,3,affordable_high_demand,1.0,1.0,0.9690618905551648
27613,2021-04-30,3,affordable_high_demand,1.0,1.0,0.9640483499851208
27613,2021-05-31,3,affordable_high_demand,1.0,1.0,0.922063678377534
27613,2021-06-30,3,affordable_high_demand,1.0,1.0,0.9252038478245566
27613,2021-07-31,3,affordable_high_demand,0.0,0.0,0.8986065366460692
27613,2021-08-31,3,affordable_high_demand,0.0,0.0,0.9118259217453814
27613,2021-09-30,3,affordable_high_demand,0.0,0.0,0.8666462767459425
27613,2021-10-31,3,affordable_high_demand,0.0,0.0,0.809803529124932
27613,2021-11-30,3,affordable_high_demand,0.0,-1.0,0.7782401632745555
27613,2021-12-31,3,affordable_high_demand,0.0,-1.0,0.7815695566318579
27614,2021-01-31,3,affordable_high_demand,1.0,1.0,0.946804837246537
27614,2021-02-28,3,affordable_high_demand,1.0,1.0,0.959471604115403
27614,2021-03-31,3,affordable_high_demand,1.0,1.0,0.9676935249576418
27614,2021-04-30,3,affordable_high_demand,1.0,1.0,0.9728240297703306
27614,2021-05-31,3,affordable_high_demand,1.0,1.0,0.9483583666494269
27614,2021-06-30,3,affordable_high_demand,1.0,1.0,0.902712341419906
27614,2021-07-31,3,affordable_high_demand,1.0,1.0,0.8880380657065517
27614,2021-08-31,3,affordable_high_demand,0.0,0.0,0.9275381136481812
27614,2021-09-30,3,affordable_high_demand,0.0,0.0,0.8432684909231024
27614,2021-10-31,3,affordable_high_demand,0.0,0.0,0.7863956285138979
27614,2021-11-30,3,affordable_high_demand,0.0,-1.0,0.7434885360032952
27614,2021-12-31,3,affordable_high_demand,0.0,-1.0,0.6022987799946292
27615,2021-01-31,3,affordable_high_demand,1.0,1.0,0.9501421480977946
27615,2021-02-28,3,affordable_high_demand,1.0,1.0,0.963007796029259
27615,2021-03-31,3,affordable_high_demand,1.0,1.0,0.977218296269061
27615,2021-04-30,3,affordable_high_demand,1.0,1.0,0.9782923455479734
27615,2021-05-31,3,affordable_high_demand,1.0,1.0,0.952334031893863
27615,2021-06-30,3,affordable_high_demand,1.0,1.0,0.8824239016113897
27615,2021-07-31,3,affordable_high_demand,1.0,1.0,0.9116569989669976
27615,2021-08-31,3,affordable_high_demand,0.0,0.0,0.9303668263985232
27615,2021-09-30,3,affordable_high_demand,0.0,0.0,0.8476398271172781
27615,2021-10-31,3,affordable_high_demand,0.0,0.0,0.8528714194314247
27615,2021-11-30,3,affordable_high_demand,0.0,0.0,0.8834366681988844
27615,2021-12-31,3,affordable_high_demand,0.0,-1.0,0.8131396015424891
27616,2021-01-31,3,affordable_high_demand,1.0,1.0,0.92152989732742
27616,2021-02-28,3,affordable_high_demand,1.0,1.0,0.9225839312549716
27616,2021-03-31,3,affordable_high_demand,1.0,1.0,0.9793574694506024
27616,2021-04-30,3,affordable_high_demand,1.0,1.0,0.9449292479284396
27616,2021-05-31,3,affordable_high_demand,1.0,1.0,0.9309373163727132
27616,2021-06-30,3,affordable_high_demand,1.0,1.0,0.9708660458554194
27616,2021-07-31,3,affordable_high_demand,1.0,1.0,0.9744003112872586
27616,2021-08-31,3,affordable_high_demand,1.0,1.0,0.9463259511858042
27616,2021-09-30,3,affordable_high_demand,0.0,0.0,0.9090753510065136
27616,2021-10-31,3,affordable_high_demand,0.0,0.0,0.8611355380401637
27616,2021-11-30,3,affordable_high_demand,0.0,-1.0,0.7327591204619006
27616,2021-12-31,3,affordable_high_demand,0.0,-1.0,0.7294467628297618
27617,2021-01-31,3,affordable_high_demand,1.0,1.0,0.7432922446709135
27617,2021-02-28,3,affordable_high_demand,1.0,1.0,0.9064127875784432
27617,2021-03-31,3,affordable_high_demand,1.0,1.0,0.9411513549837316
27617,2021-04-30,3,affordable_high_demand,1.0,1.0,0.9765035275621052
27617,2021-05-31,3,affordable_high_demand,1.0,1.0,0.9683128213057316
27617,2021-06-30,3,affordable_high_demand,1.0,1.0,0.8991108855663765
27617,2021-07-31,3,affordable_high_demand,1.0,1.0,0.8403880317097675
27617,2021-08-31,3,affordable_high_demand,0.0,0.0,0.8416992859088056
27617,2021-09-30,3,affordable_high_demand,0.0,0.0,0.6623367957635603
27617,2021-10-31,3,affordable_high_demand,0.0,0.0,0.524136738485021
27617,2021-11-30,3,affordable_high_demand,0.0,-1.0,0.499964839933712
27617,2021-12-31,3,affordable_high_demand,0.0,-1.0,0.5543177291732272
27701,2021-01-31,3,affordable_high_demand,0.0,0.0,0.5845737861592998
27701,2021-02-28,3,affordable_high_demand,0.0,0.0,0.7014425423533497
27701,2021-03-31,3,affordable_high_demand,0.0,0.0,0.6231152349757323
27701,2021-04-30,3,affordable_high_demand,0.0,0.0,0.4356226216127311
27701,2021-05-31,3,affordable_high_demand,0.0,0.0,0.3332488225101546
27701,2021-06-30,3,affordable_high_demand,0.0,0.0,0.2174514690872334
27701,2021-07-31,3,affordable_high_demand,0.0,0.0,0.2066499475994885
27701,2021-08-31,3,affordable_high_demand,0.0,0.0,0.0445628525485934
27701,2021-09-30,3,affordable_high_demand,0.0,0.0,0.0602751703128896
27701,2021-10-31,3,affordable_high_demand,0.0,0.0,0.0642835974947494
27701,2021-11-30,3,affordable_high_demand,0.0,0.0,0.1162661767822605
27701,2021-12-31,3,affordable_high_demand,0.0,0.0,0.240605099807903
27703,2021-01-31,3,affordable_high_demand,1.0,1.0,0.9736501083716704
27703,2021-02-28,3,affordable_high_demand,1.0,1.0,0.9543387742172597
27703,2021-03-31,3,affordable_high_demand,1.0,1.0,0.939783285525692
27703,2021-04-30,3,affordable_high_demand,1.0,1.0,0.948538539506981
27703,2021-05-31,3,affordable_high_demand,1.0,1.0,0.9410536546660612
27703,2021-06-30,3,affordable_high_demand,1.0,1.0,0.9349900389908974
27703,2021-07-31,3,affordable_high_demand,1.0,1.0,0.900830637083705
27703,2021-08-31,3,affordable_high_demand,0.0,0.0,0.8459818786845125
27703,2021-09-30,3,affordable_high_demand,0.0,0.0,0.7802828592391126
27703,2021-10-31,3,affordable_high_demand,0.0,0.0,0.7313294783360879
27703,2021-11-30,3,affordable_high_demand,0.0,0.0,0.7942289167447137
27703,2021-12-31,3,affordable_high_demand,0.0,-1.0,0.7970240482225094
27704,2021-01-31,2,competitive_mid_market,1.0,1.0,0.8316709806595504
27704,2021-02-28,2,competitive_mid_market,1.0,1.0,0.8656054561287083
27704,2021-03-31,2,competitive_mid_market,1.0,1.0,0.8136105925081785
27704,2021-04-30,2,competitive_mid_market,1.0,1.0,0.8644584491644979
27704,2021-05-31,2,competitive_mid_market,0.0,0.0,0.5834870040717485
27704,2021-06-30,2,competitive_mid_market,0.0,0.0,0.586536603033984
27704,2021-07-31,2,competitive_mid_market,0.0,0.0,0.5194432478119689
27704,2021-08-31,2,competitive_mid_market,0.0,0.0,0.4123797465115349
27704,2021-09-30,2,competitive_mid_market,0.0,0.0,0.4307565660515237
27704,2021-10-31,2,competitive_mid_market,0.0,-1.0,0.2987648429943486
27704,2021-11-30,2,competitive_mid_market,0.0,-1.0,0.5153597000129307
27704,2021-12-31,2,competitive_mid_market,0.0,-1.0,0.402777839118379
27705,2021-01-31,3,affordable_high_demand,1.0,1.0,0.7545328150276905
27705,2021-02-28,3,affordable_high_demand,1.0,1.0,0.91849643693634
27705,2021-03-31,3,affordable_high_demand,1.0,1.0,0.9168956158196232
27705,2021-04-30,3,affordable_high_demand,1.0,1.0,0.9295967145224312
27705,2021-05-31,3,affordable_high_demand,1.0,1.0,0.8283500469988524
27705,2021-06-30,3,affordable_high_demand,0.0,0.0,0.8461161659215745
27705,2021-07-31,3,affordable_high_demand,0.0,0.0,0.8170606178164148
27705,2021-08-31,3,affordable_high_demand,0.0,0.0,0.6558761534134074
27705,2021-09-30,3,affordable_high_demand,0.0,0.0,0.3013215487327528
27705,2021-10-31,3,affordable_high_demand,0.0,0.0,0.2173962782614067
27705,2021-11-30,3,affordable_high_demand,0.0,-1.0,0.5287372161928707
27705,2021-12-31,3,affordable_high_demand,0.0,-1.0,0.3611931758609118
27707,2021-01-31,3,affordable_high_demand,1.0,1.0,0.8707519180948189
27707,2021-02-28,3,affordable_high_demand,1.0,1.0,0.916361560820432
27707,2021-03-31,3,affordable_high_demand,1.0,1.0,0.9255530921242346
27707,2021-04-30,3,affordable_high_demand,1.0,1.0,0.8903422214772073
27707,2021-05-31,3,affordable_high_demand,0.0,0.0,0.8276583793790787
27707,2021-06-30,3,affordable_high_demand,0.0,0.0,0.7652934553753257
27707,2021-07-31,3,affordable_high_demand,0.0,0.0,0.6576356284901949
27707,2021-08-31,3,affordable_high_demand,0.0,0.0,0.6766250393361553
27707,2021-09-30,3,affordable_high_demand,0.0,-1.0,0.5674848856432129
27707,2021-10-31,3,affordable_high_demand,0.0,-1.0,0.0912207493383575
27707,2021-11-30,3,affordable_high_demand,0.0,-1.0,0.4386826882410906
27707,2021-12-31,3,affordable_high_demand,0.0,-1.0,0.3461783959155874
27712,2021-01-31,3,affordable_high_demand,1.0,1.0,0.9448737971527724
27712,2021-02-28,3,affordable_high_demand,1.0,1.0,0.9375480750955848
27712,2021-03-31,3,affordable_high_demand,1.0,1.0,0.9084273098797068
27712,2021-04-30,3,affordable_high_demand,0.0,0.0,0.8828020023747237
27712,2021-05-31,3,affordable_high_demand,0.0,0.0,0.6736955814306825
27712,2021-06-30,3,affordable_high_demand,0.0,0.0,0.8072071237382187
27712,2021-07-31,3,affordable_high_demand,0.0,0.0,0.8038922074472644
27712,2021-08-31,3,affordable_high_demand,0.0,0.0,0.6643729773210112
27712,2021-09-30,3,affordable_high_demand,0.0,0.0,0.7110727846597138
27712,2021-10-31,3,affordable_high_demand,0.0,0.0,0.6876486049531453
27712,2021-11-30,3,affordable_high_demand,0.0,-1.0,0.7123345040043012
27712,2021-12-31,3,affordable_high_demand,0.0,-1.0,0.6709074227974969
27713,2021-01-31,3,affordable_high_demand,1.0,1.0,0.9816667928492404
27713,2021-02-28,3,affordable_high_demand,1.0,1.0,0.9786995107993498
27713,2021-03-31,3,affordable_high_demand,1.0,1.0,0.9793471126180456
27713,2021-04-30,3,affordable_high_demand,1.0,1.0,0.9204557411852264
27713,2021-05-31,3,affordable_high_demand,1.0,1.0,0.9418918965538794
27713,2021-06-30,3,affordable_high_demand,1.0,1.0,0.942762552872335
27713,2021-07-31,3,affordable_high_demand,1.0,1.0,0.9008371969693392
27713,2021-08-31,3,affordable_high_demand,0.0,0.0,0.8809165157465005
27713,2021-09-30,3,affordable_high_demand,0.0,0.0,0.8852576093228024
27713,2021-10-31,3,affordable_high_demand,0.0,0.0,0.8357222610290563
27713,2021-11-30,3,affordable_high_demand,0.0,0.0,0.7681300776611666
27713,2021-12-31,3,affordable_high_demand,0.0,-1.0,0.7487589597823349
27801,2021-01-31,0,high_value_appreciating,0.0,0.0,0.4766434434800928
27801,2021-02-28,0,high_value_appreciating,0.0,0.0,0.2616732463149854
27801,2021-03-31,0,high_value_appreciating,0.0,0.0,0.0793092940016688
27801,2021-04-30,0,high_value_appreciating,0.0,0.0,0.0884044618865768
27801,2021-05-31,0,high_value_appreciating,0.0,0.0,0.3730421095307883
27801,2021-06-30,0,high_value_appreciating,0.0,0.0,0.4510133632114184
27801,2021-07-31,0,high_value_appreciating,0.0,0.0,0.6870236787321172
27801,2021-08-31,0,high_value_appreciating,0.0,0.0,0.5667609648125762
27801,2021-09-30,0,high_value_appreciating,0.0,0.0,0.1485776682332124
27801,2021-10-31,0,high_value_appreciating,0.0,0.0,0.2016329622784505
27801,2021-11-30,0,high_value_appreciating,0.0,0.0,0.165904212587032
27801,2021-12-31,0,high_value_appreciating,0.0,0.0,0.5975548588438364
27803,2021-01-31,2,competitive_mid_market,0.0,0.0,0.2179235493087276
27803,2021-02-28,2,competitive_mid_market,0.0,0.0,0.3627776982851397
27803,2021-03-31,2,competitive_mid_market,0.0,0.0,0.2220476882894773
27803,2021-04-30,2,competitive_mid_market,0.0,0.0,0.2750461472159765
27803,2021-05-31,2,competitive_mid_market,0.0,0.0,0.3421741829587697
27803,2021-06-30,2,competitive_mid_market,0.0,0.0,0.4770518852482999
27803,2021-07-31,2,competitive_mid_market,0.0,0.0,0.3468967233066012
27803,2021-08-31,2,competitive_mid_market,0.0,0.0,0.0764351255820912
27803,2021-09-30,2,competitive_mid_market,0.0,-1.0,0.0498350447561882
27803,2021-10-31,2,competitive_mid_market,0.0,-1.0,0.0604900733725641
27803,2021-11-30,2,competitive_mid_market,0.0,0.0,0.1012149020105279
27803,2021-12-31,2,competitive_mid_market,0.0,0.0,0.0479415423350257
27804,2021-01-31,4,moderate_supply_growing,0.0,0.0,0.2949077164801225
27804,2021-02-28,4,moderate_supply_growing,0.0,0.0,0.3370993942800058
27804,2021-03-31,4,moderate_supply_growing,1.0,1.0,0.273258236373095
27804,2021-04-30,4,moderate_supply_growing,1.0,1.0,0.44326952159387
27804,2021-05-31,4,moderate_supply_growing,1.0,1.0,0.4811898898324909
27804,2021-06-30,4,moderate_supply_growing,1.0,1.0,0.6639843668296788
27804,2021-07-31,4,moderate_supply_growing,0.0,0.0,0.4267729609246219
27804,2021-08-31,4,moderate_supply_growing,0.0,0.0,0.1211581835784457
27804,2021-09-30,4,moderate_supply_growing,0.0,0.0,0.0889775998788193
27804,2021-10-31,4,moderate_supply_growing,0.0,0.0,0.0541626071120665
27804,2021-11-30,4,moderate_supply_growing,0.0,0.0,0.1241367051250154
27804,2021-12-31,4,moderate_supply_growing,0.0,-1.0,0.1053187505556448
27806,2021-01-31,0,high_value_appreciating,1.0,1.0,0.8300142676230788
27806,2021-02-28,0,high_value_appreciating,1.0,1.0,0.7657447788478244
27806,2021-03-31,0,high_value_appreciating,1.0,1.0,0.5982391171309699
27806,2021-04-30,0,high_value_appreciating,1.0,1.0,0.6103510992523532
27806,2021-05-31,0,high_value_appreciating,0.0,0.0,0.7867228061873875
27806,2021-06-30,0,high_value_appreciating,0.0,0.0,0.84544002113517
27806,2021-07-31,0,high_value_appreciating,0.0,0.0,0.5296680393531148
27806,2021-08-31,0,high_value_appreciating,0.0,-1.0,0.1828078535187395
27806,2021-09-30,0,high_value_appreciating,0.0,-1.0,0.1145531637823987
27806,2021-10-31,0,high_value_appreciating,0.0,-1.0,0.1004787922952723
27806,2021-11-30,0,high_value_appreciating,0.0,-1.0,0.0984149800296429
27806,2021-12-31,0,high_value_appreciating,0.0,-1.0,0.1340355008128841
27807,2021-01-31,1,low_activity_cooling,1.0,1.0,0.8874361548546025
27807,2021-02-28,1,low_activity_cooling,1.0,1.0,0.8415240749958321
27807,2021-03-31,1,low_activity_cooling,1.0,1.0,0.5898899158305714
27807,2021-04-30,1,low_activity_cooling,0.0,0.0,0.2314069417236274
27807,2021-05-31,1,low_activity_cooling,0.0,-1.0,0.0460950671415293
27807,2021-06-30,1,low_activity_cooling,0.0,-1.0,0.2314631138481839
27807,2021-07-31,1,low_activity_cooling,0.0,-1.0,0.328492117824349
27807,2021-08-31,1,low_activity_cooling,0.0,0.0,0.1398851180489925
27807,2021-09-30,1,low_activity_cooling,0.0,0.0,0.059915034280834
27807,2021-10-31,1,low_activity_cooling,0.0,-1.0,0.0637364771881924
27807,2021-11-30,1,low_activity_cooling,0.0,-1.0,0.1777809078249394
27807,2021-12-31,1,low_activity_cooling,0.0,-1.0,0.2641197961044999
27808,2021-01-31,4,moderate_supply_growing,0.0,-1.0,0.2879811579547096
27808,2021-02-28,4,moderate_supply_growing,0.0,-1.0,0.1836786277058473
27808,2021-03-31,4,moderate_supply_growing,0.0,-1.0,0.1359007946508605
27808,2021-04-30,4,moderate_supply_growing,0.0,-1.0,0.0378884589417109
27808,2021-05-31,4,moderate_supply_growing,0.0,-1.0,0.1411494210688729
27808,2021-06-30,4,moderate_supply_growing,0.0,-1.0,0.234114714779632
27808,2021-07-31,4,moderate_supply_growing,0.0,-1.0,0.0969275150158993
27808,2021-08-31,4,moderate_supply_growing,0.0,-1.0,0.0683405531012708
27808,2021-09-30,4,moderate_supply_growing,0.0,-1.0,0.0231833309268572
27808,2021-10-31,4,moderate_supply_growing,0.0,-1.0,0.0405755743749472
27808,2021-11-30,4,moderate_supply_growing,0.0,-1.0,0.0321394903063437
27808,2021-12-31,4,moderate_supply_growing,0.0,-1.0,0.1315176442410571
27812,2021-01-31,2,competitive_mid_market,0.0,0.0,0.3505936127148894
27812,2021-02-28,2,competitive_mid_market,1.0,1.0,0.7217875679493037
27812,2021-03-31,2,competitive_mid_market,1.0,1.0,0.5770303501215578
27812,2021-04-30,2,competitive_mid_market,0.0,0.0,0.575659134124903
27812,2021-05-31,2,competitive_mid_market,0.0,-1.0,0.7236441338398685
27812,2021-06-30,2,competitive_mid_market,0.0,-1.0,0.3618844914772339
27812,2021-07-31,2,competitive_mid_market,0.0,-1.0,0.2849502862633002
27812,2021-08-31,2,competitive_mid_market,0.0,-1.0,0.0926396186447838
27812,2021-09-30,2,competitive_mid_market,0.0,-1.0,0.1166553153171968
27812,2021-10-31,2,competitive_mid_market,0.0,-1.0,0.0530128461752206
27812,2021-11-30,2,competitive_mid_market,0.0,-1.0,0.0559239003331874
27812,2021-12-31,2,competitive_mid_market,0.0,-1.0,0.602391276292722
27814,2021-01-31,4,moderate_supply_growing,0.0,0.0,0.2033569494050941
27814,2021-02-28,4,moderate_supply_growing,0.0,0.0,0.3511867498213413
27814,2021-03-31,4,moderate_supply_growing,0.0,0.0,0.4980090717041676
27814,2021-04-30,4,moderate_supply_growing,0.0,0.0,0.4793436336065869
27814,2021-05-31,4,moderate_supply_growing,0.0,0.0,0.5508466848766104
27814,2021-06-30,4,moderate_supply_growing,1.0,1.0,0.4628039190448386
27814,2021-07-31,4,moderate_supply_growing,1.0,1.0,0.4759705155738282
27814,2021-08-31,4,moderate_supply_growing,1.0,1.0,0.0385210248297299
27814,2021-09-30,4,moderate_supply_growing,1.0,1.0,0.3092675195657186
27814,2021-10-31,4,moderate_supply_growing,1.0,1.0,0.1630479859622296
27814,2021-11-30,4,moderate_supply_growing,0.0,0.0,0.0724778279336084
27814,2021-12-31,4,moderate_supply_growing,1.0,1.0,0.2307027098543843
27817,2021-01-31,4,moderate_supply_growing,1.0,1.0,0.6253997155970009
27817,2021-02-28,4,moderate_supply_growing,1.0,1.0,0.4674136606762526
27817,2021-03-31,4,moderate_supply_growing,1.0,1.0,0.3129641529267707
27817,2021-04-30,4,moderate_supply_growing,1.0,1.0,0.4037498376796982
27817,2021-05-31,4,moderate_supply_growing,1.0,1.0,0.2798752405412358
27817,2021-06-30,4,moderate_supply_growing,1.0,1.0,0.1767414167326551
27817,2021-07-31,4,moderate_supply_growing,1.0,1.0,0.213781841291059
27817,2021-08-31,4,moderate_supply_growing,0.0,0.0,0.0653415918901286
27817,2021-09-30,4,moderate_supply_growing,0.0,0.0,0.0609419269217259
27817,2021-10-31,4,moderate_supply_growing,0.0,0.0,0.0353843543478508
27817,2021-11-30,4,moderate_supply_growing,0.0,-1.0,0.0363476452372391
27817,2021-12-31,4,moderate_supply_growing,0.0,-1.0,0.061796469775387
27822,2021-01-31,4,moderate_supply_growing,1.0,1.0,0.2612500364738879
27822,2021-02-28,4,moderate_supply_growing,1.0,1.0,0.1589752824217453
27822,2021-03-31,4,moderate_supply_growing,1.0,1.0,0.0531837789682146
27822,2021-04-30,4,moderate_supply_growing,1.0,1.0,0.0322998747376126
27822,2021-05-31,4,moderate_supply_growing,1.0,1.0,0.073818763340997
27822,2021-06-30,4,moderate_supply_growing,1.0,1.0,0.0924837091408613
27822,2021-07-31,4,moderate_supply_growing,0.0,0.0,0.0331402205910699
27822,2021-08-31,4,moderate_supply_growing,0.0,0.0,0.0274566114156673
27822,2021-09-30,4,moderate_supply_growing,0.0,0.0,0.0130530905894234
27822,2021-10-31,4,moderate_supply_growing,0.0,0.0,0.0139691584450009
27822,2021-11-30,4,moderate_supply_growing,0.0,0.0,0.0152402143803415
27822,2021-12-31,4,moderate_supply_growing,0.0,-1.0,0.0145076611523774
27828,2021-01-31,4,moderate_supply_growing,1.0,1.0,0.1805704681554335
27828,2021-02-28,4,moderate_supply_growing,1.0,1.0,0.0632801018672835
27828,2021-03-31,4,moderate_supply_growing,1.0,1.0,0.1679019650082759
27828,2021-04-30,4,moderate_supply_growing,1.0,1.0,0.4400118975064598
27828,2021-05-31,4,moderate_supply_growing,1.0,1.0,0.378617289435957
27828,2021-06-30,4,moderate_supply_growing,0.0,0.0,0.3644619034384317
27828,2021-07-31,4,moderate_supply_growing,0.0,0.0,0.1121289374250176
27828,2021-08-31,4,moderate_supply_growing,0.0,0.0,0.0309965028118243
27828,2021-09-30,4,moderate_supply_growing,0.0,-1.0,0.0142634326569031
27828,2021-10-31,4,moderate_supply_growing,0.0,-1.0,0.0061209810192552
27828,2021-11-30,4,moderate_supply_growing,0.0,-1.0,0.0167926036866336
27828,2021-12-31,4,moderate_supply_growing,0.0,-1.0,0.0326067201629667
27830,2021-01-31,1,low_activity_cooling,0.0,-1.0,0.0213553990283639
27830,2021-02-28,1,low_activity_cooling,0.0,-1.0,0.130516691634459
27830,2021-03-31,1,low_activity_cooling,0.0,-1.0,0.389284613338664
27830,2021-04-30,1,low_activity_cooling,0.0,-1.0,0.1251250484808049
27830,2021-05-31,1,low_activity_cooling,0.0,-1.0,0.2394719658748582
27830,2021-06-30,1,low_activity_cooling,0.0,0.0,0.3907675201437582
27830,2021-07-31,1,low_activity_cooling,0.0,0.0,0.3828348154877107
27830,2021-08-31,1,low_activity_cooling,0.0,0.0,0.7060110042708203
27830,2021-09-30,1,low_activity_cooling,0.0,0.0,0.2133089982023805
27830,2021-10-31,1,low_activity_cooling,0.0,0.0,0.6756664196600602
27830,2021-11-30,1,low_activity_cooling,1.0,1.0,0.5276699995700788
27830,2021-12-31,1,low_activity_cooling,1.0,1.0,0.5595056018333313
27834,2021-01-31,4,moderate_supply_growing,0.0,0.0,0.2791340388223118
27834,2021-02-28,4,moderate_supply_growing,0.0,0.0,0.3065754291956667
27834,2021-03-31,4,moderate_supply_growing,1.0,1.0,0.4845537310686893
27834,2021-04-30,4,moderate_supply_growing,1.0,1.0,0.3790020013551485
27834,2021-05-31,4,moderate_supply_growing,0.0,0.0,0.2735451779346177
27834,2021-06-30,4,moderate_supply_growing,0.0,0.0,0.284753457789495
27834,2021-07-31,4,moderate_supply_growing,0.0,0.0,0.2826580253505555
27834,2021-08-31,4,moderate_supply_growing,0.0,0.0,0.0615234505641639
27834,2021-09-30,4,moderate_supply_growing,0.0,0.0,0.0497313700708064
27834,2021-10-31,4,moderate_supply_growing,0.0,0.0,0.0462215226094935
27834,2021-11-30,4,moderate_supply_growing,0.0,0.0,0.0784742462131349
27834,2021-12-31,4,moderate_supply_growing,0.0,0.0,0.0863094695735929
27837,2021-01-31,4,moderate_supply_growing,1.0,1.0,0.7921484899956753
27837,2021-02-28,4,moderate_supply_growing,1.0,1.0,0.7498004716742898
27837,2021-03-31,4,moderate_supply_growing,1.0,1.0,0.6730656231788269
27837,2021-04-30,4,moderate_supply_growing,1.0,1.0,0.5044742993393709
27837,2021-05-31,4,moderate_supply_growing,0.0,0.0,0.7350001782319248
27837,2021-06-30,4,moderate_supply_growing,1.0,1.0,0.6965249795429286
27837,2021-07-31,4,moderate_supply_growing,0.0,0.0,0.6537755496990922
27837,2021-08-31,4,moderate_supply_growing,0.0,0.0,0.3485945279287447
27837,2021-09-30,4,moderate_supply_growing,0.0,0.0,0.2298700645053296
27837,2021-10-31,4,moderate_supply_growing,0.0,-1.0,0.1146546690817316
27837,2021-11-30,4,moderate_supply_growing,0.0,-1.0,0.0996790834415751
27837,2021-12-31,4,moderate_supply_growing,0.0,-1.0,0.1014137338515715
27851,2021-01-31,2,competitive_mid_market,1.0,1.0,0.3496413120037415
27851,2021-02-28,2,competitive_mid_market,1.0,1.0,0.4278479154243075
27851,2021-03-31,2,competitive_mid_market,0.0,0.0,0.1105678793041798
27851,2021-04-30,2,competitive_mid_market,0.0,0.0,0.0566482234065683
27851,2021-05-31,2,competitive_mid_market,0.0,-1.0,0.0584722975852537
27851,2021-06-30,2,competitive_mid_market,0.0,-1.0,0.2390502431683301
27851,2021-07-31,2,competitive_mid_market,0.0,-1.0,0.0595361289450595
27851,2021-08-31,2,competitive_mid_market,0.0,-1.0,0.0470096496122275
27851,2021-09-30,2,competitive_mid_market,0.0,-1.0,0.0381279546064641
27851,2021-10-31,2,competitive_mid_market,0.0,-1.0,0.0356257535847555
27851,2021-11-30,2,competitive_mid_market,0.0,-1.0,0.0192648265376113
27851,2021-12-31,2,competitive_mid_market,0.0,-1.0,0.0245928317796504
27856,2021-01-31,4,moderate_supply_growing,0.0,0.0,0.5880910928433072
27856,2021-02-28,4,moderate_supply_growing,0.0,0.0,0.6260090936059916
27856,2021-03-31,4,moderate_supply_growing,0.0,0.0,0.4838494284568116
27856,2021-04-30,4,moderate_supply_growing,0.0,0.0,0.3722318486291486
27856,2021-05-31,4,moderate_supply_growing,0.0,0.0,0.4964190453042035
27856,2021-06-30,4,moderate_supply_growing,0.0,0.0,0.4653374168395798
27856,2021-07-31,4,moderate_supply_growing,0.0,0.0,0.3934100729264139
27856,2021-08-31,4,moderate_supply_growing,0.0,0.0,0.1449896371814842
27856,2021-09-30,4,moderate_supply_growing,0.0,0.0,0.0759249961173067
27856,2021-10-31,4,moderate_supply_growing,0.0,-1.0,0.054926092766762
27856,2021-11-30,4,moderate_supply_growing,0.0,-1.0,0.082590707380981
27856,2021-12-31,4,moderate_supply_growing,0.0,-1.0,0.1044605482290229
27858,2021-01-31,4,moderate_supply_growing,1.0,1.0,0.6380988579468811
27858,2021-02-28,4,moderate_supply_growing,1.0,1.0,0.6879461046860309
27858,2021-03-31,4,moderate_supply_growing,1.0,1.0,0.6231393028336821
27858,2021-04-30,4,moderate_supply_growing,1.0,1.0,0.6569225625838973
27858,2021-05-31,4,moderate_supply_growing,1.0,1.0,0.6920049712601151
27858,2021-06-30,4,moderate_supply_growing,1.0,1.0,0.6292155730329178
27858,2021-07-31,4,moderate_supply_growing,1.0,1.0,0.383521214807789
27858,2021-08-31,4,moderate_supply_growing,0.0,0.0,0.4476186493931902
27858,2021-09-30,4,moderate_supply_growing,0.0,0.0,0.4136679718872198
27858,2021-10-31,4,moderate_supply_growing,0.0,0.0,0.0808014781650699
27858,2021-11-30,4,moderate_supply_growing,0.0,0.0,0.0667128759697661
27858,2021-12-31,4,moderate_supply_growing,0.0,-1.0,0.0480448487388055
27863,2021-01-31,4,moderate_supply_growing,0.0,0.0,0.566121265415185
27863,2021-02-28,4,moderate_supply_growing,0.0,0.0,0.7702440536722274
27863,2021-03-31,4,moderate_supply_growing,0.0,0.0,0.8004054065359613
27863,2021-04-30,4,moderate_supply_growing,0.0,0.0,0.4307380064806844
27863,2021-05-31,4,moderate_supply_growing,0.0,0.0,0.5797632586939077
27863,2021-06-30,4,moderate_supply_growing,0.0,0.0,0.6826496264829396
27863,2021-07-31,4,moderate_supply_growing,0.0,0.0,0.5268520341985661
27863,2021-08-31,4,moderate_supply_growing,0.0,0.0,0.1198756400741756
27863,2021-09-30,4,moderate_supply_growing,0.0,0.0,0.0969020658723087
27863,2021-10-31,4,moderate_supply_growing,0.0,0.0,0.128873370609518
27863,2021-11-30,4,moderate_supply_growing,0.0,0.0,0.0526800386879471
27863,2021-12-31,4,moderate_supply_growing,0.0,-1.0,0.0520983578859074
27870,2021-01-31,4,moderate_supply_growing,0.0,0.0,0.1518609107418085
27870,2021-02-28,4,moderate_supply_growing,0.0,-1.0,0.1599213015698371
27870,2021-03-31,4,moderate_supply_growing,0.0,-1.0,0.0939011264056845
27870,2021-04-30,4,moderate_supply_growing,0.0,-1.0,0.0412439792154008
27870,2021-05-31,4,moderate_supply_growing,0.0,-1.0,0.0279913312322066
27870,2021-06-30,4,moderate_supply_growing,0.0,-1.0,0.0270672405466193
27870,2021-07-31,4,moderate_supply_growing,0.0,-1.0,0.0295239062792739
27870,2021-08-31,4,moderate_supply_growing,0.0,-1.0,0.0124813683759196
27870,2021-09-30,4,moderate_supply_growing,0.0,-1.0,0.0061791701516124
27870,2021-10-31,4,moderate_supply_growing,0.0,-1.0,0.0076037721237116
27870,2021-11-30,4,moderate_supply_growing,0.0,-1.0,0.0169902322799876
27870,2021-12-31,4,moderate_supply_growing,0.0,-1.0,0.02876766964651
27880,2021-01-31,3,affordable_high_demand,1.0,1.0,0.8242282783299686
27880,2021-02-28,3,affordable_high_demand,1.0,1.0,0.7344898294736721
27880,2021-03-31,3,affordable_high_demand,1.0,1.0,0.5296997999168203
27880,2021-04-30,3,affordable_high_demand,1.0,1.0,0.6709751550182733
27880,2021-05-31,3,affordable_high_demand,1.0,1.0,0.6235265744492184
27880,2021-06-30,3,affordable_high_demand,1.0,1.0,0.5595995056020333
27880,2021-07-31,3,affordable_high_demand,0.0,0.0,0.6445044542346534
27880,2021-08-31,3,affordable_high_demand,0.0,0.0,0.2545173516738546
27880,2021-09-30,3,affordable_high_demand,0.0,-1.0,0.0407590405300285
27880,2021-10-31,3,affordable_high_demand,0.0,-1.0,0.0412976902715184
27880,2021-11-30,3,affordable_high_demand,0.0,-1.0,0.0510893429382764
27880,2021-12-31,3,affordable_high_demand,0.0,-1.0,0.0270772910651462
27882,2021-01-31,2,competitive_mid_market,1.0,1.0,0.6376541628645012
27882,2021-02-28,2,competitive_mid_market,0.0,0.0,0.7588653181019576
27882,2021-03-31,2,competitive_mid_market,0.0,0.0,0.3811186758492148
27882,2021-04-30,2,competitive_mid_market,0.0,0.0,0.3592881157900044
27882,2021-05-31,2,competitive_mid_market,0.0,-1.0,0.2445419930214492
27882,2021-06-30,2,competitive_mid_market,0.0,-1.0,0.5028723027998434
27882,2021-07-31,2,competitive_mid_market,0.0,-1.0,0.3248304971403426
27882,2021-08-31,2,competitive_mid_market,0.0,-1.0,0.08320093765896
27882,2021-09-30,2,competitive_mid_market,0.0,-1.0,0.0496361834722689
27882,2021-10-31,2,competitive_mid_market,0.0,-1.0,0.0441379852258582
27882,2021-11-30,2,competitive_mid_market,0.0,-1.0,0.0431139041282595
27882,2021-12-31,2,competitive_mid_market,0.0,-1.0,0.0538150427506139
27883,2021-01-31,0,high_value_appreciating,1.0,1.0,0.432102484586876
27883,2021-02-28,0,high_value_appreciating,1.0,1.0,0.3491894989257075
27883,2021-03-31,0,high_value_appreciating,0.0,0.0,0.1764039618974552
27883,2021-04-30,0,high_value_appreciating,0.0,0.0,0.0921769917796494
27883,2021-05-31,0,high_value_appreciating,0.0,0.0,0.0774543409705735
27883,2021-06-30,0,high_value_appreciating,0.0,-1.0,0.0349809872465647
27883,2021-07-31,0,high_value_appreciating,0.0,-1.0,0.0388051104674056
27883,2021-08-31,0,high_value_appreciating,0.0,-1.0,0.0407160931240506
27883,2021-09-30,0,high_value_appreciating,0.0,-1.0,0.0219619134995026
27883,2021-10-31,0,high_value_appreciating,0.0,-1.0,0.0452071846297843
27883,2021-11-30,0,high_value_appreciating,0.0,-1.0,0.0519982543530772
27883,2021-12-31,0,high_value_appreciating,0.0,-1.0,0.0409120987876699
27886,2021-01-31,4,moderate_supply_growing,0.0,0.0,0.1029828575618382
27886,2021-02-28,4,moderate_supply_growing,0.0,0.0,0.0395364938243516
27886,2021-03-31,4,moderate_supply_growing,0.0,0.0,0.0567571438726351
27886,2021-04-30,4,moderate_supply_growing,0.0,0.0,0.0410986500527488
27886,2021-05-31,4,moderate_supply_growing,0.0,0.0,0.0473523835275521
27886,2021-06-30,4,moderate_supply_growing,0.0,0.0,0.4181634951419669
27886,2021-07-31,4,moderate_supply_growing,0.0,0.0,0.1991654527101423
27886,2021-08-31,4,moderate_supply_growing,0.0,0.0,0.1422972747960716
27886,2021-09-30,4,moderate_supply_growing,0.0,0.0,0.0484455145461863
27886,2021-10-31,4,moderate_supply_growing,0.0,0.0,0.0642922653743016
27886,2021-11-30,4,moderate_supply_growing,0.0,0.0,0.1709354366521348
27886,2021-12-31,4,moderate_supply_growing,1.0,1.0,0.58379557599957
27889,2021-01-31,4,moderate_supply_growing,0.0,0.0,0.2117872646878999
27889,2021-02-28,4,moderate_supply_growing,0.0,0.0,0.1469375455348549
27889,2021-03-31,4,moderate_supply_growing,0.0,0.0,0.1358878816796501
27889,2021-04-30,4,moderate_supply_growing,0.0,0.0,0.1575417220016106
27889,2021-05-31,4,moderate_supply_growing,0.0,0.0,0.0887736437974913
27889,2021-06-30,4,moderate_supply_growing,0.0,0.0,0.1181016763230972
27889,2021-07-31,4,moderate_supply_growing,0.0,0.0,0.0581236909547597
27889,2021-08-31,4,moderate_supply_growing,0.0,-1.0,0.0081745986546921
27889,2021-09-30,4,moderate_supply_growing,0.0,-1.0,0.0077890241032581
27889,2021-10-31,4,moderate_supply_growing,0.0,-1.0,0.0075940746604019
27889,2021-11-30,4,moderate_supply_growing,0.0,-1.0,0.009864612378392
27889,2021-12-31,4,moderate_supply_growing,0.0,-1.0,0.0137811884327057
27891,2021-01-31,1,low_activity_cooling,0.0,-1.0,0.0295724637488651
27891,2021-02-28,1,low_activity_cooling,0.0,-1.0,0.0189822768167837
27891,2021-03-31,1,low_activity_cooling,0.0,-1.0,0.1787575246143735
27891,2021-04-30,1,low_activity_cooling,0.0,-1.0,0.1762505813847882
27891,2021-05-31,1,low_activity_cooling,0.0,-1.0,0.0765311000247022
27891,2021-06-30,1,low_activity_cooling,0.0,-1.0,0.5944516493355038
27891,2021-07-31,1,low_activity_cooling,0.0,0.0,0.0975031966158117
27891,2021-08-31,1,low_activity_cooling,0.0,0.0,0.0883750569617555
27891,2021-09-30,1,low_activity_cooling,0.0,0.0,0.0586736989129248
27891,2021-10-31,1,low_activity_cooling,0.0,0.0,0.1732284108535495
27891,2021-11-30,1,low_activity_cooling,0.0,-1.0,0.2477855643809995
27891,2021-12-31,1,low_activity_cooling,0.0,-1.0,0.4263359743156932
27893,2021-01-31,2,competitive_mid_market,1.0,1.0,0.7969463369506767
27893,2021-02-28,2,competitive_mid_market,1.0,1.0,0.7820655929237662
27893,2021-03-31,2,competitive_mid_market,1.0,1.0,0.584214877772344
27893,2021-04-30,2,competitive_mid_market,1.0,1.0,0.1579180750179078
27893,2021-05-31,2,competitive_mid_market,1.0,1.0,0.18788216882657
27893,2021-06-30,2,competitive_mid_market,1.0,1.0,0.2463227726061654
27893,2021-07-31,2,competitive_mid_market,0.0,0.0,0.2152510421368388
27893,2021-08-31,2,competitive_mid_market,0.0,0.0,0.0342829019881155
27893,2021-09-30,2,competitive_mid_market,0.0,0.0,0.0210050982685319
27893,2021-10-31,2,competitive_mid_market,0.0,0.0,0.0546730746497374
27893,2021-11-30,2,competitive_mid_market,0.0,0.0,0.153052624552045
27893,2021-12-31,2,competitive_mid_market,0.0,-1.0,0.1320608861262336
27896,2021-01-31,3,affordable_high_demand,0.0,0.0,0.8187069769453197
27896,2021-02-28,3,affordable_high_demand,1.0,1.0,0.8200432695973541
27896,2021-03-31,3,affordable_high_demand,1.0,1.0,0.7264284045441131
27896,2021-04-30,3,affordable_high_demand,0.0,0.0,0.6986041025294878
27896,2021-05-31,3,affordable_high_demand,0.0,0.0,0.7263748864528599
27896,2021-06-30,3,affordable_high_demand,0.0,0.0,0.3879824541072791
27896,2021-07-31,3,affordable_high_demand,0.0,0.0,0.3284287709510735
27896,2021-08-31,3,affordable_high_demand,0.0,0.0,0.5429892000552509
27896,2021-09-30,3,affordable_high_demand,0.0,0.0,0.4133145612103907
27896,2021-10-31,3,affordable_high_demand,0.0,0.0,0.1963500649947938
27896,2021-11-30,3,affordable_high_demand,0.0,-1.0,0.2193716840189772
27896,2021-12-31,3,affordable_high_demand,0.0,-1.0,0.2256239898383929
27909,2021-01-31,4,moderate_supply_growing,1.0,1.0,0.7305446584955237
27909,2021-02-28,4,moderate_supply_growing,0.0,0.0,0.8037985451680901
27909,2021-03-31,4,moderate_supply_growing,0.0,0.0,0.6412093669772572
27909,2021-04-30,4,moderate_supply_growing,0.0,0.0,0.5741951804939693
27909,2021-05-31,4,moderate_supply_growing,0.0,0.0,0.6215620279072214
27909,2021-06-30,4,moderate_supply_growing,0.0,0.0,0.615785728533433
27909,2021-07-31,4,moderate_supply_growing,0.0,0.0,0.7152845158634438
27909,2021-08-31,4,moderate_supply_growing,0.0,0.0,0.2061521080559757
27909,2021-09-30,4,moderate_supply_growing,0.0,-1.0,0.0573589654423209
27909,2021-10-31,4,moderate_supply_growing,0.0,-1.0,0.0596306586922805
27909,2021-11-30,4,moderate_supply_growing,0.0,-1.0,0.0393751159185048
27909,2021-12-31,4,moderate_supply_growing,0.0,-1.0,0.0254943479094974
27916,2021-01-31,4,moderate_supply_growing,1.0,1.0,0.930706761036851
27916,2021-02-28,4,moderate_supply_growing,1.0,1.0,0.958523809166156
27916,2021-03-31,4,moderate_supply_growing,1.0,1.0,0.9035924199967992
27916,2021-04-30,4,moderate_supply_growing,1.0,1.0,0.8809969950644135
27916,2021-05-31,4,moderate_supply_growing,1.0,1.0,0.8825628837646946
27916,2021-06-30,4,moderate_supply_growing,1.0,1.0,0.792255943523103
27916,2021-07-31,4,moderate_supply_growing,1.0,1.0,0.5145818445907191
27916,2021-08-31,4,moderate_supply_growing,1.0,1.0,0.5057301782977247
27916,2021-09-30,4,moderate_supply_growing,1.0,1.0,0.0554031551728182
27916,2021-10-31,4,moderate_supply_growing,0.0,0.0,0.0304888032930986
27916,2021-11-30,4,moderate_supply_growing,0.0,0.0,0.0172280123205018
27916,2021-12-31,4,moderate_supply_growing,0.0,0.0,0.0341876763907938
27921,2021-01-31,4,moderate_supply_growing,0.0,0.0,0.653728600157261
27921,2021-02-28,4,moderate_supply_growing,0.0,0.0,0.8628155517805661
27921,2021-03-31,4,moderate_supply_growing,0.0,0.0,0.8586547731829877
27921,2021-04-30,4,moderate_supply_growing,0.0,0.0,0.806946817400606
27921,2021-05-31,4,moderate_supply_growing,0.0,0.0,0.6972886457376444
27921,2021-06-30,4,moderate_supply_growing,0.0,0.0,0.6692543523614878
27921,2021-07-31,4,moderate_supply_growing,0.0,0.0,0.3933943880527473
27921,2021-08-31,4,moderate_supply_growing,0.0,0.0,0.0539519694468685
27921,2021-09-30,4,moderate_supply_growing,0.0,0.0,0.0277259120627096
27921,2021-10-31,4,moderate_supply_growing,0.0,0.0,0.0077228017845699
27921,2021-11-30,4,moderate_supply_growing,0.0,-1.0,0.0076153095686389
27921,2021-12-31,4,moderate_supply_growing,0.0,-1.0,0.0091615961994755
27927,2021-01-31,0,high_value_appreciating,1.0,1.0,0.991225523506906
27927,2021-02-28,0,high_value_appreciating,1.0,1.0,0.9967726802746864
27927,2021-03-31,0,high_value_appreciating,1.0,1.0,0.9977431517705634
27927,2021-04-30,0,high_value_appreciating,1.0,1.0,0.9978426398562932
27927,2021-05-31,0,high_value_appreciating,1.0,1.0,0.992432012599236
27927,2021-06-30,0,high_value_appreciating,1.0,1.0,0.9888959830131566
27927,2021-07-31,0,high_value_appreciating,1.0,1.0,0.9476412271490424
27927,2021-08-31,0,high_value_appreciating,1.0,1.0,0.9065171647357332
27927,2021-09-30,0,high_value_appreciating,1.0,1.0,0.8807955390240846
27927,2021-10-31,0,high_value_appreciating,0.0,0.0,0.8738325788891154
27927,2021-11-30,0,high_value_appreciating,0.0,0.0,0.719399989762187
27927,2021-12-31,0,high_value_appreciating,0.0,0.0,0.7172578540995853
27929,2021-01-31,3,affordable_high_demand,1.0,1.0,0.738358175444953
27929,2021-02-28,3,affordable_high_demand,1.0,1.0,0.8711840371165784
27929,2021-03-31,3,affordable_high_demand,1.0,1.0,0.8682394751042195
27929,2021-04-30,3,affordable_high_demand,0.0,0.0,0.7857954038042617
27929,2021-05-31,3,affordable_high_demand,0.0,0.0,0.7103767950856448
27929,2021-06-30,3,affordable_high_demand,0.0,0.0,0.5681880622940629
27929,2021-07-31,3,affordable_high_demand,0.0,0.0,0.4385210370260772
27929,2021-08-31,3,affordable_high_demand,0.0,0.0,0.2239133188405494
27929,2021-09-30,3,affordable_high_demand,0.0,0.0,0.136365408708368
27929,2021-10-31,3,affordable_high_demand,0.0,-1.0,0.1745052678852241
27929,2021-11-30,3,affordable_high_demand,0.0,-1.0,0.2713925001160578
27929,2021-12-31,3,affordable_high_demand,0.0,-1.0,0.2994143853447408
27939,2021-01-31,0,high_value_appreciating,1.0,1.0,0.7461958201280805
27939,2021-02-28,0,high_value_appreciating,1.0,1.0,0.7271572869311702
27939,2021-03-31,0,high_value_appreciating,1.0,1.0,0.7989361051102953
27939,2021-04-30,0,high_value_appreciating,1.0,1.0,0.6831404500098923
27939,2021-05-31,0,high_value_appreciating,1.0,1.0,0.749041950580268
27939,2021-06-30,0,high_value_appreciating,0.0,0.0,0.3385779029926311
27939,2021-07-31,0,high_value_appreciating,0.0,0.0,0.4052209669379546
27939,2021-08-31,0,high_value_appreciating,0.0,0.0,0.0982764015011131
27939,2021-09-30,0,high_value_appreciating,0.0,-1.0,0.0260536823990978
27939,2021-10-31,0,high_value_appreciating,0.0,-1.0,0.0040579987505432
27939,2021-11-30,0,high_value_appreciating,0.0,-1.0,0.0043149298385036
27939,2021-12-31,0,high_value_appreciating,0.0,-1.0,0.029869993363653
27944,2021-01-31,0,high_value_appreciating,0.0,0.0,0.4298840653240031
27944,2021-02-28,0,high_value_appreciating,0.0,0.0,0.2239108307312358
27944,2021-03-31,0,high_value_appreciating,0.0,0.0,0.2871737298721826
27944,2021-04-30,0,high_value_appreciating,0.0,0.0,0.5817014958658717
27944,2021-05-31,0,high_value_appreciating,0.0,0.0,0.6656933279770949
27944,2021-06-30,0,high_value_appreciating,0.0,0.0,0.5809826779387939
27944,2021-07-31,0,high_value_appreciating,0.0,0.0,0.4651951394206799
27944,2021-08-31,0,high_value_appreciating,0.0,0.0,0.1258395555533038
27944,2021-09-30,0,high_value_appreciating,0.0,-1.0,0.0154303368242483
27944,2021-10-31,0,high_value_appreciating,0.0,-1.0,0.0160707768117313
27944,2021-11-30,0,high_value_appreciating,0.0,-1.0,0.0148731089946048
27944,2021-12-31,0,high_value_appreciating,0.0,-1.0,0.0110658389983643
27948,2021-01-31,0,high_value_appreciating,1.0,1.0,0.9809949771592712
27948,2021-02-28,0,high_value_appreciating,1.0,1.0,0.9778365204333614
27948,2021-03-31,0,high_value_appreciating,1.0,1.0,0.9633972920896312
27948,2021-04-30,0,high_value_appreciating,1.0,1.0,0.904216497986066
27948,2021-05-31,0,high_value_appreciating,1.0,1.0,0.9425251251024483
27948,2021-06-30,0,high_value_appreciating,1.0,1.0,0.9426883873267484
27948,2021-07-31,0,high_value_appreciating,1.0,1.0,0.7633599645513935
27948,2021-08-31,0,high_value_appreciating,1.0,1.0,0.6664638090383503
27948,2021-09-30,0,high_value_appreciating,0.0,0.0,0.7849316463575414
27948,2021-10-31,0,high_value_appreciating,0.0,0.0,0.7000768102627701
27948,2021-11-30,0,high_value_appreciating,0.0,0.0,0.7186534685312208
27948,2021-12-31,0,high_value_appreciating,0.0,-1.0,0.5368454660468414
27949,2021-01-31,0,high_value_appreciating,1.0,1.0,0.9874067424557202
27949,2021-02-28,0,high_value_appreciating,1.0,1.0,0.9744523747584972
27949,2021-03-31,0,high_value_appreciating,1.0,1.0,0.9817174961527324
27949,2021-04-30,0,high_value_appreciating,1.0,1.0,0.9704965639289416
27949,2021-05-31,0,high_value_appreciating,1.0,1.0,0.9652718916027238
27949,2021-06-30,0,high_value_appreciating,1.0,1.0,0.8437429220786579
27949,2021-07-31,0,high_value_appreciating,1.0,1.0,0.7341661627718095
27949,2021-08-31,0,high_value_appreciating,0.0,0.0,0.4461824452217799
27949,2021-09-30,0,high_value_appreciating,0.0,0.0,0.6512140174280423
27949,2021-10-31,0,high_value_appreciating,0.0,0.0,0.3456875963811063
27949,2021-11-30,0,high_value_appreciating,0.0,0.0,0.4602714481657921
27949,2021-12-31,0,high_value_appreciating,0.0,-1.0,0.4235743638190657
27950,2021-01-31,0,high_value_appreciating,1.0,1.0,0.7046894989280298
27950,2021-02-28,0,high_value_appreciating,1.0,1.0,0.4849162991561891
27950,2021-03-31,0,high_value_appreciating,1.0,1.0,0.5048031794086619
27950,2021-04-30,0,high_value_appreciating,1.0,1.0,0.6587162995416692
27950,2021-05-31,0,high_value_appreciating,1.0,1.0,0.7953743263055248
27950,2021-06-30,0,high_value_appreciating,1.0,1.0,0.8434834409262568
27950,2021-07-31,0,high_value_appreciating,1.0,1.0,0.7555323523339158
27950,2021-08-31,0,high_value_appreciating,0.0,0.0,0.5717863484465017
27950,2021-09-30,0,high_value_appreciating,0.0,0.0,0.4502840638464218
27950,2021-10-31,0,high_value_appreciating,0.0,0.0,0.1842763501897477
27950,2021-11-30,0,high_value_appreciating,0.0,-1.0,0.0622914601573845
27950,2021-12-31,0,high_value_appreciating,0.0,-1.0,0.0366908527957788
27954,2021-01-31,0,high_value_appreciating,1.0,1.0,0.8346084183904414
27954,2021-02-28,0,high_value_appreciating,1.0,1.0,0.9264744869970164
27954,2021-03-31,0,high_value_appreciating,1.0,1.0,0.9146242323822652
27954,2021-04-30,0,high_value_appreciating,1.0,1.0,0.8128418434330911
27954,2021-05-31,0,high_value_appreciating,1.0,1.0,0.6424417520505276
27954,2021-06-30,0,high_value_appreciating,1.0,1.0,0.604733284708268
27954,2021-07-31,0,high_value_appreciating,1.0,1.0,0.3584726548974405
27954,2021-08-31,0,high_value_appreciating,1.0,1.0,0.2264001067527006
27954,2021-09-30,0,high_value_appreciating,0.0,0.0,0.1750687824139594
27954,2021-10-31,0,high_value_appreciating,0.0,0.0,0.1980736215174938
27954,2021-11-30,0,high_value_appreciating,0.0,0.0,0.1616946496949579
27954,2021-12-31,0,high_value_appreciating,0.0,0.0,0.1702312281835827
27958,2021-01-31,3,affordable_high_demand,1.0,1.0,0.9111014752436986
27958,2021-02-28,3,affordable_high_demand,1.0,1.0,0.950651128093226
27958,2021-03-31,3,affordable_high_demand,0.0,0.0,0.8661393124847224
27958,2021-04-30,3,affordable_high_demand,0.0,0.0,0.8915842180489871
27958,2021-05-31,3,affordable_high_demand,0.0,0.0,0.9193225793533188
27958,2021-06-30,3,affordable_high_demand,0.0,0.0,0.8393770416168838
27958,2021-07-31,3,affordable_high_demand,0.0,0.0,0.6600442159098175
27958,2021-08-31,3,affordable_high_demand,0.0,-1.0,0.2623438467601956
27958,2021-09-30,3,affordable_high_demand,0.0,-1.0,0.0939001898133523
27958,2021-10-31,3,affordable_high_demand,0.0,-1.0,0.1491202724881489
27958,2021-11-30,3,affordable_high_demand,0.0,-1.0,0.3198305527681533
27958,2021-12-31,3,affordable_high_demand,0.0,-1.0,0.5671559423121159
27959,2021-01-31,0,high_value_appreciating,1.0,1.0,0.9715061281272476
27959,2021-02-28,0,high_value_appreciating,1.0,1.0,0.989452196230196
27959,2021-03-31,0,high_value_appreciating,1.0,1.0,0.98555528106306
27959,2021-04-30,0,high_value_appreciating,1.0,1.0,0.9677004535334416
27959,2021-05-31,0,high_value_appreciating,1.0,1.0,0.94908643538518
27959,2021-06-30,0,high_value_appreciating,1.0,1.0,0.9423033008523012
27959,2021-07-31,0,high_value_appreciating,1.0,1.0,0.918661285822956
27959,2021-08-31,0,high_value_appreciating,1.0,1.0,0.7133581465425765
27959,2021-09-30,0,high_value_appreciating,0.0,0.0,0.5843322962220111
27959,2021-10-31,0,high_value_appreciating,0.0,0.0,0.4233931221060775
27959,2021-11-30,0,high_value_appreciating,0.0,0.0,0.3676155272306871
27959,2021-12-31,0,high_value_appreciating,0.0,0.0,0.2320711948240037
27966,2021-01-31,1,low_activity_cooling,0.0,-1.0,0.670327739596821
27966,2021-02-28,1,low_activity_cooling,0.0,0.0,0.7648607621773649
27966,2021-03-31,1,low_activity_cooling,0.0,0.0,0.5808186096949357
27966,2021-04-30,1,low_activity_cooling,0.0,-1.0,0.6540582228182541
27966,2021-05-31,1,low_activity_cooling,0.0,-1.0,0.5151246186530984
27966,2021-06-30,1,low_activity_cooling,0.0,0.0,0.4312207617370254
27966,2021-07-31,1,low_activity_cooling,0.0,0.0,0.5803425187496073
27966,2021-08-31,1,low_activity_cooling,0.0,0.0,0.3718516921610973
27966,2021-09-30,1,low_activity_cooling,0.0,0.0,0.5908453894610872
27966,2021-10-31,1,low_activity_cooling,0.0,0.0,0.4890526529708277
27966,2021-11-30,1,low_activity_cooling,1.0,1.0,0.8524808241558993
27966,2021-12-31,1,low_activity_cooling,1.0,1.0,0.9405624651103096
27973,2021-01-31,4,moderate_supply_growing,0.0,0.0,0.5918780713322325
27973,2021-02-28,4,moderate_supply_growing,1.0,1.0,0.833214286898274
27973,2021-03-31,4,moderate_supply_growing,1.0,1.0,0.4813727768167208
27973,2021-04-30,4,moderate_supply_growing,1.0,1.0,0.5217416674187787
27973,2021-05-31,4,moderate_supply_growing,1.0,1.0,0.5470336141238699
27973,2021-06-30,4,moderate_supply_growing,1.0,1.0,0.4388062337403168
27973,2021-07-31,4,moderate_supply_growing,1.0,1.0,0.4181963477892393
27973,2021-08-31,4,moderate_supply_growing,1.0,1.0,0.081276934322663
27973,2021-09-30,4,moderate_supply_growing,0.0,0.0,0.0864646059057557
27973,2021-10-31,4,moderate_supply_growing,1.0,1.0,0.1829502614965292
27973,2021-11-30,4,moderate_supply_growing,1.0,1.0,0.256832882909329
27973,2021-12-31,4,moderate_supply_growing,0.0,0.0,0.3731995487996581
27974,2021-01-31,4,moderate_supply_growing,1.0,1.0,0.4538525723845284
27974,2021-02-28,4,moderate_supply_growing,1.0,1.0,0.3999822813733679
27974,2021-03-31,4,moderate_supply_growing,0.0,0.0,0.2339887287180087
27974,2021-04-30,4,moderate_supply_growing,0.0,0.0,0.3987715703310234
27974,2021-05-31,4,moderate_supply_growing,0.0,0.0,0.5696789655670476
27974,2021-06-30,4,moderate_supply_growing,0.0,0.0,0.5984244045112739
27974,2021-07-31,4,moderate_supply_growing,0.0,-1.0,0.6997360812735008
27974,2021-08-31,4,moderate_supply_growing,0.0,-1.0,0.5761236275711614
27974,2021-09-30,4,moderate_supply_growing,0.0,-1.0,0.5658263327884362
27974,2021-10-31,4,moderate_supply_growing,0.0,-1.0,0.2865732043896581
27974,2021-11-30,4,moderate_supply_growing,0.0,-1.0,0.5752977342159784
27974,2021-12-31,4,moderate_supply_growing,0.0,-1.0,0.0610528224104619
27976,2021-01-31,1,low_activity_cooling,0.0,-1.0,0.0803425785971085
27976,2021-02-28,1,low_activity_cooling,0.0,-1.0,0.2405606245841252
27976,2021-03-31,1,low_activity_cooling,0.0,-1.0,0.2842012362617229
27976,2021-04-30,1,low_activity_cooling,0.0,-1.0,0.3152089251966748
27976,2021-05-31,1,low_activity_cooling,0.0,-1.0,0.0883774303886829
27976,2021-06-30,1,low_activity_cooling,0.0,-1.0,0.0553699662563182
27976,2021-07-31,1,low_activity_cooling,0.0,-1.0,0.0260610009796114
27976,2021-08-31,1,low_activity_cooling,0.0,-1.0,0.1733408980615521
27976,2021-09-30,1,low_activity_cooling,0.0,-1.0,0.1315649706474798
27976,2021-10-31,1,low_activity_cooling,0.0,-1.0,0.2368356271556939
27976,2021-11-30,1,low_activity_cooling,0.0,-1.0,0.3184109127092937
27976,2021-12-31,1,low_activity_cooling,0.0,0.0,0.3684039259021471
28001,2021-01-31,2,competitive_mid_market,0.0,0.0,0.341634423503354
28001,2021-02-28,2,competitive_mid_market,0.0,0.0,0.3423176818949932
28001,2021-03-31,2,competitive_mid_market,0.0,0.0,0.368484224547873
28001,2021-04-30,2,competitive_mid_market,0.0,0.0,0.759260846500794
28001,2021-05-31,2,competitive_mid_market,0.0,0.0,0.8568885100886583
28001,2021-06-30,2,competitive_mid_market,0.0,-1.0,0.8787808165225426
28001,2021-07-31,2,competitive_mid_market,0.0,-1.0,0.3672590517676819
28001,2021-08-31,2,competitive_mid_market,0.0,-1.0,0.0673148881005078
28001,2021-09-30,2,competitive_mid_market,0.0,-1.0,0.0440104698082072
28001,2021-10-31,2,competitive_mid_market,0.0,-1.0,0.0370807245859643
28001,2021-11-30,2,competitive_mid_market,0.0,-1.0,0.067728390015904
28001,2021-12-31,2,competitive_mid_market,0.0,-1.0,0.2305087354548479
28012,2021-01-31,3,affordable_high_demand,1.0,1.0,0.967393245796762
28012,2021-02-28,3,affordable_high_demand,1.0,1.0,0.9244299375517558
28012,2021-03-31,3,affordable_high_demand,1.0,1.0,0.936857010478496
28012,2021-04-30,3,affordable_high_demand,1.0,1.0,0.9488437096193668
28012,2021-05-31,3,affordable_high_demand,1.0,1.0,0.9154861099525357
28012,2021-06-30,3,affordable_high_demand,0.0,0.0,0.919299788621542
28012,2021-07-31,3,affordable_high_demand,0.0,0.0,0.9241130207146756
28012,2021-08-31,3,affordable_high_demand,0.0,0.0,0.8441591684114914
28012,2021-09-30,3,affordable_high_demand,0.0,0.0,0.8127364992702294
28012,2021-10-31,3,affordable_high_demand,0.0,-1.0,0.8126307962504474
28012,2021-11-30,3,affordable_high_demand,0.0,-1.0,0.8362681659450335
28012,2021-12-31,3,affordable_high_demand,0.0,-1.0,0.7314349022055202
28016,2021-01-31,2,competitive_mid_market,0.0,0.0,0.3622464713489207
28016,2021-02-28,2,competitive_mid_market,0.0,0.0,0.458008797130203
28016,2021-03-31,2,competitive_mid_market,0.0,0.0,0.4626045126799565
28016,2021-04-30,2,competitive_mid_market,0.0,0.0,0.760992823948677
28016,2021-05-31,2,competitive_mid_market,0.0,0.0,0.6453914788108452
28016,2021-06-30,2,competitive_mid_market,0.0,0.0,0.7993706923176214
28016,2021-07-31,2,competitive_mid_market,0.0,0.0,0.7240048685770261
28016,2021-08-31,2,competitive_mid_market,0.0,0.0,0.6255402337592963
28016,2021-09-30,2,competitive_mid_market,0.0,0.0,0.1781647412784856
28016,2021-10-31,2,competitive_mid_market,0.0,-1.0,0.1005795113484701
28016,2021-11-30,2,competitive_mid_market,0.0,-1.0,0.09394422956516
28016,2021-12-31,2,competitive_mid_market,0.0,-1.0,0.1482471414321131
28018,2021-01-31,2,competitive_mid_market,0.0,0.0,0.1178172516856206
28018,2021-02-28,2,competitive_mid_market,0.0,0.0,0.1652112970160872
28018,2021-03-31,2,competitive_mid_market,0.0,0.0,0.4910441557096093
28018,2021-04-30,2,competitive_mid_market,0.0,0.0,0.5329480242881838
28018,2021-05-31,2,competitive_mid_market,0.0,0.0,0.3372226114545987
28018,2021-06-30,2,competitive_mid_market,0.0,0.0,0.4653861882913119
28018,2021-07-31,2,competitive_mid_market,0.0,0.0,0.2887657127981062
28018,2021-08-31,2,competitive_mid_market,0.0,-1.0,0.0443035331224454
28018,2021-09-30,2,competitive_mid_market,0.0,-1.0,0.0609996023470682
28018,2021-10-31,2,competitive_mid_market,0.0,-1.0,0.0923301535249085
28018,2021-11-30,2,competitive_mid_market,0.0,-1.0,0.0652461434644437
28018,2021-12-31,2,competitive_mid_market,0.0,-1.0,0.1140124841861944
28021,2021-01-31,2,competitive_mid_market,0.0,0.0,0.2545920179014675
28021,2021-02-28,2,competitive_mid_market,0.0,0.0,0.2978163456191501
28021,2021-03-31,2,competitive_mid_market,0.0,0.0,0.369885485880052
28021,2021-04-30,2,competitive_mid_market,0.0,0.0,0.6680335720919122
28021,2021-05-31,2,competitive_mid_market,0.0,0.0,0.7820609914149633
28021,2021-06-30,2,competitive_mid_market,0.0,0.0,0.8209812197186687
28021,2021-07-31,2,competitive_mid_market,0.0,0.0,0.7726992578256021
28021,2021-08-31,2,competitive_mid_market,0.0,0.0,0.5251267151718018
28021,2021-09-30,2,competitive_mid_market,0.0,0.0,0.4080518832573768
28021,2021-10-31,2,competitive_mid_market,0.0,-1.0,0.1567070166256763
28021,2021-11-30,2,competitive_mid_market,0.0,-1.0,0.6578555387358959
28021,2021-12-31,2,competitive_mid_market,0.0,-1.0,0.4376643074560644
28023,2021-01-31,2,competitive_mid_market,0.0,0.0,0.6606550314962643
28023,2021-02-28,2,competitive_mid_market,0.0,0.0,0.5060474683472729
28023,2021-03-31,2,competitive_mid_market,0.0,0.0,0.7457325023514833
28023,2021-04-30,2,competitive_mid_market,0.0,0.0,0.7885312680030824
28023,2021-05-31,2,competitive_mid_market,0.0,0.0,0.802042561695446
28023,2021-06-30,2,competitive_mid_market,0.0,0.0,0.6514609801251326
28023,2021-07-31,2,competitive_mid_market,0.0,0.0,0.3384421300202921
28023,2021-08-31,2,competitive_mid_market,0.0,-1.0,0.3580088783293454
28023,2021-09-30,2,competitive_mid_market,0.0,-1.0,0.2997270119894552
28023,2021-10-31,2,competitive_mid_market,0.0,-1.0,0.0445519094767424
28023,2021-11-30,2,competitive_mid_market,0.0,-1.0,0.0438844968139773
28023,2021-12-31,2,competitive_mid_market,0.0,-1.0,0.1004035861624334
28025,2021-01-31,2,competitive_mid_market,1.0,1.0,0.8533649774124911
28025,2021-02-28,2,competitive_mid_market,1.0,1.0,0.8662167768740301
28025,2021-03-31,2,competitive_mid_market,1.0,1.0,0.9047460099974118
28025,2021-04-30,2,competitive_mid_market,1.0,1.0,0.921973890900923
28025,2021-05-31,2,competitive_mid_market,1.0,1.0,0.9008920166490868
28025,2021-06-30,2,competitive_mid_market,0.0,0.0,0.7227290296657035
28025,2021-07-31,2,competitive_mid_market,0.0,0.0,0.6704708874136772
28025,2021-08-31,2,competitive_mid_market,0.0,0.0,0.5828524758779832
28025,2021-09-30,2,competitive_mid_market,0.0,0.0,0.3620168609551744
28025,2021-10-31,2,competitive_mid_market,0.0,-1.0,0.4218144209839274
28025,2021-11-30,2,competitive_mid_market,0.0,-1.0,0.5491272899508846
28025,2021-12-31,2,competitive_mid_market,0.0,-1.0,0.6444846846076813
28027,2021-01-31,3,affordable_high_demand,1.0,1.0,0.985878765749338
28027,2021-02-28,3,affordable_high_demand,1.0,1.0,0.9727732326787452
28027,2021-03-31,3,affordable_high_demand,1.0,1.0,0.9688552733849364
28027,2021-04-30,3,affordable_high_demand,1.0,1.0,0.9611764003845326
28027,2021-05-31,3,affordable_high_demand,0.0,0.0,0.9442403162239716
28027,2021-06-30,3,affordable_high_demand,0.0,0.0,0.8393150544941785
28027,2021-07-31,3,affordable_high_demand,0.0,0.0,0.7733146550933369
28027,2021-08-31,3,affordable_high_demand,0.0,0.0,0.8560469370735694
28027,2021-09-30,3,affordable_high_demand,0.0,-1.0,0.8067269450789355
28027,2021-10-31,3,affordable_high_demand,0.0,-1.0,0.8121421271624731
28027,2021-11-30,3,affordable_high_demand,0.0,-1.0,0.8224719749770294
28027,2021-12-31,3,affordable_high_demand,0.0,-1.0,0.8316702673877163
28031,2021-01-31,3,affordable_high_demand,1.0,1.0,0.980158764803956
28031,2021-02-28,3,affordable_high_demand,1.0,1.0,0.9900512484188956
28031,2021-03-31,3,affordable_high_demand,1.0,1.0,0.9782893342421556
28031,2021-04-30,3,affordable_high_demand,1.0,1.0,0.9619790003055804
28031,2021-05-31,3,affordable_high_demand,1.0,1.0,0.9663002351537662
28031,2021-06-30,3,affordable_high_demand,1.0,1.0,0.9652820382339122
28031,2021-07-31,3,affordable_high_demand,0.0,0.0,0.9387861115974288
28031,2021-08-31,3,affordable_high_demand,0.0,0.0,0.8966969614986421
28031,2021-09-30,3,affordable_high_demand,0.0,0.0,0.8404688353936867
28031,2021-10-31,3,affordable_high_demand,0.0,-1.0,0.8674847677143223
28031,2021-11-30,3,affordable_high_demand,0.0,-1.0,0.8827002711548656
28031,2021-12-31,3,affordable_high_demand,0.0,-1.0,0.7333421079290497
28032,2021-01-31,3,affordable_high_demand,1.0,1.0,0.881016950416418
28032,2021-02-28,3,affordable_high_demand,1.0,1.0,0.2600961206745248
28032,2021-03-31,3,affordable_high_demand,1.0,1.0,0.3273306853896365
28032,2021-04-30,3,affordable_high_demand,1.0,1.0,0.6533826393796128
28032,2021-05-31,3,affordable_high_demand,1.0,1.0,0.3899203366240593
28032,2021-06-30,3,affordable_high_demand,0.0,0.0,0.1304125526031889
28032,2021-07-31,3,affordable_high_demand,0.0,0.0,0.1993025186857008
28032,2021-08-31,3,affordable_high_demand,0.0,0.0,0.1952773179927173
28032,2021-09-30,3,affordable_high_demand,0.0,0.0,0.0504374172980651
28032,2021-10-31,3,affordable_high_demand,0.0,-1.0,0.0425329336437471
28032,2021-11-30,3,affordable_high_demand,0.0,-1.0,0.0266095625661412
28032,2021-12-31,3,affordable_high_demand,0.0,-1.0,0.0350120384826464
28033,2021-01-31,1,low_activity_cooling,0.0,0.0,0.56888082258539
28033,2021-02-28,1,low_activity_cooling,0.0,0.0,0.0829670720831742
28033,2021-03-31,1,low_activity_cooling,0.0,0.0,0.057255231376162
28033,2021-04-30,1,low_activity_cooling,0.0,0.0,0.5063344651555167
28033,2021-05-31,1,low_activity_cooling,0.0,0.0,0.4762195480963499
28033,2021-06-30,1,low_activity_cooling,0.0,-1.0,0.0490362387188742
28033,2021-07-31,1,low_activity_cooling,0.0,-1.0,0.2989257147325029
28033,2021-08-31,1,low_activity_cooling,0.0,0.0,0.2681627066004621
28033,2021-09-30,1,low_activity_cooling,0.0,0.0,0.3475137495697586
28033,2021-10-31,1,low_activity_cooling,0.0,-1.0,0.6084602512566959
28033,2021-11-30,1,low_activity_cooling,0.0,-1.0,0.4230532096244255
28033,2021-12-31,1,low_activity_cooling,0.0,-1.0,0.3947627376043731
28034,2021-01-31,2,competitive_mid_market,1.0,1.0,0.7292032778535465
28034,2021-02-28,2,competitive_mid_market,1.0,1.0,0.7981174311512573
28034,2021-03-31,2,competitive_mid_market,1.0,1.0,0.6365585269858709
28034,2021-04-30,2,competitive_mid_market,0.0,0.0,0.6658247551746523
28034,2021-05-31,2,competitive_mid_market,0.0,0.0,0.739374296426537
28034,2021-06-30,2,competitive_mid_market,0.0,0.0,0.6024157877647202
28034,2021-07-31,2,competitive_mid_market,0.0,0.0,0.4960547320674955
28034,2021-08-31,2,competitive_mid_market,0.0,-1.0,0.4056161367500366
28034,2021-09-30,2,competitive_mid_market,0.0,-1.0,0.085255507752925
28034,2021-10-31,2,competitive_mid_market,0.0,-1.0,0.0648344345831289
28034,2021-11-30,2,competitive_mid_market,0.0,-1.0,0.1608162971578856
28034,2021-12-31,2,competitive_mid_market,0.0,-1.0,0.2160288294374225
28036,2021-01-31,3,affordable_high_demand,1.0,1.0,0.9838811429734796
28036,2021-02-28,3,affordable_high_demand,1.0,1.0,0.9861287271666078
28036,2021-03-31,3,affordable_high_demand,1.0,1.0,0.9814664328526754
28036,2021-04-30,3,affordable_high_demand,1.0,1.0,0.9485642557411486
28036,2021-05-31,3,affordable_high_demand,1.0,1.0,0.9281850087473849
28036,2021-06-30,3,affordable_high_demand,1.0,1.0,0.9718545517065382
28036,2021-07-31,3,affordable_high_demand,1.0,1.0,0.94460937389787
28036,2021-08-31,3,affordable_high_demand,0.0,0.0,0.8297961777428068
28036,2021-09-30,3,affordable_high_demand,0.0,0.0,0.7803001626884185
28036,2021-10-31,3,affordable_high_demand,0.0,0.0,0.7731185095846409
28036,2021-11-30,3,affordable_high_demand,0.0,-1.0,0.7672595432588711
28036,2021-12-31,3,affordable_high_demand,0.0,-1.0,0.7143940211691199
28037,2021-01-31,3,affordable_high_demand,1.0,1.0,0.944917448884416
28037,2021-02-28,3,affordable_high_demand,1.0,1.0,0.9765793288556324
28037,2021-03-31,3,affordable_high_demand,1.0,1.0,0.9857428823036186
28037,2021-04-30,3,affordable_high_demand,1.0,1.0,0.989694866334592
28037,2021-05-31,3,affordable_high_demand,1.0,1.0,0.9779257690350768
28037,2021-06-30,3,affordable_high_demand,1.0,1.0,0.9571160726569562
28037,2021-07-31,3,affordable_high_demand,1.0,1.0,0.94379939518538
28037,2021-08-31,3,affordable_high_demand,0.0,0.0,0.8569782811254544
28037,2021-09-30,3,affordable_high_demand,0.0,0.0,0.7792003858858102
28037,2021-10-31,3,affordable_high_demand,0.0,0.0,0.7516319177199808
28037,2021-11-30,3,affordable_high_demand,0.0,-1.0,0.599732297892304
28037,2021-12-31,3,affordable_high_demand,0.0,-1.0,0.765550446560794
28040,2021-01-31,2,competitive_mid_market,0.0,0.0,0.32107238254311
28040,2021-02-28,2,competitive_mid_market,0.0,0.0,0.1739638217643666
28040,2021-03-31,2,competitive_mid_market,0.0,0.0,0.1659955625756159
28040,2021-04-30,2,competitive_mid_market,0.0,0.0,0.4705213588903288
28040,2021-05-31,2,competitive_mid_market,0.0,0.0,0.5587074881930983
28040,2021-06-30,2,competitive_mid_market,0.0,0.0,0.5005005861186754
28040,2021-07-31,2,competitive_mid_market,0.0,-1.0,0.1446159537499545
28040,2021-08-31,2,competitive_mid_market,0.0,-1.0,0.2087713353466161
28040,2021-09-30,2,competitive_mid_market,0.0,-1.0,0.2769844096360453
28040,2021-10-31,2,competitive_mid_market,0.0,-1.0,0.080182236740046
28040,2021-11-30,2,competitive_mid_market,0.0,-1.0,0.0610107108685449
28040,2021-12-31,2,competitive_mid_market,0.0,-1.0,0.0584094755828117
28043,2021-01-31,2,competitive_mid_market,0.0,0.0,0.1354955392462591
28043,2021-02-28,2,competitive_mid_market,0.0,0.0,0.067668901222645
28043,2021-03-31,2,competitive_mid_market,0.0,0.0,0.1739262917228456
28043,2021-04-30,2,competitive_mid_market,0.0,0.0,0.3383313434347349
28043,2021-05-31,2,competitive_mid_market,0.0,0.0,0.4474350119754023
28043,2021-06-30,2,competitive_mid_market,0.0,0.0,0.3746999223299593
28043,2021-07-31,2,competitive_mid_market,0.0,0.0,0.1666093492254519
28043,2021-08-31,2,competitive_mid_market,0.0,0.0,0.1051686381117912
28043,2021-09-30,2,competitive_mid_market,0.0,0.0,0.0296088852397203
28043,2021-10-31,2,competitive_mid_market,0.0,-1.0,0.024469984012828
28043,2021-11-30,2,competitive_mid_market,0.0,-1.0,0.0319300356651861
28043,2021-12-31,2,competitive_mid_market,0.0,-1.0,0.0934384334330687
28052,2021-01-31,2,competitive_mid_market,1.0,1.0,0.4244408997635345
28052,2021-02-28,2,competitive_mid_market,1.0,1.0,0.7668527505709603
28052,2021-03-31,2,competitive_mid_market,1.0,1.0,0.936829964944582
28052,2021-04-30,2,competitive_mid_market,0.0,0.0,0.8815476111918781
28052,2021-05-31,2,competitive_mid_market,0.0,0.0,0.892807086728007
28052,2021-06-30,2,competitive_mid_market,0.0,0.0,0.6569838040616417
28052,2021-07-31,2,competitive_mid_market,0.0,0.0,0.3061148515023745
28052,2021-08-31,2,competitive_mid_market,0.0,-1.0,0.1532630715602608
28052,2021-09-30,2,competitive_mid_market,0.0,-1.0,0.0874646087378503
28052,2021-10-31,2,competitive_mid_market,0.0,-1.0,0.1156820300009601
28052,2021-11-30,2,competitive_mid_market,0.0,-1.0,0.1446816533385951
28052,2021-12-31,2,competitive_mid_market,0.0,-1.0,0.1399608479904479
28054,2021-01-31,2,competitive_mid_market,1.0,1.0,0.6704680025072727
28054,2021-02-28,2,competitive_mid_market,1.0,1.0,0.8548014353551396
28054,2021-03-31,2,competitive_mid_market,1.0,1.0,0.7644735986773873
28054,2021-04-30,2,competitive_mid_market,1.0,1.0,0.7397018589664789
28054,2021-05-31,2,competitive_mid_market,0.0,0.0,0.7520867885240796
28054,2021-06-30,2,competitive_mid_market,0.0,0.0,0.5416414192057151
28054,2021-07-31,2,competitive_mid_market,0.0,0.0,0.5166016670195173
28054,2021-08-31,2,competitive_mid_market,0.0,0.0,0.3966934308912339
28054,2021-09-30,2,competitive_mid_market,0.0,-1.0,0.2938540823422639
28054,2021-10-31,2,competitive_mid_market,0.0,-1.0,0.3154974839567808
28054,2021-11-30,2,competitive_mid_market,0.0,-1.0,0.5241534635442009
28054,2021-12-31,2,competitive_mid_market,0.0,-1.0,0.4419971131304849
28056,2021-01-31,2,competitive_mid_market,1.0,1.0,0.952720315469119
28056,2021-02-28,2,competitive_mid_market,0.0,0.0,0.9649946802753852
28056,2021-03-31,2,competitive_mid_market,0.0,0.0,0.9619798958300132
28056,2021-04-30,2,competitive_mid_market,0.0,0.0,0.9459820270233644
28056,2021-05-31,2,competitive_mid_market,0.0,0.0,0.9351980624102818
28056,2021-06-30,2,competitive_mid_market,0.0,0.0,0.9084859722852888
28056,2021-07-31,2,competitive_mid_market,0.0,0.0,0.902999228429706
28056,2021-08-31,2,competitive_mid_market,0.0,0.0,0.8741903622726332
28056,2021-09-30,2,competitive_mid_market,0.0,-1.0,0.802551340761239
28056,2021-10-31,2,competitive_mid_market,0.0,-1.0,0.8146816946753849
28056,2021-11-30,2,competitive_mid_market,0.0,-1.0,0.8592672561284251
28056,2021-12-31,2,competitive_mid_market,0.0,-1.0,0.7239092074037544
28071,2021-01-31,2,competitive_mid_market,0.0,0.0,0.2913012256775477
28071,2021-02-28,2,competitive_mid_market,0.0,0.0,0.3314221179565317
28071,2021-03-31,2,competitive_mid_market,0.0,0.0,0.3277542942738254
28071,2021-04-30,2,competitive_mid_market,0.0,0.0,0.3928995560475
28071,2021-05-31,2,competitive_mid_market,0.0,0.0,0.1961514148479683
28071,2021-06-30,2,competitive_mid_market,0.0,0.0,0.3232400479790244
28071,2021-07-31,2,competitive_mid_market,0.0,0.0,0.2234269291478438
28071,2021-08-31,2,competitive_mid_market,0.0,0.0,0.0437043048696139
28071,2021-09-30,2,competitive_mid_market,0.0,0.0,0.0927820343942039
28071,2021-10-31,2,competitive_mid_market,0.0,-1.0,0.1428260167581653
28071,2021-11-30,2,competitive_mid_market,0.0,-1.0,0.1475329552600512
28071,2021-12-31,2,competitive_mid_market,0.0,-1.0,0.0205986417503793
28075,2021-01-31,3,affordable_high_demand,1.0,1.0,0.9402636605907048
28075,2021-02-28,3,affordable_high_demand,1.0,1.0,0.9379759690055258
28075,2021-03-31,3,affordable_high_demand,1.0,1.0,0.8937578352061816
28075,2021-04-30,3,affordable_high_demand,1.0,1.0,0.8595352354641349
28075,2021-05-31,3,affordable_high_demand,1.0,1.0,0.8616973948784485
28075,2021-06-30,3,affordable_high_demand,1.0,1.0,0.798718459402333
28075,2021-07-31,3,affordable_high_demand,1.0,1.0,0.6371078711894264
28075,2021-08-31,3,affordable_high_demand,0.0,0.0,0.4894621508370501
28075,2021-09-30,3,affordable_high_demand,0.0,0.0,0.5099956517936473
28075,2021-10-31,3,affordable_high_demand,0.0,0.0,0.6487192327300763
28075,2021-11-30,3,affordable_high_demand,0.0,-1.0,0.5943406152621709
28075,2021-12-31,3,affordable_high_demand,0.0,-1.0,0.5275234088506285
28078,2021-01-31,3,affordable_high_demand,1.0,1.0,0.9892090907966102
28078,2021-02-28,3,affordable_high_demand,1.0,1.0,0.9794693370359884
28078,2021-03-31,3,affordable_high_demand,1.0,1.0,0.977639161497211
28078,2021-04-30,3,affordable_high_demand,1.0,1.0,0.9521944987993788
28078,2021-05-31,3,affordable_high_demand,1.0,1.0,0.9432277061700866
28078,2021-06-30,3,affordable_high_demand,1.0,1.0,0.9379844927137052
28078,2021-07-31,3,affordable_high_demand,0.0,0.0,0.8959948377740168
28078,2021-08-31,3,affordable_high_demand,0.0,0.0,0.8141876845869631
28078,2021-09-30,3,affordable_high_demand,0.0,0.0,0.7736886994993397
28078,2021-10-31,3,affordable_high_demand,0.0,0.0,0.7687353658929389
28078,2021-11-30,3,affordable_high_demand,0.0,-1.0,0.8007250315109786
28078,2021-12-31,3,affordable_high_demand,0.0,-1.0,0.7174141504009225
28079,2021-01-31,3,affordable_high_demand,1.0,1.0,0.9571831651642914
28079,2021-02-28,3,affordable_high_demand,1.0,1.0,0.969861776038767
28079,2021-03-31,3,affordable_high_demand,1.0,1.0,0.9519672794287668
28079,2021-04-30,3,affordable_high_demand,1.0,1.0,0.9353801265183432
28079,2021-05-31,3,affordable_high_demand,1.0,1.0,0.8435339270060932
28079,2021-06-30,3,affordable_high_demand,0.0,0.0,0.7848898521894038
28079,2021-07-31,3,affordable_high_demand,0.0,0.0,0.840118453524885
28079,2021-08-31,3,affordable_high_demand,0.0,0.0,0.745407918148673
28079,2021-09-30,3,affordable_high_demand,0.0,-1.0,0.6850834846159455
28079,2021-10-31,3,affordable_high_demand,0.0,-1.0,0.7025626921565671
28079,2021-11-30,3,affordable_high_demand,0.0,-1.0,0.6735599032242802
28079,2021-12-31,3,affordable_high_demand,0.0,-1.0,0.6382189681083964
28080,2021-01-31,2,competitive_mid_market,1.0,1.0,0.9202560249899996
28080,2021-02-28,2,competitive_mid_market,1.0,1.0,0.9173174521906208
28080,2021-03-31,2,competitive_mid_market,1.0,1.0,0.837320943697796
28080,2021-04-30,2,competitive_mid_market,1.0,1.0,0.8558698171679948
28080,2021-05-31,2,competitive_mid_market,1.0,1.0,0.823335535847131
28080,2021-06-30,2,competitive_mid_market,1.0,1.0,0.8192540927046605
28080,2021-07-31,2,competitive_mid_market,0.0,0.0,0.5950557880197639
28080,2021-08-31,2,competitive_mid_market,0.0,0.0,0.2859009283092801
28080,2021-09-30,2,competitive_mid_market,0.0,0.0,0.162128608523319
28080,2021-10-31,2,competitive_mid_market,0.0,0.0,0.0672366056648877
28080,2021-11-30,2,competitive_mid_market,0.0,0.0,0.1100936393753015
28080,2021-12-31,2,competitive_mid_market,0.0,0.0,0.1484661543664686
28081,2021-01-31,2,competitive_mid_market,0.0,0.0,0.7746577654841998
28081,2021-02-28,2,competitive_mid_market,0.0,0.0,0.8385865400480018
28081,2021-03-31,2,competitive_mid_market,0.0,0.0,0.8242238808342892
28081,2021-04-30,2,competitive_mid_market,0.0,0.0,0.8304914140343229
28081,2021-05-31,2,competitive_mid_market,0.0,0.0,0.8792183009567807
28081,2021-06-30,2,competitive_mid_market,0.0,0.0,0.815977417610275
28081,2021-07-31,2,competitive_mid_market,0.0,0.0,0.8610069641320377
28081,2021-08-31,2,competitive_mid_market,0.0,0.0,0.755377776885926
28081,2021-09-30,2,competitive_mid_market,0.0,-1.0,0.2623462085291767
28081,2021-10-31,2,competitive_mid_market,0.0,-1.0,0.2422686429864359
28081,2021-11-30,2,competitive_mid_market,0.0,-1.0,0.5021426612243904
28081,2021-12-31,2,competitive_mid_market,0.0,-1.0,0.8203471860692955
28083,2021-01-31,2,competitive_mid_market,1.0,1.0,0.35588089087066
28083,2021-02-28,2,competitive_mid_market,0.0,0.0,0.3353909039288393
28083,2021-03-31,2,competitive_mid_market,0.0,0.0,0.4978381600881879
28083,2021-04-30,2,competitive_mid_market,1.0,1.0,0.8519508160453041
28083,2021-05-31,2,competitive_mid_market,0.0,0.0,0.7671932826288371
28083,2021-06-30,2,competitive_mid_market,0.0,0.0,0.762094382710247
28083,2021-07-31,2,competitive_mid_market,0.0,0.0,0.6531398056412623
28083,2021-08-31,2,competitive_mid_market,0.0,0.0,0.3997971099837346
28083,2021-09-30,2,competitive_mid_market,0.0,-1.0,0.0357760767891597
28083,2021-10-31,2,competitive_mid_market,0.0,-1.0,0.058522700741574
28083,2021-11-30,2,competitive_mid_market,0.0,-1.0,0.0966149978287004
28083,2021-12-31,2,competitive_mid_market,0.0,-1.0,0.154956584907046
28086,2021-01-31,2,competitive_mid_market,1.0,1.0,0.8184407679414835
28086,2021-02-28,2,competitive_mid_market,1.0,1.0,0.827307269494327
28086,2021-03-31,2,competitive_mid_market,1.0,1.0,0.8602124338820518
28086,2021-04-30,2,competitive_mid_market,1.0,1.0,0.9197403845062402
28086,2021-05-31,2,competitive_mid_market,1.0,1.0,0.8758927227247677
28086,2021-06-30,2,competitive_mid_market,1.0,1.0,0.9110539364881146
28086,2021-07-31,2,competitive_mid_market,0.0,0.0,0.8188373093135697
28086,2021-08-31,2,competitive_mid_market,0.0,0.0,0.6308135911648779
28086,2021-09-30,2,competitive_mid_market,0.0,0.0,0.4039362185016885
28086,2021-10-31,2,competitive_mid_market,0.0,0.0,0.2652623781261745
28086,2021-11-30,2,competitive_mid_market,0.0,-1.0,0.3055068193057714
28086,2021-12-31,2,competitive_mid_market,0.0,-1.0,0.3521156421287801
28088,2021-01-31,2,competitive_mid_market,0.0,0.0,0.1049832309621899
28088,2021-02-28,2,competitive_mid_market,0.0,0.0,0.5124154284790758
28088,2021-03-31,2,competitive_mid_market,1.0,1.0,0.4400314602085995
28088,2021-04-30,2,competitive_mid_market,1.0,1.0,0.4777818684007027
28088,2021-05-31,2,competitive_mid_market,1.0,1.0,0.6064603860447122
28088,2021-06-30,2,competitive_mid_market,0.0,0.0,0.2296711663554117
28088,2021-07-31,2,competitive_mid_market,0.0,-1.0,0.2478187238575048
28088,2021-08-31,2,competitive_mid_market,0.0,-1.0,0.2170196366797999
28088,2021-09-30,2,competitive_mid_market,0.0,-1.0,0.1928326141513751
28088,2021-10-31,2,competitive_mid_market,0.0,-1.0,0.1624741292578201
28088,2021-11-30,2,competitive_mid_market,0.0,-1.0,0.1042555906737858
28088,2021-12-31,2,competitive_mid_market,0.0,-1.0,0.1157309980254725
28092,2021-01-31,2,competitive_mid_market,0.0,0.0,0.7701882266458511
28092,2021-02-28,2,competitive_mid_market,0.0,0.0,0.819414045109898
28092,2021-03-31,2,competitive_mid_market,0.0,0.0,0.7510506535034861
28092,2021-04-30,2,competitive_mid_market,0.0,0.0,0.7406002257351122
28092,2021-05-31,2,competitive_mid_market,0.0,0.0,0.8012556244623342
28092,2021-06-30,2,competitive_mid_market,0.0,0.0,0.7966660265073457
28092,2021-07-31,2,competitive_mid_market,0.0,0.0,0.6948740748996007
28092,2021-08-31,2,competitive_mid_market,0.0,0.0,0.4524600401413814
28092,2021-09-30,2,competitive_mid_market,0.0,-1.0,0.1288037492157577
28092,2021-10-31,2,competitive_mid_market,0.0,-1.0,0.0717808142031732
28092,2021-11-30,2,competitive_mid_market,0.0,-1.0,0.1113528617220461
28092,2021-12-31,2,competitive_mid_market,0.0,-1.0,0.1557841879606857
28097,2021-01-31,2,competitive_mid_market,1.0,1.0,0.4356750188113615
28097,2021-02-28,2,competitive_mid_market,1.0,1.0,0.1926133538231458
28097,2021-03-31,2,competitive_mid_market,0.0,0.0,0.202821960056003
28097,2021-04-30,2,competitive_mid_market,0.0,0.0,0.4601708297349814
28097,2021-05-31,2,competitive_mid_market,0.0,0.0,0.5278316690073172
28097,2021-06-30,2,competitive_mid_market,0.0,0.0,0.5170638180094043
28097,2021-07-31,2,competitive_mid_market,0.0,0.0,0.3821533678905561
28097,2021-08-31,2,competitive_mid_market,0.0,0.0,0.3531677340291133
28097,2021-09-30,2,competitive_mid_market,0.0,-1.0,0.0846023728846019
28097,2021-10-31,2,competitive_mid_market,0.0,-1.0,0.1946612622058615
28097,2021-11-30,2,competitive_mid_market,0.0,-1.0,0.352065197524742
28097,2021-12-31,2,competitive_mid_market,0.0,-1.0,0.3849245285376995
28098,2021-01-31,2,competitive_mid_market,0.0,0.0,0.1526085500310197
28098,2021-02-28,2,competitive_mid_market,0.0,0.0,0.2887799987783962
28098,2021-03-31,2,competitive_mid_market,1.0,1.0,0.2971440141790827
28098,2021-04-30,2,competitive_mid_market,0.0,0.0,0.578841545183866
28098,2021-05-31,2,competitive_mid_market,0.0,0.0,0.2262146366955864
28098,2021-06-30,2,competitive_mid_market,0.0,0.0,0.1322623696869737
28098,2021-07-31,2,competitive_mid_market,0.0,-1.0,0.1008120886520844
28098,2021-08-31,2,competitive_mid_market,0.0,-1.0,0.1648019826025895
28098,2021-09-30,2,competitive_mid_market,0.0,-1.0,0.2060611856653114
28098,2021-10-31,2,competitive_mid_market,0.0,-1.0,0.1422396600610239
28098,2021-11-30,2,competitive_mid_market,0.0,-1.0,0.2056867367988991
28098,2021-12-31,2,competitive_mid_market,0.0,-1.0,0.069432411119994
28101,2021-01-31,1,low_activity_cooling,0.0,0.0,0.1689832692166874
28101,2021-02-28,1,low_activity_cooling,0.0,0.0,0.1056869979979957
28101,2021-03-31,1,low_activity_cooling,0.0,-1.0,0.1567131565477669
28101,2021-04-30,1,low_activity_cooling,0.0,-1.0,0.0548932326683538
28101,2021-05-31,1,low_activity_cooling,0.0,-1.0,0.0245231643361565
28101,2021-06-30,1,low_activity_cooling,0.0,-1.0,0.051580986372709
28101,2021-07-31,1,low_activity_cooling,0.0,0.0,0.3033402649766473
28101,2021-08-31,1,low_activity_cooling,1.0,1.0,0.5269569431018303
28101,2021-09-30,1,low_activity_cooling,1.0,1.0,0.7196915060606106
28101,2021-10-31,1,low_activity_cooling,1.0,1.0,0.7505600194269025
28101,2021-11-30,1,low_activity_cooling,1.0,1.0,0.7199790170807485
28101,2021-12-31,1,low_activity_cooling,1.0,1.0,0.3548004827105345
28103,2021-01-31,2,competitive_mid_market,1.0,1.0,0.5320736251105028
28103,2021-02-28,2,competitive_mid_market,0.0,0.0,0.6117122137200145
28103,2021-03-31,2,competitive_mid_market,0.0,0.0,0.8894770764266939
28103,2021-04-30,2,competitive_mid_market,0.0,0.0,0.8453868114332924
28103,2021-05-31,2,competitive_mid_market,0.0,0.0,0.7644678713761313
28103,2021-06-30,2,competitive_mid_market,0.0,0.0,0.8018339616350632
28103,2021-07-31,2,competitive_mid_market,0.0,0.0,0.7547027173688342
28103,2021-08-31,2,competitive_mid_market,0.0,-1.0,0.2510733125945054
28103,2021-09-30,2,competitive_mid_market,0.0,-1.0,0.0572039441258642
28103,2021-10-31,2,competitive_mid_market,0.0,-1.0,0.0809804879542357
28103,2021-11-30,2,competitive_mid_market,0.0,-1.0,0.099553172269297
28103,2021-12-31,2,competitive_mid_market,0.0,-1.0,0.263517282903909
28104,2021-01-31,3,affordable_high_demand,1.0,1.0,0.9601564435513392
28104,2021-02-28,3,affordable_high_demand,1.0,1.0,0.9710251786539696
28104,2021-03-31,3,affordable_high_demand,1.0,1.0,0.9694623688171344
28104,2021-04-30,3,affordable_high_demand,1.0,1.0,0.9655200353233828
28104,2021-05-31,3,affordable_high_demand,1.0,1.0,0.946787111579276
28104,2021-06-30,3,affordable_high_demand,0.0,0.0,0.95069569248322
28104,2021-07-31,3,affordable_high_demand,0.0,0.0,0.937006547324798
28104,2021-08-31,3,affordable_high_demand,0.0,0.0,0.8913073050562615
28104,2021-09-30,3,affordable_high_demand,0.0,0.0,0.8405497076804611
28104,2021-10-31,3,affordable_high_demand,0.0,-1.0,0.8173022112131505
28104,2021-11-30,3,affordable_high_demand,0.0,-1.0,0.7721018507874344
28104,2021-12-31,3,affordable_high_demand,0.0,-1.0,0.8363095651065908
28105,2021-01-31,3,affordable_high_demand,1.0,1.0,0.9842281946368974
28105,2021-02-28,3,affordable_high_demand,1.0,1.0,0.9832841786429836
28105,2021-03-31,3,affordable_high_demand,1.0,1.0,0.979185714262292
28105,2021-04-30,3,affordable_high_demand,0.0,0.0,0.9453896292726855
28105,2021-05-31,3,affordable_high_demand,0.0,0.0,0.9048829766775986
28105,2021-06-30,3,affordable_high_demand,0.0,0.0,0.8787410676328059
28105,2021-07-31,3,affordable_high_demand,0.0,0.0,0.8589500560499979
28105,2021-08-31,3,affordable_high_demand,0.0,0.0,0.8306595027085959
28105,2021-09-30,3,affordable_high_demand,0.0,-1.0,0.7964687057065719
28105,2021-10-31,3,affordable_high_demand,0.0,-1.0,0.7949015951053523
28105,2021-11-30,3,affordable_high_demand,0.0,-1.0,0.8494092905166053
28105,2021-12-31,3,affordable_high_demand,0.0,-1.0,0.7971878906445293
28107,2021-01-31,3,affordable_high_demand,1.0,1.0,0.7597705347031635
28107,2021-02-28,3,affordable_high_demand,1.0,1.0,0.6886982445985893
28107,2021-03-31,3,affordable_high_demand,1.0,1.0,0.6317677262913841
28107,2021-04-30,3,affordable_high_demand,1.0,1.0,0.7635294769653531
28107,2021-05-31,3,affordable_high_demand,1.0,1.0,0.7621254312049707
28107,2021-06-30,3,affordable_high_demand,1.0,1.0,0.5714318977327586
28107,2021-07-31,3,affordable_high_demand,0.0,0.0,0.5351167038409175
28107,2021-08-31,3,affordable_high_demand,0.0,0.0,0.6005135189720426
28107,2021-09-30,3,affordable_high_demand,0.0,-1.0,0.310257374251598
28107,2021-10-31,3,affordable_high_demand,0.0,-1.0,0.2621049635798536
28107,2021-11-30,3,affordable_high_demand,0.0,-1.0,0.4592696336721124
28107,2021-12-31,3,affordable_high_demand,0.0,-1.0,0.1522320277394372
28110,2021-01-31,3,affordable_high_demand,1.0,1.0,0.9719456649574324
28110,2021-02-28,3,affordable_high_demand,1.0,1.0,0.9717962271053364
28110,2021-03-31,3,affordable_high_demand,1.0,1.0,0.9723028546255208
28110,2021-04-30,3,affordable_high_demand,1.0,1.0,0.9771378130490974
28110,2021-05-31,3,affordable_high_demand,0.0,0.0,0.9570183859272768
28110,2021-06-30,3,affordable_high_demand,0.0,0.0,0.9439520515370792
28110,2021-07-31,3,affordable_high_demand,0.0,0.0,0.9390446911320264
28110,2021-08-31,3,affordable_high_demand,0.0,0.0,0.8795494105682605
28110,2021-09-30,3,affordable_high_demand,0.0,0.0,0.8393973000602867
28110,2021-10-31,3,affordable_high_demand,0.0,-1.0,0.8488999056269103
28110,2021-11-30,3,affordable_high_demand,0.0,-1.0,0.8338360144634173
28110,2021-12-31,3,affordable_high_demand,0.0,-1.0,0.8404500388306315
28112,2021-01-31,2,competitive_mid_market,1.0,1.0,0.8980368662799937
28112,2021-02-28,2,competitive_mid_market,1.0,1.0,0.9408064814486092
28112,2021-03-31,2,competitive_mid_market,1.0,1.0,0.947126845918798
28112,2021-04-30,2,competitive_mid_market,1.0,1.0,0.9350152282569508
28112,2021-05-31,2,competitive_mid_market,1.0,1.0,0.8899883674088477
28112,2021-06-30,2,competitive_mid_market,0.0,0.0,0.9083850639448312
28112,2021-07-31,2,competitive_mid_market,0.0,0.0,0.8433872306216196
28112,2021-08-31,2,competitive_mid_market,0.0,0.0,0.6674156445732966
28112,2021-09-30,2,competitive_mid_market,0.0,0.0,0.1265566445318232
28112,2021-10-31,2,competitive_mid_market,0.0,-1.0,0.2093625318767221
28112,2021-11-30,2,competitive_mid_market,0.0,-1.0,0.3431152657906192
28112,2021-12-31,2,competitive_mid_market,0.0,-1.0,0.5348326658073648
28114,2021-01-31,2,competitive_mid_market,0.0,0.0,0.0196926270182458
28114,2021-02-28,2,competitive_mid_market,0.0,-1.0,0.1373354753690394
28114,2021-03-31,2,competitive_mid_market,0.0,-1.0,0.5581744071437728
28114,2021-04-30,2,competitive_mid_market,0.0,0.0,0.7169135887668088
28114,2021-05-31,2,competitive_mid_market,0.0,-1.0,0.7630146192768696
28114,2021-06-30,2,competitive_mid_market,0.0,-1.0,0.6579119367950295
28114,2021-07-31,2,competitive_mid_market,0.0,-1.0,0.4422403343506613
28114,2021-08-31,2,competitive_mid_market,0.0,-1.0,0.3108100623735891
28114,2021-09-30,2,competitive_mid_market,0.0,-1.0,0.2011968998571962
28114,2021-10-31,2,competitive_mid_market,0.0,-1.0,0.0400365388886086
28114,2021-11-30,2,competitive_mid_market,0.0,-1.0,0.0217115799457334
28114,2021-12-31,2,competitive_mid_market,0.0,-1.0,0.0427110710910236
28115,2021-01-31,3,affordable_high_demand,1.0,1.0,0.9848047218247556
28115,2021-02-28,3,affordable_high_demand,1.0,1.0,0.9784193167373952
28115,2021-03-31,3,affordable_high_demand,1.0,1.0,0.9704376880350242
28115,2021-04-30,3,affordable_high_demand,1.0,1.0,0.9553814839936784
28115,2021-05-31,3,affordable_high_demand,1.0,1.0,0.9493938804264817
28115,2021-06-30,3,affordable_high_demand,0.0,0.0,0.8527205730208391
28115,2021-07-31,3,affordable_high_demand,0.0,0.0,0.6968939563682368
28115,2021-08-31,3,affordable_high_demand,0.0,0.0,0.7250936638591713
28115,2021-09-30,3,affordable_high_demand,0.0,-1.0,0.725510972049012
28115,2021-10-31,3,affordable_high_demand,0.0,-1.0,0.6905282924399608
28115,2021-11-30,3,affordable_high_demand,0.0,-1.0,0.7739895719388478
28115,2021-12-31,3,affordable_high_demand,0.0,-1.0,0.8155016989191681
28117,2021-01-31,3,affordable_high_demand,1.0,1.0,0.9919241410804316
28117,2021-02-28,3,affordable_high_demand,1.0,1.0,0.986713484514259
28117,2021-03-31,3,affordable_high_demand,1.0,1.0,0.974930175269918
28117,2021-04-30,3,affordable_high_demand,1.0,1.0,0.9506553349166984
28117,2021-05-31,3,affordable_high_demand,1.0,1.0,0.9103443646880508
28117,2021-06-30,3,affordable_high_demand,1.0,1.0,0.9174298431917072
28117,2021-07-31,3,affordable_high_demand,1.0,1.0,0.9279274465272448
28117,2021-08-31,3,affordable_high_demand,0.0,0.0,0.9478451044948202
28117,2021-09-30,3,affordable_high_demand,0.0,0.0,0.9251788750178802
28117,2021-10-31,3,affordable_high_demand,0.0,0.0,0.9322485601106988
28117,2021-11-30,3,affordable_high_demand,0.0,-1.0,0.9093124419560906
28117,2021-12-31,3,affordable_high_demand,0.0,-1.0,0.8364083613305937
28120,2021-01-31,2,competitive_mid_market,1.0,1.0,0.924353796728153
28120,2021-02-28,2,competitive_mid_market,1.0,1.0,0.9583234611225824
28120,2021-03-31,2,competitive_mid_market,1.0,1.0,0.929262657470218
28120,2021-04-30,2,competitive_mid_market,1.0,1.0,0.92382279086257
28120,2021-05-31,2,competitive_mid_market,1.0,1.0,0.8460700586902008
28120,2021-06-30,2,competitive_mid_market,1.0,1.0,0.7893761840887283
28120,2021-07-31,2,competitive_mid_market,0.0,0.0,0.6250148537823473
28120,2021-08-31,2,competitive_mid_market,0.0,0.0,0.4966085423822771
28120,2021-09-30,2,competitive_mid_market,0.0,-1.0,0.496290543256269
28120,2021-10-31,2,competitive_mid_market,0.0,-1.0,0.4577538441244338
28120,2021-11-30,2,competitive_mid_market,0.0,-1.0,0.3133685307384165
28120,2021-12-31,2,competitive_mid_market,0.0,-1.0,0.3173194713654822
28124,2021-01-31,2,competitive_mid_market,1.0,1.0,0.6035334132632376
28124,2021-02-28,2,competitive_mid_market,1.0,1.0,0.7194676998735454
28124,2021-03-31,2,competitive_mid_market,1.0,1.0,0.8214268387517413
28124,2021-04-30,2,competitive_mid_market,0.0,0.0,0.7425548820910248
28124,2021-05-31,2,competitive_mid_market,0.0,0.0,0.7306186947366318
28124,2021-06-30,2,competitive_mid_market,0.0,0.0,0.7954153264298164
28124,2021-07-31,2,competitive_mid_market,0.0,0.0,0.7948884014582349
28124,2021-08-31,2,competitive_mid_market,0.0,0.0,0.1958832707172793
28124,2021-09-30,2,competitive_mid_market,0.0,-1.0,0.1461459441943559
28124,2021-10-31,2,competitive_mid_market,0.0,0.0,0.0518470904640518
28124,2021-11-30,2,competitive_mid_market,0.0,-1.0,0.067729160167704
28124,2021-12-31,2,competitive_mid_market,0.0,-1.0,0.0431794877229664
28125,2021-01-31,2,competitive_mid_market,1.0,1.0,0.1363911513217246
28125,2021-02-28,2,competitive_mid_market,0.0,0.0,0.2108240183203654
28125,2021-03-31,2,competitive_mid_market,0.0,0.0,0.1316292038866553
28125,2021-04-30,2,competitive_mid_market,0.0,0.0,0.0905313779516166
28125,2021-05-31,2,competitive_mid_market,0.0,0.0,0.1185071176501257
28125,2021-06-30,2,competitive_mid_market,0.0,0.0,0.0623762644020111
28125,2021-07-31,2,competitive_mid_market,0.0,0.0,0.4606274996743462
28125,2021-08-31,2,competitive_mid_market,0.0,-1.0,0.0985218925290801
28125,2021-09-30,2,competitive_mid_market,0.0,-1.0,0.0289528466087734
28125,2021-10-31,2,competitive_mid_market,0.0,-1.0,0.0226839689243203
28125,2021-11-30,2,competitive_mid_market,0.0,-1.0,0.0157340358230161
28125,2021-12-31,2,competitive_mid_market,0.0,-1.0,0.0130679533735572
28127,2021-01-31,0,high_value_appreciating,1.0,1.0,0.6763916531021605
28127,2021-02-28,0,high_value_appreciating,1.0,1.0,0.6910852544636692
28127,2021-03-31,0,high_value_appreciating,1.0,1.0,0.6890824181623324
28127,2021-04-30,0,high_value_appreciating,1.0,1.0,0.7420338270145476
28127,2021-05-31,0,high_value_appreciating,0.0,0.0,0.8400392176500172
28127,2021-06-30,0,high_value_appreciating,0.0,0.0,0.7133772617176833
28127,2021-07-31,0,high_value_appreciating,0.0,0.0,0.5311277537289761
28127,2021-08-31,0,high_value_appreciating,0.0,-1.0,0.0353623362205586
28127,2021-09-30,0,high_value_appreciating,0.0,-1.0,0.0073852660480274
28127,2021-10-31,0,high_value_appreciating,0.0,-1.0,0.0197513231671642
28127,2021-11-30,0,high_value_appreciating,0.0,-1.0,0.011412473133767
28127,2021-12-31,0,high_value_appreciating,0.0,-1.0,0.038672569388595
28128,2021-01-31,2,competitive_mid_market,0.0,0.0,0.2171392987851911
28128,2021-02-28,2,competitive_mid_market,1.0,1.0,0.413447431699147
28128,2021-03-31,2,competitive_mid_market,1.0,1.0,0.4124272403241151
28128,2021-04-30,2,competitive_mid_market,1.0,1.0,0.6703074696743182
28128,2021-05-31,2,competitive_mid_market,0.0,0.0,0.4676779255591523
28128,2021-06-30,2,competitive_mid_market,0.0,0.0,0.3253606828808369
28128,2021-07-31,2,competitive_mid_market,0.0,0.0,0.4574055320707943
28128,2021-08-31,2,competitive_mid_market,0.0,0.0,0.290017884253293
28128,2021-09-30,2,competitive_mid_market,0.0,0.0,0.1850932277994824
28128,2021-10-31,2,competitive_mid_market,0.0,0.0,0.064190343134287
28128,2021-11-30,2,competitive_mid_market,0.0,-1.0,0.2130411865919695
28128,2021-12-31,2,competitive_mid_market,0.0,-1.0,0.5613338745463512
28129,2021-01-31,2,competitive_mid_market,1.0,1.0,0.8407180593358259
28129,2021-02-28,2,competitive_mid_market,1.0,1.0,0.8865772298394949
28129,2021-03-31,2,competitive_mid_market,0.0,0.0,0.5210860039543885
28129,2021-04-30,2,competitive_mid_market,0.0,0.0,0.661591612511706
28129,2021-05-31,2,competitive_mid_market,0.0,0.0,0.7194003842229734
28129,2021-06-30,2,competitive_mid_market,0.0,0.0,0.6615783432789722
28129,2021-07-31,2,competitive_mid_market,0.0,-1.0,0.1459557777849137
28129,2021-08-31,2,competitive_mid_market,0.0,-1.0,0.092120027295868
28129,2021-09-30,2,competitive_mid_market,0.0,-1.0,0.1709697287250266
28129,2021-10-31,2,competitive_mid_market,0.0,-1.0,0.0545381751571812
28129,2021-11-30,2,competitive_mid_market,0.0,-1.0,0.2109662979968481
28129,2021-12-31,2,competitive_mid_market,0.0,-1.0,0.1555265414025768
28133,2021-01-31,2,competitive_mid_market,0.0,-1.0,0.0966693384182374
28133,2021-02-28,2,competitive_mid_market,0.0,-1.0,0.0447980890848255
28133,2021-03-31,2,competitive_mid_market,0.0,-1.0,0.1462608178506273
28133,2021-04-30,2,competitive_mid_market,0.0,0.0,0.1320232320121719
28133,2021-05-31,2,competitive_mid_market,0.0,0.0,0.1504745922201869
28133,2021-06-30,2,competitive_mid_market,0.0,0.0,0.1064567436491661
28133,2021-07-31,2,competitive_mid_market,0.0,-1.0,0.1448420060525301
28133,2021-08-31,2,competitive_mid_market,0.0,-1.0,0.0993784928757081
28133,2021-09-30,2,competitive_mid_market,0.0,-1.0,0.0679176861701714
28133,2021-10-31,2,competitive_mid_market,0.0,-1.0,0.0841557487583868
28133,2021-11-30,2,competitive_mid_market,0.0,-1.0,0.0138790914218093
28133,2021-12-31,2,competitive_mid_market,0.0,-1.0,0.100782575470696
28134,2021-01-31,3,affordable_high_demand,1.0,1.0,0.9117017408784812
28134,2021-02-28,3,affordable_high_demand,1.0,1.0,0.93474874647784
28134,2021-03-31,3,affordable_high_demand,1.0,1.0,0.8875577453289429
28134,2021-04-30,3,affordable_high_demand,1.0,1.0,0.8559758702291066
28134,2021-05-31,3,affordable_high_demand,1.0,1.0,0.812522439422782
28134,2021-06-30,3,affordable_high_demand,1.0,1.0,0.8308342002512158
28134,2021-07-31,3,affordable_high_demand,0.0,0.0,0.7718706685078823
28134,2021-08-31,3,affordable_high_demand,0.0,0.0,0.6150473022558034
28134,2021-09-30,3,affordable_high_demand,0.0,0.0,0.633632071134859
28134,2021-10-31,3,affordable_high_demand,0.0,-1.0,0.7514137050887397
28134,2021-11-30,3,affordable_high_demand,0.0,-1.0,0.534224109299691
28134,2021-12-31,3,affordable_high_demand,0.0,-1.0,0.7647043829368355
28137,2021-01-31,1,low_activity_cooling,0.0,0.0,0.0330170434582919
28137,2021-02-28,1,low_activity_cooling,0.0,0.0,0.0727139574686267
28137,2021-03-31,1,low_activity_cooling,0.0,0.0,0.8479195102830737
28137,2021-04-30,1,low_activity_cooling,1.0,1.0,0.8841526141684067
28137,2021-05-31,1,low_activity_cooling,1.0,1.0,0.8975813932669832
28137,2021-06-30,1,low_activity_cooling,1.0,1.0,0.8587322971347172
28137,2021-07-31,1,low_activity_cooling,0.0,0.0,0.6134374476804466
28137,2021-08-31,1,low_activity_cooling,0.0,-1.0,0.0930711005592832
28137,2021-09-30,1,low_activity_cooling,0.0,-1.0,0.0985593557612191
28137,2021-10-31,1,low_activity_cooling,0.0,-1.0,0.1936109049713298
28137,2021-11-30,1,low_activity_cooling,0.0,-1.0,0.0830547841308578
28137,2021-12-31,1,low_activity_cooling,0.0,-1.0,0.1884628032637582
28138,2021-01-31,2,competitive_mid_market,0.0,0.0,0.1635638852206624
28138,2021-02-28,2,competitive_mid_market,0.0,0.0,0.3363868632106259
28138,2021-03-31,2,competitive_mid_market,0.0,0.0,0.1846251908219502
28138,2021-04-30,2,competitive_mid_market,0.0,0.0,0.3869721738677282
28138,2021-05-31,2,competitive_mid_market,0.0,0.0,0.4012757320808262
28138,2021-06-30,2,competitive_mid_market,0.0,0.0,0.6792113805536917
28138,2021-07-31,2,competitive_mid_market,0.0,0.0,0.3883014740531631
28138,2021-08-31,2,competitive_mid_market,0.0,0.0,0.1772902332177784
28138,2021-09-30,2,competitive_mid_market,0.0,0.0,0.1037887593647718
28138,2021-10-31,2,competitive_mid_market,0.0,-1.0,0.1206865811315376
28138,2021-11-30,2,competitive_mid_market,0.0,-1.0,0.141378253383012
28138,2021-12-31,2,competitive_mid_market,0.0,0.0,0.1597085983678457
28139,2021-01-31,2,competitive_mid_market,0.0,0.0,0.5585151009016713
28139,2021-02-28,2,competitive_mid_market,0.0,0.0,0.6761490018552041
28139,2021-03-31,2,competitive_mid_market,0.0,0.0,0.6518953216785202
28139,2021-04-30,2,competitive_mid_market,0.0,0.0,0.452454847618539
28139,2021-05-31,2,competitive_mid_market,0.0,0.0,0.6086904219271408
28139,2021-06-30,2,competitive_mid_market,0.0,0.0,0.4959715031863366
28139,2021-07-31,2,competitive_mid_market,0.0,-1.0,0.3301640505524735
28139,2021-08-31,2,competitive_mid_market,0.0,-1.0,0.0224999847415934
28139,2021-09-30,2,competitive_mid_market,0.0,-1.0,0.0137931204996348
28139,2021-10-31,2,competitive_mid_market,0.0,-1.0,0.0139874535090827
28139,2021-11-30,2,competitive_mid_market,0.0,-1.0,0.0389635479893511
28139,2021-12-31,2,competitive_mid_market,0.0,-1.0,0.0181629135929163
28144,2021-01-31,2,competitive_mid_market,0.0,0.0,0.2543475209403733
28144,2021-02-28,2,competitive_mid_market,0.0,0.0,0.3891426746157757
28144,2021-03-31,2,competitive_mid_market,0.0,0.0,0.3490994466377424
28144,2021-04-30,2,competitive_mid_market,0.0,0.0,0.5073886709483872
28144,2021-05-31,2,competitive_mid_market,0.0,0.0,0.5285629214994951
28144,2021-06-30,2,competitive_mid_market,0.0,0.0,0.6096684287844942
28144,2021-07-31,2,competitive_mid_market,0.0,0.0,0.6265703915768677
28144,2021-08-31,2,competitive_mid_market,0.0,-1.0,0.2350070363934065
28144,2021-09-30,2,competitive_mid_market,0.0,-1.0,0.0423501660164667
28144,2021-10-31,2,competitive_mid_market,0.0,-1.0,0.0330025766062608
28144,2021-11-30,2,competitive_mid_market,0.0,-1.0,0.0437827172975876
28144,2021-12-31,2,competitive_mid_market,0.0,-1.0,0.1561297492558917
28146,2021-01-31,2,competitive_mid_market,0.0,0.0,0.720311065523345
28146,2021-02-28,2,competitive_mid_market,0.0,0.0,0.9090725726744984
28146,2021-03-31,2,competitive_mid_market,0.0,0.0,0.8950823115851654
28146,2021-04-30,2,competitive_mid_market,0.0,0.0,0.6702538287010394
28146,2021-05-31,2,competitive_mid_market,0.0,0.0,0.5837060533248474
28146,2021-06-30,2,competitive_mid_market,0.0,0.0,0.6273010575638245
28146,2021-07-31,2,competitive_mid_market,0.0,0.0,0.5947110189974812
28146,2021-08-31,2,competitive_mid_market,0.0,0.0,0.618661065877782
28146,2021-09-30,2,competitive_mid_market,0.0,-1.0,0.2217791296220946
28146,2021-10-31,2,competitive_mid_market,0.0,-1.0,0.1355859250711403
28146,2021-11-30,2,competitive_mid_market,0.0,-1.0,0.1163792635190448
28146,2021-12-31,2,competitive_mid_market,0.0,-1.0,0.1727138394464588
28147,2021-01-31,2,competitive_mid_market,0.0,0.0,0.8177305807634188
28147,2021-02-28,2,competitive_mid_market,0.0,0.0,0.8156353607039162
28147,2021-03-31,2,competitive_mid_market,0.0,0.0,0.6873823592473332
28147,2021-04-30,2,competitive_mid_market,0.0,0.0,0.733697115894441
28147,2021-05-31,2,competitive_mid_market,0.0,0.0,0.571575162165925
28147,2021-06-30,2,competitive_mid_market,0.0,0.0,0.5858188316572359
28147,2021-07-31,2,competitive_mid_market,0.0,0.0,0.3891467304355397
28147,2021-08-31,2,competitive_mid_market,0.0,-1.0,0.3031729042603894
28147,2021-09-30,2,competitive_mid_market,0.0,-1.0,0.3260409314399954
28147,2021-10-31,2,competitive_mid_market,0.0,-1.0,0.0913141472699021
28147,2021-11-30,2,competitive_mid_market,0.0,-1.0,0.1057952598617359
28147,2021-12-31,2,competitive_mid_market,0.0,-1.0,0.179794611633787
28159,2021-01-31,2,competitive_mid_market,0.0,0.0,0.3292672100697322
28159,2021-02-28,2,competitive_mid_market,0.0,-1.0,0.5318235126425518
28159,2021-03-31,2,competitive_mid_market,0.0,-1.0,0.3176457195954912
28159,2021-04-30,2,competitive_mid_market,0.0,-1.0,0.2421842733514403
28159,2021-05-31,2,competitive_mid_market,0.0,-1.0,0.0644699694240393
28159,2021-06-30,2,competitive_mid_market,0.0,-1.0,0.1444054337312333
28159,2021-07-31,2,competitive_mid_market,0.0,-1.0,0.3900851436127278
28159,2021-08-31,2,competitive_mid_market,0.0,-1.0,0.4612663402889718
28159,2021-09-30,2,competitive_mid_market,0.0,-1.0,0.1162602150575908
28159,2021-10-31,2,competitive_mid_market,0.0,-1.0,0.1004762305576739
28159,2021-11-30,2,competitive_mid_market,0.0,-1.0,0.1722925807618548
28159,2021-12-31,2,competitive_mid_market,0.0,-1.0,0.1830992953925257
28160,2021-01-31,2,competitive_mid_market,1.0,1.0,0.6484978645628333
28160,2021-02-28,2,competitive_mid_market,1.0,1.0,0.2454000575482985
28160,2021-03-31,2,competitive_mid_market,1.0,1.0,0.1594227753474053
28160,2021-04-30,2,competitive_mid_market,1.0,1.0,0.2751782445926468
28160,2021-05-31,2,competitive_mid_market,0.0,0.0,0.4092041939807502
28160,2021-06-30,2,competitive_mid_market,0.0,0.0,0.3693910557236249
28160,2021-07-31,2,competitive_mid_market,0.0,-1.0,0.3392684406420309
28160,2021-08-31,2,competitive_mid_market,0.0,-1.0,0.0467801194828692
28160,2021-09-30,2,competitive_mid_market,0.0,-1.0,0.0453154991304565
28160,2021-10-31,2,competitive_mid_market,0.0,-1.0,0.1079218166840872
28160,2021-11-30,2,competitive_mid_market,0.0,-1.0,0.1563460409084399
28160,2021-12-31,2,competitive_mid_market,0.0,-1.0,0.1816849819318593
28163,2021-01-31,2,competitive_mid_market,0.0,0.0,0.0348468569268698
28163,2021-02-28,2,competitive_mid_market,0.0,0.0,0.0640497092846684
28163,2021-03-31,2,competitive_mid_market,0.0,0.0,0.6645608844248442
28163,2021-04-30,2,competitive_mid_market,1.0,1.0,0.8550387877492681
28163,2021-05-31,2,competitive_mid_market,0.0,0.0,0.7077211995874959
28163,2021-06-30,2,competitive_mid_market,0.0,0.0,0.795514718265516
28163,2021-07-31,2,competitive_mid_market,0.0,0.0,0.6933651838707341
28163,2021-08-31,2,competitive_mid_market,0.0,0.0,0.2013297739356225
28163,2021-09-30,2,competitive_mid_market,0.0,-1.0,0.2202507924147796
28163,2021-10-31,2,competitive_mid_market,0.0,-1.0,0.1680398885141756
28163,2021-11-30,2,competitive_mid_market,0.0,-1.0,0.5263096361831626
28163,2021-12-31,2,competitive_mid_market,0.0,-1.0,0.3469880987087918
28164,2021-01-31,2,competitive_mid_market,1.0,1.0,0.8675018485790854
28164,2021-02-28,2,competitive_mid_market,1.0,1.0,0.9363172644378512
28164,2021-03-31,2,competitive_mid_market,1.0,1.0,0.9455074088620052
28164,2021-04-30,2,competitive_mid_market,0.0,0.0,0.9395321569538454
28164,2021-05-31,2,competitive_mid_market,0.0,0.0,0.926646208898412
28164,2021-06-30,2,competitive_mid_market,1.0,1.0,0.8775612177240771
28164,2021-07-31,2,competitive_mid_market,1.0,1.0,0.9179571348216902
28164,2021-08-31,2,competitive_mid_market,0.0,0.0,0.8514462624152322
28164,2021-09-30,2,competitive_mid_market,0.0,0.0,0.3157263929242553
28164,2021-10-31,2,competitive_mid_market,0.0,0.0,0.3347024299094678
28164,2021-11-30,2,competitive_mid_market,0.0,-1.0,0.4072358803465754
28164,2021-12-31,2,competitive_mid_market,0.0,-1.0,0.3280446936671906
28166,2021-01-31,3,affordable_high_demand,1.0,1.0,0.9918257637376958
28166,2021-02-28,3,affordable_high_demand,1.0,1.0,0.9765388387187928
28166,2021-03-31,3,affordable_high_demand,1.0,1.0,0.9620863565354928
28166,2021-04-30,3,affordable_high_demand,1.0,1.0,0.945340503300348
28166,2021-05-31,3,affordable_high_demand,0.0,0.0,0.8780943938569215
28166,2021-06-30,3,affordable_high_demand,0.0,0.0,0.8983555571040891
28166,2021-07-31,3,affordable_high_demand,0.0,0.0,0.9117627060203988
28166,2021-08-31,3,affordable_high_demand,0.0,-1.0,0.8759318025754379
28166,2021-09-30,3,affordable_high_demand,0.0,-1.0,0.8743086210640528
28166,2021-10-31,3,affordable_high_demand,0.0,-1.0,0.9458765693344764
28166,2021-11-30,3,affordable_high_demand,0.0,-1.0,0.8877569927083946
28166,2021-12-31,3,affordable_high_demand,0.0,-1.0,0.6570469797669635
28167,2021-01-31,1,low_activity_cooling,0.0,-1.0,0.5084200214892759
28167,2021-02-28,1,low_activity_cooling,0.0,-1.0,0.2093186334737895
28167,2021-03-31,1,low_activity_cooling,0.0,-1.0,0.1012132942717746
28167,2021-04-30,1,low_activity_cooling,0.0,0.0,0.4461639002314248
28167,2021-05-31,1,low_activity_cooling,0.0,0.0,0.6427206259950594
28167,2021-06-30,1,low_activity_cooling,0.0,0.0,0.69042595459847
28167,2021-07-31,1,low_activity_cooling,0.0,0.0,0.8299617531684909
28167,2021-08-31,1,low_activity_cooling,0.0,0.0,0.675000634599091
28167,2021-09-30,1,low_activity_cooling,0.0,0.0,0.4669836512511625
28167,2021-10-31,1,low_activity_cooling,0.0,0.0,0.3533204443235213
28167,2021-11-30,1,low_activity_cooling,0.0,0.0,0.3663357688294416
28167,2021-12-31,1,low_activity_cooling,0.0,0.0,0.1561575830593393
28168,2021-01-31,2,competitive_mid_market,0.0,0.0,0.0616394627010433
28168,2021-02-28,2,competitive_mid_market,0.0,0.0,0.3356328538298513
28168,2021-03-31,2,competitive_mid_market,0.0,0.0,0.1375300303988239
28168,2021-04-30,2,competitive_mid_market,0.0,0.0,0.2451226540605959
28168,2021-05-31,2,competitive_mid_market,0.0,0.0,0.6923703426099627
28168,2021-06-30,2,competitive_mid_market,0.0,0.0,0.3688497257314269
28168,2021-07-31,2,competitive_mid_market,0.0,-1.0,0.3997463988177374
28168,2021-08-31,2,competitive_mid_market,0.0,0.0,0.1451819148097718
28168,2021-09-30,2,competitive_mid_market,0.0,0.0,0.1278352209771417
28168,2021-10-31,2,competitive_mid_market,0.0,0.0,0.0997554572595954
28168,2021-11-30,2,competitive_mid_market,0.0,-1.0,0.0695568793716409
28168,2021-12-31,2,competitive_mid_market,0.0,-1.0,0.1804751175174822
28170,2021-01-31,2,competitive_mid_market,0.0,0.0,0.3223698016060491
28170,2021-02-28,2,competitive_mid_market,0.0,0.0,0.5913626509762014
28170,2021-03-31,2,competitive_mid_market,0.0,0.0,0.419166678183797
28170,2021-04-30,2,competitive_mid_market,0.0,0.0,0.2316717463084225
28170,2021-05-31,2,competitive_mid_market,0.0,0.0,0.1312114444714873
28170,2021-06-30,2,competitive_mid_market,0.0,-1.0,0.1661194878394146
28170,2021-07-31,2,competitive_mid_market,0.0,-1.0,0.0299680505881706
28170,2021-08-31,2,competitive_mid_market,0.0,-1.0,0.0204309747028268
28170,2021-09-30,2,competitive_mid_market,0.0,-1.0,0.0166899404433269
28170,2021-10-31,2,competitive_mid_market,0.0,-1.0,0.032944967233482
28170,2021-11-30,2,competitive_mid_market,0.0,-1.0,0.0344933445730813
28170,2021-12-31,2,competitive_mid_market,0.0,-1.0,0.0593801364012432
28173,2021-01-31,3,affordable_high_demand,1.0,1.0,0.9923021142430412
28173,2021-02-28,3,affordable_high_demand,1.0,1.0,0.9877531969217273
28173,2021-03-31,3,affordable_high_demand,1.0,1.0,0.9781455303836946
28173,2021-04-30,3,affordable_high_demand,1.0,1.0,0.9773938845709296
28173,2021-05-31,3,affordable_high_demand,1.0,1.0,0.975561949465658
28173,2021-06-30,3,affordable_high_demand,1.0,1.0,0.9591243054777392
28173,2021-07-31,3,affordable_high_demand,1.0,1.0,0.9160105288862076
28173,2021-08-31,3,affordable_high_demand,0.0,0.0,0.9231975412162816
28173,2021-09-30,3,affordable_high_demand,0.0,0.0,0.801712086828239
28173,2021-10-31,3,affordable_high_demand,0.0,-1.0,0.7580429170693264
28173,2021-11-30,3,affordable_high_demand,0.0,-1.0,0.797316556249089
28173,2021-12-31,3,affordable_high_demand,0.0,-1.0,0.8468968543384356
28174,2021-01-31,2,competitive_mid_market,1.0,1.0,0.7716928426911104
28174,2021-02-28,2,competitive_mid_market,1.0,1.0,0.8417599779432862
28174,2021-03-31,2,competitive_mid_market,1.0,1.0,0.688000918494939
28174,2021-04-30,2,competitive_mid_market,1.0,1.0,0.9579728830781687
28174,2021-05-31,2,competitive_mid_market,1.0,1.0,0.9258221060950736
28174,2021-06-30,2,competitive_mid_market,1.0,1.0,0.9438249887064866
28174,2021-07-31,2,competitive_mid_market,1.0,1.0,0.7256700184622498
28174,2021-08-31,2,competitive_mid_market,0.0,0.0,0.6095742551231706
28174,2021-09-30,2,competitive_mid_market,0.0,0.0,0.4608093946034023
28174,2021-10-31,2,competitive_mid_market,0.0,0.0,0.3957396661333709
28174,2021-11-30,2,competitive_mid_market,0.0,0.0,0.4845978508481262
28174,2021-12-31,2,competitive_mid_market,0.0,-1.0,0.3706465363607508
28202,2021-01-31,3,affordable_high_demand,1.0,1.0,0.0976616656172937
28202,2021-02-28,3,affordable_high_demand,1.0,1.0,0.0993895850915898
28202,2021-03-31,3,affordable_high_demand,1.0,1.0,0.46114276984494
28202,2021-04-30,3,affordable_high_demand,1.0,1.0,0.5919431968860074
28202,2021-05-31,3,affordable_high_demand,1.0,1.0,0.8932375369857823
28202,2021-06-30,3,affordable_high_demand,1.0,1.0,0.6004240581599131
28202,2021-07-31,3,affordable_high_demand,1.0,1.0,0.8597898707147071
28202,2021-08-31,3,affordable_high_demand,0.0,0.0,0.8756745518412451
28202,2021-09-30,3,affordable_high_demand,0.0,0.0,0.7780387439286071
28202,2021-10-31,3,affordable_high_demand,0.0,0.0,0.5895457698922187
28202,2021-11-30,3,affordable_high_demand,0.0,0.0,0.4036659006236111
28202,2021-12-31,3,affordable_high_demand,0.0,0.0,0.6250955180615738
28203,2021-01-31,3,affordable_high_demand,1.0,1.0,0.7936435434548643
28203,2021-02-28,3,affordable_high_demand,1.0,1.0,0.8807228535258483
28203,2021-03-31,3,affordable_high_demand,1.0,1.0,0.8485374372378398
28203,2021-04-30,3,affordable_high_demand,1.0,1.0,0.8840897985070301
28203,2021-05-31,3,affordable_high_demand,1.0,1.0,0.8848459343339073
28203,2021-06-30,3,affordable_high_demand,1.0,1.0,0.825416596930385
28203,2021-07-31,3,affordable_high_demand,1.0,1.0,0.6003516940257289
28203,2021-08-31,3,affordable_high_demand,0.0,0.0,0.506254221680796
28203,2021-09-30,3,affordable_high_demand,0.0,0.0,0.4765569912951531
28203,2021-10-31,3,affordable_high_demand,0.0,0.0,0.5143543735335376
28203,2021-11-30,3,affordable_high_demand,0.0,0.0,0.5295962816795532
28203,2021-12-31,3,affordable_high_demand,0.0,-1.0,0.3585305104033802
28204,2021-01-31,3,affordable_high_demand,1.0,1.0,0.9654955980946984
28204,2021-02-28,3,affordable_high_demand,1.0,1.0,0.9591486227255048
28204,2021-03-31,3,affordable_high_demand,1.0,1.0,0.953427033350196
28204,2021-04-30,3,affordable_high_demand,1.0,1.0,0.9142429770802912
28204,2021-05-31,3,affordable_high_demand,1.0,1.0,0.8763137359988559
28204,2021-06-30,3,affordable_high_demand,1.0,1.0,0.8288143845545101
28204,2021-07-31,3,affordable_high_demand,1.0,1.0,0.6627127521483599
28204,2021-08-31,3,affordable_high_demand,0.0,0.0,0.69212071650222
28204,2021-09-30,3,affordable_high_demand,0.0,0.0,0.5722089815209597
28204,2021-10-31,3,affordable_high_demand,0.0,0.0,0.3414491226634832
28204,2021-11-30,3,affordable_high_demand,0.0,-1.0,0.1530155537069449
28204,2021-12-31,3,affordable_high_demand,0.0,-1.0,0.0512237275197234
28205,2021-01-31,3,affordable_high_demand,0.0,0.0,0.8587842757578453
28205,2021-02-28,3,affordable_high_demand,0.0,0.0,0.8682667070841762
28205,2021-03-31,3,affordable_high_demand,0.0,0.0,0.6621652171780344
28205,2021-04-30,3,affordable_high_demand,0.0,0.0,0.7127942000113756
28205,2021-05-31,3,affordable_high_demand,0.0,0.0,0.5426231706678496
28205,2021-06-30,3,affordable_high_demand,0.0,0.0,0.59497793814569
28205,2021-07-31,3,affordable_high_demand,0.0,0.0,0.6768739477648524
28205,2021-08-31,3,affordable_high_demand,0.0,0.0,0.3431659693138615
28205,2021-09-30,3,affordable_high_demand,0.0,0.0,0.2499526846691944
28205,2021-10-31,3,affordable_high_demand,0.0,-1.0,0.2371512814747772
28205,2021-11-30,3,affordable_high_demand,0.0,-1.0,0.5139279531095089
28205,2021-12-31,3,affordable_high_demand,0.0,-1.0,0.4681144946694824
28206,2021-01-31,2,competitive_mid_market,1.0,1.0,0.5563053358636767
28206,2021-02-28,2,competitive_mid_market,1.0,1.0,0.5782802555707542
28206,2021-03-31,2,competitive_mid_market,1.0,1.0,0.3683806117078431
28206,2021-04-30,2,competitive_mid_market,1.0,1.0,0.5887292805735392
28206,2021-05-31,2,competitive_mid_market,1.0,1.0,0.6977159661614611
28206,2021-06-30,2,competitive_mid_market,1.0,1.0,0.2773425600424251
28206,2021-07-31,2,competitive_mid_market,0.0,0.0,0.1315239206603431
28206,2021-08-31,2,competitive_mid_market,0.0,0.0,0.0363932859797225
28206,2021-09-30,2,competitive_mid_market,0.0,-1.0,0.0225644334346813
28206,2021-10-31,2,competitive_mid_market,0.0,-1.0,0.009600009813747
28206,2021-11-30,2,competitive_mid_market,0.0,-1.0,0.023900516232236
28206,2021-12-31,2,competitive_mid_market,0.0,-1.0,0.046189341616089
28207,2021-01-31,3,affordable_high_demand,1.0,1.0,0.923397680584603
28207,2021-02-28,3,affordable_high_demand,1.0,1.0,0.950694240104628
28207,2021-03-31,3,affordable_high_demand,1.0,1.0,0.931954439641176
28207,2021-04-30,3,affordable_high_demand,0.0,0.0,0.9657377768406328
28207,2021-05-31,3,affordable_high_demand,0.0,0.0,0.90280317814816
28207,2021-06-30,3,affordable_high_demand,0.0,0.0,0.8642543633760804
28207,2021-07-31,3,affordable_high_demand,0.0,0.0,0.6208104889415057
28207,2021-08-31,3,affordable_high_demand,0.0,0.0,0.3649309025062212
28207,2021-09-30,3,affordable_high_demand,0.0,0.0,0.1836940562236223
28207,2021-10-31,3,affordable_high_demand,0.0,-1.0,0.1639914943826965
28207,2021-11-30,3,affordable_high_demand,0.0,-1.0,0.2188488670498989
28207,2021-12-31,3,affordable_high_demand,0.0,-1.0,0.2136035901277295
28208,2021-01-31,2,competitive_mid_market,1.0,1.0,0.893595241293525
28208,2021-02-28,2,competitive_mid_market,1.0,1.0,0.920828006372333
28208,2021-03-31,2,competitive_mid_market,1.0,1.0,0.8986610202713664
28208,2021-04-30,2,competitive_mid_market,1.0,1.0,0.9016869191851034
28208,2021-05-31,2,competitive_mid_market,1.0,1.0,0.8504244445490001
28208,2021-06-30,2,competitive_mid_market,0.0,0.0,0.8273261328740025
28208,2021-07-31,2,competitive_mid_market,0.0,0.0,0.7446939114207275
28208,2021-08-31,2,competitive_mid_market,0.0,0.0,0.6264384687719471
28208,2021-09-30,2,competitive_mid_market,0.0,-1.0,0.1454031940242268
28208,2021-10-31,2,competitive_mid_market,0.0,-1.0,0.2219854256994128
28208,2021-11-30,2,competitive_mid_market,0.0,-1.0,0.2059827406405939
28208,2021-12-31,2,competitive_mid_market,0.0,-1.0,0.2257646635902437
28209,2021-01-31,3,affordable_high_demand,1.0,1.0,0.9362764673009518
28209,2021-02-28,3,affordable_high_demand,1.0,1.0,0.9548438647747138
28209,2021-03-31,3,affordable_high_demand,1.0,1.0,0.9001069902621412
28209,2021-04-30,3,affordable_high_demand,1.0,1.0,0.8828281756001417
28209,2021-05-31,3,affordable_high_demand,0.0,0.0,0.6839334113770199
28209,2021-06-30,3,affordable_high_demand,0.0,0.0,0.855512008930029
28209,2021-07-31,3,affordable_high_demand,0.0,0.0,0.8327480576806461
28209,2021-08-31,3,affordable_high_demand,0.0,0.0,0.772587049302587
28209,2021-09-30,3,affordable_high_demand,0.0,0.0,0.6466764987918969
28209,2021-10-31,3,affordable_high_demand,0.0,-1.0,0.4695212327143169
28209,2021-11-30,3,affordable_high_demand,0.0,-1.0,0.7402024396057753
28209,2021-12-31,3,affordable_high_demand,0.0,-1.0,0.6558260868038567
28210,2021-01-31,3,affordable_high_demand,1.0,1.0,0.9856738561667532
28210,2021-02-28,3,affordable_high_demand,1.0,1.0,0.9752946586345144
28210,2021-03-31,3,affordable_high_demand,1.0,1.0,0.9601624539920474
28210,2021-04-30,3,affordable_high_demand,0.0,0.0,0.9533139490372876
28210,2021-05-31,3,affordable_high_demand,0.0,0.0,0.9266376428764456
28210,2021-06-30,3,affordable_high_demand,0.0,0.0,0.8098385084212963
28210,2021-07-31,3,affordable_high_demand,0.0,0.0,0.8080638363749276
28210,2021-08-31,3,affordable_high_demand,0.0,0.0,0.9022624823718348
28210,2021-09-30,3,affordable_high_demand,0.0,0.0,0.6100862953073716
28210,2021-10-31,3,affordable_high_demand,0.0,-1.0,0.6976745388492737
28210,2021-11-30,3,affordable_high_demand,0.0,-1.0,0.8104274400371457
28210,2021-12-31,3,affordable_high_demand,0.0,-1.0,0.8548204811095008
28211,2021-01-31,3,affordable_high_demand,1.0,1.0,0.9631966398265068
28211,2021-02-28,3,affordable_high_demand,1.0,1.0,0.957270858337146
28211,2021-03-31,3,affordable_high_demand,1.0,1.0,0.9166260265952452
28211,2021-04-30,3,affordable_high_demand,0.0,0.0,0.8945705929548801
28211,2021-05-31,3,affordable_high_demand,0.0,0.0,0.8329378594078801
28211,2021-06-30,3,affordable_high_demand,0.0,0.0,0.8676199492909007
28211,2021-07-31,3,affordable_high_demand,0.0,0.0,0.7989719105103199
28211,2021-08-31,3,affordable_high_demand,0.0,0.0,0.6464650771070513
28211,2021-09-30,3,affordable_high_demand,0.0,0.0,0.47336002974286
28211,2021-10-31,3,affordable_high_demand,0.0,-1.0,0.2327968943591295
28211,2021-11-30,3,affordable_high_demand,0.0,-1.0,0.1430830762954602
28211,2021-12-31,3,affordable_high_demand,0.0,-1.0,0.1365335825496621
28212,2021-01-31,2,competitive_mid_market,1.0,1.0,0.7431300583665094
28212,2021-02-28,2,competitive_mid_market,1.0,1.0,0.8316788173288523
28212,2021-03-31,2,competitive_mid_market,1.0,1.0,0.7907675577262919
28212,2021-04-30,2,competitive_mid_market,1.0,1.0,0.7877402567085825
28212,2021-05-31,2,competitive_mid_market,1.0,1.0,0.7055468307133492
28212,2021-06-30,2,competitive_mid_market,1.0,1.0,0.6496063515667168
28212,2021-07-31,2,competitive_mid_market,0.0,0.0,0.5168143483412179
28212,2021-08-31,2,competitive_mid_market,0.0,0.0,0.4291227371175368
28212,2021-09-30,2,competitive_mid_market,0.0,0.0,0.2733773314077551
28212,2021-10-31,2,competitive_mid_market,0.0,-1.0,0.2652311327549955
28212,2021-11-30,2,competitive_mid_market,0.0,-1.0,0.563365718190787
28212,2021-12-31,2,competitive_mid_market,0.0,-1.0,0.4281335483215379
28213,2021-01-31,2,competitive_mid_market,1.0,1.0,0.938509426115284
28213,2021-02-28,2,competitive_mid_market,1.0,1.0,0.9312620814898878
28213,2021-03-31,2,competitive_mid_market,1.0,1.0,0.9126058503454416
28213,2021-04-30,2,competitive_mid_market,1.0,1.0,0.8641314490327058
28213,2021-05-31,2,competitive_mid_market,1.0,1.0,0.8954044908846286
28213,2021-06-30,2,competitive_mid_market,1.0,1.0,0.8395123315685882
28213,2021-07-31,2,competitive_mid_market,1.0,1.0,0.8870802092836841
28213,2021-08-31,2,competitive_mid_market,0.0,0.0,0.6648467672218047
28213,2021-09-30,2,competitive_mid_market,0.0,0.0,0.6328860272374026
28213,2021-10-31,2,competitive_mid_market,0.0,-1.0,0.5778618100334049
28213,2021-11-30,2,competitive_mid_market,0.0,-1.0,0.4668099836381126
28213,2021-12-31,2,competitive_mid_market,0.0,-1.0,0.4827902787698453
28214,2021-01-31,2,competitive_mid_market,1.0,1.0,0.9875715177799548
28214,2021-02-28,2,competitive_mid_market,1.0,1.0,0.9742253214121316
28214,2021-03-31,2,competitive_mid_market,1.0,1.0,0.976234540954161
28214,2021-04-30,2,competitive_mid_market,1.0,1.0,0.9574782091986752
28214,2021-05-31,2,competitive_mid_market,1.0,1.0,0.9351366573353024
28214,2021-06-30,2,competitive_mid_market,1.0,1.0,0.9354214256498145
28214,2021-07-31,2,competitive_mid_market,0.0,0.0,0.9190609466361233
28214,2021-08-31,2,competitive_mid_market,0.0,0.0,0.9177843443983738
28214,2021-09-30,2,competitive_mid_market,0.0,-1.0,0.898442674158528
28214,2021-10-31,2,competitive_mid_market,0.0,-1.0,0.8924290674679082
28214,2021-11-30,2,competitive_mid_market,0.0,-1.0,0.8435760934756109
28214,2021-12-31,2,competitive_mid_market,0.0,-1.0,0.8593245173605809
28215,2021-01-31,2,competitive_mid_market,1.0,1.0,0.9587973704439662
28215,2021-02-28,2,competitive_mid_market,1.0,1.0,0.9565660889430492
28215,2021-03-31,2,competitive_mid_market,1.0,1.0,0.9286137913419352
28215,2021-04-30,2,competitive_mid_market,1.0,1.0,0.9235638434662724
28215,2021-05-31,2,competitive_mid_market,1.0,1.0,0.9293244567487806
28215,2021-06-30,2,competitive_mid_market,1.0,1.0,0.9396136432443049
28215,2021-07-31,2,competitive_mid_market,1.0,1.0,0.8976186447619097
28215,2021-08-31,2,competitive_mid_market,0.0,0.0,0.7248362457865196
28215,2021-09-30,2,competitive_mid_market,0.0,0.0,0.6486532343571995
28215,2021-10-31,2,competitive_mid_market,0.0,-1.0,0.510325520576936
28215,2021-11-30,2,competitive_mid_market,0.0,-1.0,0.5994002269967841
28215,2021-12-31,2,competitive_mid_market,0.0,-1.0,0.5374227947921376
28216,2021-01-31,2,competitive_mid_market,1.0,1.0,0.9502147532935536
28216,2021-02-28,2,competitive_mid_market,1.0,1.0,0.9560215898872184
28216,2021-03-31,2,competitive_mid_market,1.0,1.0,0.9497648574473476
28216,2021-04-30,2,competitive_mid_market,1.0,1.0,0.923569664607292
28216,2021-05-31,2,competitive_mid_market,1.0,1.0,0.8469265007084043
28216,2021-06-30,2,competitive_mid_market,0.0,0.0,0.8716125364504163
28216,2021-07-31,2,competitive_mid_market,0.0,0.0,0.7456762794727536
28216,2021-08-31,2,competitive_mid_market,0.0,0.0,0.6500686325148831
28216,2021-09-30,2,competitive_mid_market,0.0,-1.0,0.5295454899850494
28216,2021-10-31,2,competitive_mid_market,0.0,-1.0,0.4944023178055299
28216,2021-11-30,2,competitive_mid_market,0.0,-1.0,0.5470850609600735
28216,2021-12-31,2,competitive_mid_market,0.0,-1.0,0.60817955923369
28217,2021-01-31,2,competitive_mid_market,1.0,1.0,0.8611168258056056
28217,2021-02-28,2,competitive_mid_market,1.0,1.0,0.940781914928546
28217,2021-03-31,2,competitive_mid_market,1.0,1.0,0.9102250455647882
28217,2021-04-30,2,competitive_mid_market,1.0,1.0,0.8519958728729607
28217,2021-05-31,2,competitive_mid_market,1.0,1.0,0.7337144541382452
28217,2021-06-30,2,competitive_mid_market,0.0,0.0,0.704822633023415
28217,2021-07-31,2,competitive_mid_market,0.0,0.0,0.269965699606866
28217,2021-08-31,2,competitive_mid_market,0.0,-1.0,0.2384851470851964
28217,2021-09-30,2,competitive_mid_market,0.0,-1.0,0.116703541704866
28217,2021-10-31,2,competitive_mid_market,0.0,-1.0,0.2486547207871646
28217,2021-11-30,2,competitive_mid_market,0.0,-1.0,0.327473923217843
28217,2021-12-31,2,competitive_mid_market,0.0,-1.0,0.4351315152859751
28226,2021-01-31,3,affordable_high_demand,1.0,1.0,0.9825534607802944
28226,2021-02-28,3,affordable_high_demand,1.0,1.0,0.9811491092699544
28226,2021-03-31,3,affordable_high_demand,1.0,1.0,0.9721754906426164
28226,2021-04-30,3,affordable_high_demand,1.0,1.0,0.9518296503543398
28226,2021-05-31,3,affordable_high_demand,0.0,0.0,0.939179373842771
28226,2021-06-30,3,affordable_high_demand,0.0,0.0,0.8743098704958888
28226,2021-07-31,3,affordable_high_demand,0.0,0.0,0.8605564483284268
28226,2021-08-31,3,affordable_high_demand,0.0,0.0,0.9128063467487536
28226,2021-09-30,3,affordable_high_demand,0.0,0.0,0.942627354180946
28226,2021-10-31,3,affordable_high_demand,0.0,-1.0,0.9370330354578132
28226,2021-11-30,3,affordable_high_demand,0.0,-1.0,0.9151197442422502
28226,2021-12-31,3,affordable_high_demand,0.0,-1.0,0.9360119984653168
28227,2021-01-31,3,affordable_high_demand,1.0,1.0,0.9635673294409146
28227,2021-02-28,3,affordable_high_demand,1.0,1.0,0.9515914414985616
28227,2021-03-31,3,affordable_high_demand,1.0,1.0,0.9444998900066766
28227,2021-04-30,3,affordable_high_demand,1.0,1.0,0.9329524204816064
28227,2021-05-31,3,affordable_high_demand,0.0,0.0,0.8799115465488715
28227,2021-06-30,3,affordable_high_demand,0.0,0.0,0.7323740116213423
28227,2021-07-31,3,affordable_high_demand,0.0,0.0,0.7384672590613873
28227,2021-08-31,3,affordable_high_demand,0.0,0.0,0.795696153236294
28227,2021-09-30,3,affordable_high_demand,0.0,-1.0,0.8298162590157249
28227,2021-10-31,3,affordable_high_demand,0.0,-1.0,0.7849693448612726
28227,2021-11-30,3,affordable_high_demand,0.0,-1.0,0.6736751088886831
28227,2021-12-31,3,affordable_high_demand,0.0,-1.0,0.6714839250826291
28262,2021-01-31,2,competitive_mid_market,1.0,1.0,0.9541887872000436
28262,2021-02-28,2,competitive_mid_market,1.0,1.0,0.9189367717352416
28262,2021-03-31,2,competitive_mid_market,1.0,1.0,0.9018837986760712
28262,2021-04-30,2,competitive_mid_market,1.0,1.0,0.7758402413564743
28262,2021-05-31,2,competitive_mid_market,1.0,1.0,0.719302564141135
28262,2021-06-30,2,competitive_mid_market,0.0,0.0,0.7604530390881526
28262,2021-07-31,2,competitive_mid_market,0.0,0.0,0.8382540573886054
28262,2021-08-31,2,competitive_mid_market,0.0,0.0,0.5645186727383796
28262,2021-09-30,2,competitive_mid_market,0.0,-1.0,0.7619878786251403
28262,2021-10-31,2,competitive_mid_market,0.0,-1.0,0.6753740316225988
28262,2021-11-30,2,competitive_mid_market,0.0,-1.0,0.5558793900087279
28262,2021-12-31,2,competitive_mid_market,0.0,-1.0,0.4900522569053052
28269,2021-01-31,3,affordable_high_demand,1.0,1.0,0.990792845790744
28269,2021-02-28,3,affordable_high_demand,1.0,1.0,0.9891590493845592
28269,2021-03-31,3,affordable_high_demand,1.0,1.0,0.9819179567698076
28269,2021-04-30,3,affordable_high_demand,1.0,1.0,0.9650919455986804
28269,2021-05-31,3,affordable_high_demand,1.0,1.0,0.9558383860539252
28269,2021-06-30,3,affordable_high_demand,0.0,0.0,0.93848282376564
28269,2021-07-31,3,affordable_high_demand,0.0,0.0,0.9554855413067396
28269,2021-08-31,3,affordable_high_demand,0.0,0.0,0.9088200026733674
28269,2021-09-30,3,affordable_high_demand,0.0,0.0,0.9080036870138152
28269,2021-10-31,3,affordable_high_demand,0.0,-1.0,0.9398190198041328
28269,2021-11-30,3,affordable_high_demand,0.0,-1.0,0.8663482745225382
28269,2021-12-31,3,affordable_high_demand,0.0,-1.0,0.865872730444634
28270,2021-01-31,3,affordable_high_demand,1.0,1.0,0.980402140528447
28270,2021-02-28,3,affordable_high_demand,1.0,1.0,0.9685994750041124
28270,2021-03-31,3,affordable_high_demand,1.0,1.0,0.9585676678946504
28270,2021-04-30,3,affordable_high_demand,1.0,1.0,0.90690190406208
28270,2021-05-31,3,affordable_high_demand,1.0,1.0,0.8958811185734201
28270,2021-06-30,3,affordable_high_demand,1.0,1.0,0.5737814273953594
28270,2021-07-31,3,affordable_high_demand,0.0,0.0,0.6947604015383538
28270,2021-08-31,3,affordable_high_demand,0.0,0.0,0.7271949030705384
28270,2021-09-30,3,affordable_high_demand,0.0,0.0,0.7221100001266372
28270,2021-10-31,3,affordable_high_demand,0.0,0.0,0.7931526597124877
28270,2021-11-30,3,affordable_high_demand,0.0,-1.0,0.8193441025885053
28270,2021-12-31,3,affordable_high_demand,0.0,-1.0,0.7713481970620193
28273,2021-01-31,3,affordable_high_demand,1.0,1.0,0.986585687749457
28273,2021-02-28,3,affordable_high_demand,1.0,1.0,0.9680885655084932
28273,2021-03-31,3,affordable_high_demand,1.0,1.0,0.9671428820834987
28273,2021-04-30,3,affordable_high_demand,1.0,1.0,0.9570033092544968
28273,2021-05-31,3,affordable_high_demand,0.0,0.0,0.9479632069203088
28273,2021-06-30,3,affordable_high_demand,0.0,0.0,0.8906053168739192
28273,2021-07-31,3,affordable_high_demand,0.0,0.0,0.8799207512151642
28273,2021-08-31,3,affordable_high_demand,0.0,0.0,0.7679687301403982
28273,2021-09-30,3,affordable_high_demand,0.0,0.0,0.848574103493829
28273,2021-10-31,3,affordable_high_demand,0.0,-1.0,0.7526915653331698
28273,2021-11-30,3,affordable_high_demand,0.0,-1.0,0.7054330189881718
28273,2021-12-31,3,affordable_high_demand,0.0,-1.0,0.8247426056174113
28277,2021-01-31,3,affordable_high_demand,1.0,1.0,0.9882689638027626
28277,2021-02-28,3,affordable_high_demand,1.0,1.0,0.9711761510273016
28277,2021-03-31,3,affordable_high_demand,1.0,1.0,0.9606667986541017
28277,2021-04-30,3,affordable_high_demand,1.0,1.0,0.959310690567481
28277,2021-05-31,3,affordable_high_demand,1.0,1.0,0.884932166455963
28277,2021-06-30,3,affordable_high_demand,1.0,1.0,0.8745538908266844
28277,2021-07-31,3,affordable_high_demand,0.0,0.0,0.83391363996698
28277,2021-08-31,3,affordable_high_demand,0.0,0.0,0.7996049639971508
28277,2021-09-30,3,affordable_high_demand,0.0,0.0,0.8006365337777093
28277,2021-10-31,3,affordable_high_demand,0.0,-1.0,0.7587113088100953
28277,2021-11-30,3,affordable_high_demand,0.0,-1.0,0.7853248288544665
28277,2021-12-31,3,affordable_high_demand,0.0,-1.0,0.8596444009277011
28278,2021-01-31,3,affordable_high_demand,1.0,1.0,0.9871873305145136
28278,2021-02-28,3,affordable_high_demand,1.0,1.0,0.9788098575471854
28278,2021-03-31,3,affordable_high_demand,1.0,1.0,0.962260754107301
28278,2021-04-30,3,affordable_high_demand,1.0,1.0,0.9427193046426228
28278,2021-05-31,3,affordable_high_demand,0.0,0.0,0.947623981760239
28278,2021-06-30,3,affordable_high_demand,0.0,0.0,0.9376590331924104
28278,2021-07-31,3,affordable_high_demand,0.0,0.0,0.8983603744541456
28278,2021-08-31,3,affordable_high_demand,0.0,0.0,0.8129889608379571
28278,2021-09-30,3,affordable_high_demand,0.0,-1.0,0.8046159436340481
28278,2021-10-31,3,affordable_high_demand,0.0,-1.0,0.7860642736388029
28278,2021-11-30,3,affordable_high_demand,0.0,-1.0,0.8324397135986599
28278,2021-12-31,3,affordable_high_demand,0.0,-1.0,0.8559650447218167
28301,2021-01-31,2,competitive_mid_market,0.0,0.0,0.0829107131629685
28301,2021-02-28,2,competitive_mid_market,0.0,0.0,0.5035988417799782
28301,2021-03-31,2,competitive_mid_market,0.0,0.0,0.3729834946885189
28301,2021-04-30,2,competitive_mid_market,0.0,0.0,0.1372252519965105
28301,2021-05-31,2,competitive_mid_market,0.0,0.0,0.2078882964619874
28301,2021-06-30,2,competitive_mid_market,0.0,0.0,0.1467726663805769
28301,2021-07-31,2,competitive_mid_market,0.0,0.0,0.0432776870580356
28301,2021-08-31,2,competitive_mid_market,0.0,0.0,0.0413070831822757
28301,2021-09-30,2,competitive_mid_market,0.0,0.0,0.041023249776549
28301,2021-10-31,2,competitive_mid_market,0.0,0.0,0.0235144951782374
28301,2021-11-30,2,competitive_mid_market,0.0,0.0,0.0170832274265219
28301,2021-12-31,2,competitive_mid_market,0.0,-1.0,0.0492406492768378
28303,2021-01-31,4,moderate_supply_growing,0.0,0.0,0.623914825192492
28303,2021-02-28,4,moderate_supply_growing,0.0,0.0,0.6004962443079076
28303,2021-03-31,4,moderate_supply_growing,0.0,0.0,0.4718875864841614
28303,2021-04-30,4,moderate_supply_growing,1.0,1.0,0.3694434940206098
28303,2021-05-31,4,moderate_supply_growing,1.0,1.0,0.5588309132540628
28303,2021-06-30,4,moderate_supply_growing,1.0,1.0,0.4276842391911505
28303,2021-07-31,4,moderate_supply_growing,0.0,0.0,0.5167447600254576
28303,2021-08-31,4,moderate_supply_growing,0.0,0.0,0.1973795116297897
28303,2021-09-30,4,moderate_supply_growing,0.0,0.0,0.04765805658587
28303,2021-10-31,4,moderate_supply_growing,0.0,0.0,0.0376925917773808
28303,2021-11-30,4,moderate_supply_growing,0.0,0.0,0.0463163596287037
28303,2021-12-31,4,moderate_supply_growing,0.0,0.0,0.0424520869266412
28304,2021-01-31,4,moderate_supply_growing,1.0,1.0,0.7850661680381947
28304,2021-02-28,4,moderate_supply_growing,1.0,1.0,0.8112407219223461
28304,2021-03-31,4,moderate_supply_growing,1.0,1.0,0.6260919876327005
28304,2021-04-30,4,moderate_supply_growing,1.0,1.0,0.5351410289676545
28304,2021-05-31,4,moderate_supply_growing,1.0,1.0,0.4184890229841662
28304,2021-06-30,4,moderate_supply_growing,1.0,1.0,0.5288030891450609
28304,2021-07-31,4,moderate_supply_growing,0.0,0.0,0.3515205527910853
28304,2021-08-31,4,moderate_supply_growing,0.0,0.0,0.1411861581836023
28304,2021-09-30,4,moderate_supply_growing,0.0,0.0,0.07117929823566
28304,2021-10-31,4,moderate_supply_growing,0.0,0.0,0.0943930399989503
28304,2021-11-30,4,moderate_supply_growing,0.0,0.0,0.1138995847503443
28304,2021-12-31,4,moderate_supply_growing,0.0,0.0,0.2025095483044951
28305,2021-01-31,4,moderate_supply_growing,0.0,0.0,0.6323505021010534
28305,2021-02-28,4,moderate_supply_growing,0.0,0.0,0.7083578502315138
28305,2021-03-31,4,moderate_supply_growing,0.0,0.0,0.7480005903130257
28305,2021-04-30,4,moderate_supply_growing,0.0,0.0,0.5062699855863224
28305,2021-05-31,4,moderate_supply_growing,0.0,0.0,0.6450299133999091
28305,2021-06-30,4,moderate_supply_growing,0.0,0.0,0.4963629446505431
28305,2021-07-31,4,moderate_supply_growing,0.0,0.0,0.3336682049564355
28305,2021-08-31,4,moderate_supply_growing,0.0,0.0,0.0505740094578623
28305,2021-09-30,4,moderate_supply_growing,0.0,0.0,0.0638765742801392
28305,2021-10-31,4,moderate_supply_growing,0.0,0.0,0.0201414990619191
28305,2021-11-30,4,moderate_supply_growing,0.0,0.0,0.0227357773253989
28305,2021-12-31,4,moderate_supply_growing,0.0,0.0,0.0409709042039924
28306,2021-01-31,4,moderate_supply_growing,0.0,0.0,0.7484354787659102
28306,2021-02-28,4,moderate_supply_growing,0.0,0.0,0.8091138067205911
28306,2021-03-31,4,moderate_supply_growing,1.0,1.0,0.794871792774974
28306,2021-04-30,4,moderate_supply_growing,1.0,1.0,0.7721200207408452
28306,2021-05-31,4,moderate_supply_growing,1.0,1.0,0.7203041800078908
28306,2021-06-30,4,moderate_supply_growing,1.0,1.0,0.7188756648203726
28306,2021-07-31,4,moderate_supply_growing,1.0,1.0,0.419683413338815
28306,2021-08-31,4,moderate_supply_growing,0.0,0.0,0.0828327919058881
28306,2021-09-30,4,moderate_supply_growing,0.0,0.0,0.0565038757524287
28306,2021-10-31,4,moderate_supply_growing,0.0,0.0,0.0366939555986875
28306,2021-11-30,4,moderate_supply_growing,0.0,0.0,0.0621564320608915
28306,2021-12-31,4,moderate_supply_growing,0.0,0.0,0.0583468442136071
28311,2021-01-31,4,moderate_supply_growing,0.0,0.0,0.6918002447588221
28311,2021-02-28,4,moderate_supply_growing,0.0,0.0,0.6141966895307844
28311,2021-03-31,4,moderate_supply_growing,0.0,0.0,0.6160335914833143
28311,2021-04-30,4,moderate_supply_growing,1.0,1.0,0.5040788227563704
28311,2021-05-31,4,moderate_supply_growing,1.0,1.0,0.5387671949648247
28311,2021-06-30,4,moderate_supply_growing,1.0,1.0,0.61858802127076
28311,2021-07-31,4,moderate_supply_growing,0.0,0.0,0.2727413042741349
28311,2021-08-31,4,moderate_supply_growing,0.0,0.0,0.0741850773819854
28311,2021-09-30,4,moderate_supply_growing,0.0,0.0,0.0376254980337634
28311,2021-10-31,4,moderate_supply_growing,0.0,0.0,0.0431225621952913
28311,2021-11-30,4,moderate_supply_growing,0.0,0.0,0.0484255450943596
28311,2021-12-31,4,moderate_supply_growing,0.0,0.0,0.0765078007391202
28312,2021-01-31,4,moderate_supply_growing,0.0,0.0,0.7156436358399609
28312,2021-02-28,4,moderate_supply_growing,0.0,0.0,0.7775061800040095
28312,2021-03-31,4,moderate_supply_growing,0.0,0.0,0.8384361916988228
28312,2021-04-30,4,moderate_supply_growing,0.0,0.0,0.6283093842968769
28312,2021-05-31,4,moderate_supply_growing,0.0,0.0,0.4170401230311609
28312,2021-06-30,4,moderate_supply_growing,0.0,0.0,0.6329232954727797
28312,2021-07-31,4,moderate_supply_growing,0.0,0.0,0.2944866646735704
28312,2021-08-31,4,moderate_supply_growing,0.0,0.0,0.0907778775196708
28312,2021-09-30,4,moderate_supply_growing,0.0,0.0,0.0699395941860126
28312,2021-10-31,4,moderate_supply_growing,0.0,0.0,0.0631493348163964
28312,2021-11-30,4,moderate_supply_growing,0.0,-1.0,0.0524858635944932
28312,2021-12-31,4,moderate_supply_growing,0.0,-1.0,0.0740701505375388
28314,2021-01-31,4,moderate_supply_growing,1.0,1.0,0.7453012524468362
28314,2021-02-28,4,moderate_supply_growing,1.0,1.0,0.7838379990810136
28314,2021-03-31,4,moderate_supply_growing,1.0,1.0,0.6932481102449162
28314,2021-04-30,4,moderate_supply_growing,1.0,1.0,0.5414571156170854
28314,2021-05-31,4,moderate_supply_growing,1.0,1.0,0.5836623155305865
28314,2021-06-30,4,moderate_supply_growing,1.0,1.0,0.4877082851689427
28314,2021-07-31,4,moderate_supply_growing,1.0,1.0,0.2764189199498466
28314,2021-08-31,4,moderate_supply_growing,1.0,1.0,0.0706056485128667
28314,2021-09-30,4,moderate_supply_growing,0.0,0.0,0.0459038426983964
28314,2021-10-31,4,moderate_supply_growing,0.0,0.0,0.0573245465974462
28314,2021-11-30,4,moderate_supply_growing,0.0,0.0,0.0400609279371509
28314,2021-12-31,4,moderate_supply_growing,0.0,0.0,0.0551757549933979
28315,2021-01-31,4,moderate_supply_growing,1.0,1.0,0.7771987371737777
28315,2021-02-28,4,moderate_supply_growing,1.0,1.0,0.5911879521624455
28315,2021-03-31,4,moderate_supply_growing,1.0,1.0,0.5648150822999054
28315,2021-04-30,4,moderate_supply_growing,1.0,1.0,0.7009072518569454
28315,2021-05-31,4,moderate_supply_growing,1.0,1.0,0.4538323897030017
28315,2021-06-30,4,moderate_supply_growing,1.0,1.0,0.4559060214631342
28315,2021-07-31,4,moderate_supply_growing,1.0,1.0,0.727794728639347
28315,2021-08-31,4,moderate_supply_growing,1.0,1.0,0.4429315410114707
28315,2021-09-30,4,moderate_supply_growing,0.0,0.0,0.0332178489865696
28315,2021-10-31,4,moderate_supply_growing,0.0,0.0,0.074360689939115
28315,2021-11-30,4,moderate_supply_growing,0.0,0.0,0.1704808382297189
28315,2021-12-31,4,moderate_supply_growing,0.0,0.0,0.2625898879265677
28323,2021-01-31,3,affordable_high_demand,1.0,1.0,0.8733332541741945
28323,2021-02-28,3,affordable_high_demand,1.0,1.0,0.7632490057166548
28323,2021-03-31,3,affordable_high_demand,1.0,1.0,0.83635730440185
28323,2021-04-30,3,affordable_high_demand,1.0,1.0,0.8187802504720828
28323,2021-05-31,3,affordable_high_demand,1.0,1.0,0.8611583389765445
28323,2021-06-30,3,affordable_high_demand,1.0,1.0,0.8598614444277342
28323,2021-07-31,3,affordable_high_demand,0.0,0.0,0.6850889401421959
28323,2021-08-31,3,affordable_high_demand,0.0,0.0,0.5312202909178312
28323,2021-09-30,3,affordable_high_demand,0.0,0.0,0.2376029871368542
28323,2021-10-31,3,affordable_high_demand,0.0,0.0,0.1029616775382789
28323,2021-11-30,3,affordable_high_demand,0.0,-1.0,0.2279555250776117
28323,2021-12-31,3,affordable_high_demand,0.0,-1.0,0.0475449141841598
28326,2021-01-31,3,affordable_high_demand,1.0,1.0,0.9261722920187476
28326,2021-02-28,3,affordable_high_demand,1.0,1.0,0.9278850300944008
28326,2021-03-31,3,affordable_high_demand,1.0,1.0,0.8320097842190053
28326,2021-04-30,3,affordable_high_demand,1.0,1.0,0.7589676497887631
28326,2021-05-31,3,affordable_high_demand,1.0,1.0,0.6656432417478497
28326,2021-06-30,3,affordable_high_demand,1.0,1.0,0.4392819078742389
28326,2021-07-31,3,affordable_high_demand,1.0,1.0,0.5553003210530704
28326,2021-08-31,3,affordable_high_demand,0.0,0.0,0.4707782354799442
28326,2021-09-30,3,affordable_high_demand,0.0,0.0,0.2333166572652446
28326,2021-10-31,3,affordable_high_demand,0.0,0.0,0.2343460217180568
28326,2021-11-30,3,affordable_high_demand,0.0,-1.0,0.4312393939529333
28326,2021-12-31,3,affordable_high_demand,0.0,-1.0,0.434821838715048
28327,2021-01-31,0,high_value_appreciating,1.0,1.0,0.5416111113242101
28327,2021-02-28,0,high_value_appreciating,1.0,1.0,0.5236835206946132
28327,2021-03-31,0,high_value_appreciating,1.0,1.0,0.5662824620116288
28327,2021-04-30,0,high_value_appreciating,1.0,1.0,0.5909309516886159
28327,2021-05-31,0,high_value_appreciating,1.0,1.0,0.7283065424118664
28327,2021-06-30,0,high_value_appreciating,1.0,1.0,0.5086113077041353
28327,2021-07-31,0,high_value_appreciating,1.0,1.0,0.7817422063332419
28327,2021-08-31,0,high_value_appreciating,1.0,1.0,0.815718800315275
28327,2021-09-30,0,high_value_appreciating,1.0,1.0,0.4690333637131904
28327,2021-10-31,0,high_value_appreciating,0.0,0.0,0.4993442452621341
28327,2021-11-30,0,high_value_appreciating,0.0,0.0,0.8177264001133603
28327,2021-12-31,0,high_value_appreciating,0.0,0.0,0.3883357591886234
28333,2021-01-31,4,moderate_supply_growing,0.0,0.0,0.0167250055490138
28333,2021-02-28,4,moderate_supply_growing,0.0,-1.0,0.0281534253092918
28333,2021-03-31,4,moderate_supply_growing,0.0,-1.0,0.1077275659198986
28333,2021-04-30,4,moderate_supply_growing,0.0,0.0,0.0783827753641276
28333,2021-05-31,4,moderate_supply_growing,0.0,0.0,0.194128799037771
28333,2021-06-30,4,moderate_supply_growing,0.0,-1.0,0.2563665998616992
28333,2021-07-31,4,moderate_supply_growing,0.0,-1.0,0.0371729665964884
28333,2021-08-31,4,moderate_supply_growing,0.0,-1.0,0.0375895696884912
28333,2021-09-30,4,moderate_supply_growing,0.0,-1.0,0.0764288386925296
28333,2021-10-31,4,moderate_supply_growing,0.0,-1.0,0.0335109257873678
28333,2021-11-30,4,moderate_supply_growing,0.0,-1.0,0.0135616942647322
28333,2021-12-31,4,moderate_supply_growing,0.0,-1.0,0.014992568739256
28339,2021-01-31,2,competitive_mid_market,0.0,0.0,0.1888383165845263
28339,2021-02-28,2,competitive_mid_market,0.0,0.0,0.3431974796265606
28339,2021-03-31,2,competitive_mid_market,0.0,-1.0,0.3215343810444889
28339,2021-04-30,2,competitive_mid_market,0.0,-1.0,0.3079020792958577
28339,2021-05-31,2,competitive_mid_market,0.0,-1.0,0.3695174988148122
28339,2021-06-30,2,competitive_mid_market,0.0,-1.0,0.4142199560584342
28339,2021-07-31,2,competitive_mid_market,0.0,-1.0,0.3710168752304935
28339,2021-08-31,2,competitive_mid_market,0.0,-1.0,0.1775799090595635
28339,2021-09-30,2,competitive_mid_market,0.0,-1.0,0.3165670302707178
28339,2021-10-31,2,competitive_mid_market,0.0,-1.0,0.1892158453569791
28339,2021-11-30,2,competitive_mid_market,0.0,-1.0,0.0447774886985014
28339,2021-12-31,2,competitive_mid_market,0.0,-1.0,0.0752302113551944
28345,2021-01-31,1,low_activity_cooling,0.0,-1.0,0.0167529967243325
28345,2021-02-28,1,low_activity_cooling,0.0,-1.0,0.0078590066290269
28345,2021-03-31,1,low_activity_cooling,0.0,-1.0,0.1855661084699862
28345,2021-04-30,1,low_activity_cooling,0.0,-1.0,0.1002647654784505
28345,2021-05-31,1,low_activity_cooling,0.0,0.0,0.2668496357308507
28345,2021-06-30,1,low_activity_cooling,0.0,0.0,0.404538200883235
28345,2021-07-31,1,low_activity_cooling,0.0,0.0,0.273000717767368
28345,2021-08-31,1,low_activity_cooling,0.0,0.0,0.8334859376918315
28345,2021-09-30,1,low_activity_cooling,1.0,1.0,0.8649734421866418
28345,2021-10-31,1,low_activity_cooling,1.0,1.0,0.956268084133449
28345,2021-11-30,1,low_activity_cooling,1.0,1.0,0.910351870700656
28345,2021-12-31,1,low_activity_cooling,1.0,1.0,0.9326511270655052
28348,2021-01-31,4,moderate_supply_growing,0.0,0.0,0.5484626504639353
28348,2021-02-28,4,moderate_supply_growing,0.0,0.0,0.606721883841221
28348,2021-03-31,4,moderate_supply_growing,0.0,0.0,0.7025543447418541
28348,2021-04-30,4,moderate_supply_growing,1.0,1.0,0.4889912552383546
28348,2021-05-31,4,moderate_supply_growing,1.0,1.0,0.4697109783802876
28348,2021-06-30,4,moderate_supply_growing,1.0,1.0,0.6172245943300182
28348,2021-07-31,4,moderate_supply_growing,0.0,0.0,0.2312373477477957
28348,2021-08-31,4,moderate_supply_growing,0.0,0.0,0.1096218587408115
28348,2021-09-30,4,moderate_supply_growing,0.0,0.0,0.0976445357248005
28348,2021-10-31,4,moderate_supply_growing,0.0,0.0,0.0467088129761115
28348,2021-11-30,4,moderate_supply_growing,0.0,0.0,0.0590222921680153
28348,2021-12-31,4,moderate_supply_growing,0.0,0.0,0.095363225572831
28352,2021-01-31,4,moderate_supply_growing,1.0,1.0,0.3229548034750252
28352,2021-02-28,4,moderate_supply_growing,1.0,1.0,0.1965597246316092
28352,2021-03-31,4,moderate_supply_growing,0.0,0.0,0.1807862329356515
28352,2021-04-30,4,moderate_supply_growing,0.0,0.0,0.093509035457572
28352,2021-05-31,4,moderate_supply_growing,0.0,0.0,0.3459555833446728
28352,2021-06-30,4,moderate_supply_growing,0.0,0.0,0.2976966647187338
28352,2021-07-31,4,moderate_supply_growing,0.0,0.0,0.3796636474371945
28352,2021-08-31,4,moderate_supply_growing,0.0,0.0,0.0960159298650955
28352,2021-09-30,4,moderate_supply_growing,0.0,0.0,0.0423508626422088
28352,2021-10-31,4,moderate_supply_growing,0.0,0.0,0.038174807873687
28352,2021-11-30,4,moderate_supply_growing,0.0,0.0,0.2472213841993825
28352,2021-12-31,4,moderate_supply_growing,0.0,0.0,0.0866688974153738
28356,2021-01-31,4,moderate_supply_growing,1.0,1.0,0.6694048352155112
28356,2021-02-28,4,moderate_supply_growing,1.0,1.0,0.9004302311467622
28356,2021-03-31,4,moderate_supply_growing,1.0,1.0,0.8715168528651865
28356,2021-04-30,4,moderate_supply_growing,1.0,1.0,0.8835876014913702
28356,2021-05-31,4,moderate_supply_growing,1.0,1.0,0.8700912689521858
28356,2021-06-30,4,moderate_supply_growing,1.0,1.0,0.7740631933943337
28356,2021-07-31,4,moderate_supply_growing,0.0,0.0,0.5199755532848812
28356,2021-08-31,4,moderate_supply_growing,0.0,0.0,0.0384598170592095
28356,2021-09-30,4,moderate_supply_growing,0.0,0.0,0.0584780267690597
28356,2021-10-31,4,moderate_supply_growing,0.0,-1.0,0.0373778232718335
28356,2021-11-30,4,moderate_supply_growing,0.0,-1.0,0.045805385465103
28356,2021-12-31,4,moderate_supply_growing,0.0,-1.0,0.0340209954574005
28357,2021-01-31,1,low_activity_cooling,0.0,-1.0,0.1233352839646347
28357,2021-02-28,1,low_activity_cooling,0.0,0.0,0.0825287734784158
28357,2021-03-31,1,low_activity_cooling,0.0,0.0,0.7243938110628342
28357,2021-04-30,1,low_activity_cooling,0.0,0.0,0.4787855981542995
28357,2021-05-31,1,low_activity_cooling,0.0,-1.0,0.2629863995239014
28357,2021-06-30,1,low_activity_cooling,0.0,0.0,0.6065695029657542
28357,2021-07-31,1,low_activity_cooling,0.0,0.0,0.5893823453535816
28357,2021-08-31,1,low_activity_cooling,0.0,0.0,0.7724790525234586
28357,2021-09-30,1,low_activity_cooling,0.0,0.0,0.7858008646242916
28357,2021-10-31,1,low_activity_cooling,0.0,0.0,0.7560448581366038
28357,2021-11-30,1,low_activity_cooling,0.0,-1.0,0.7449067442933867
28357,2021-12-31,1,low_activity_cooling,0.0,0.0,0.8986546166842891
28358,2021-01-31,4,moderate_supply_growing,1.0,1.0,0.2876933171520829
28358,2021-02-28,4,moderate_supply_growing,0.0,0.0,0.2625260738958512
28358,2021-03-31,4,moderate_supply_growing,0.0,0.0,0.2827109026660798
28358,2021-04-30,4,moderate_supply_growing,0.0,0.0,0.2511783358321959
28358,2021-05-31,4,moderate_supply_growing,0.0,0.0,0.1938752689062046
28358,2021-06-30,4,moderate_supply_growing,0.0,0.0,0.1057399927221275
28358,2021-07-31,4,moderate_supply_growing,0.0,0.0,0.0189967426148049
28358,2021-08-31,4,moderate_supply_growing,0.0,0.0,0.0152586375453561
28358,2021-09-30,4,moderate_supply_growing,0.0,-1.0,0.0236304768194828
28358,2021-10-31,4,moderate_supply_growing,0.0,-1.0,0.027243144186674
28358,2021-11-30,4,moderate_supply_growing,0.0,-1.0,0.2437691271544125
28358,2021-12-31,4,moderate_supply_growing,0.0,0.0,0.1507514285174063
28360,2021-01-31,4,moderate_supply_growing,1.0,1.0,0.1505177870179909
28360,2021-02-28,4,moderate_supply_growing,0.0,0.0,0.1744766778514364
28360,2021-03-31,4,moderate_supply_growing,0.0,0.0,0.315621545859134
28360,2021-04-30,4,moderate_supply_growing,0.0,0.0,0.1736786114618005
28360,2021-05-31,4,moderate_supply_growing,0.0,0.0,0.1166660307101085
28360,2021-06-30,4,moderate_supply_growing,0.0,-1.0,0.0625741553309389
28360,2021-07-31,4,moderate_supply_growing,0.0,-1.0,0.0721347824698222
28360,2021-08-31,4,moderate_supply_growing,0.0,-1.0,0.0346355621714468
28360,2021-09-30,4,moderate_supply_growing,0.0,-1.0,0.0360021974859739
28360,2021-10-31,4,moderate_supply_growing,0.0,-1.0,0.0632265928836648
28360,2021-11-30,4,moderate_supply_growing,0.0,-1.0,0.0550651481723016
28360,2021-12-31,4,moderate_supply_growing,0.0,-1.0,0.021645866705948
28364,2021-01-31,1,low_activity_cooling,0.0,0.0,0.1705931599758862
28364,2021-02-28,1,low_activity_cooling,0.0,0.0,0.1992616652267802
28364,2021-03-31,1,low_activity_cooling,0.0,-1.0,0.2868807934901141
28364,2021-04-30,1,low_activity_cooling,0.0,-1.0,0.701072484432519
28364,2021-05-31,1,low_activity_cooling,0.0,-1.0,0.4519196381953606
28364,2021-06-30,1,low_activity_cooling,0.0,-1.0,0.6020481145196361
28364,2021-07-31,1,low_activity_cooling,0.0,0.0,0.5405985044116864
28364,2021-08-31,1,low_activity_cooling,0.0,0.0,0.371271493555237
28364,2021-09-30,1,low_activity_cooling,0.0,-1.0,0.2006645235406001
28364,2021-10-31,1,low_activity_cooling,0.0,-1.0,0.5884652929977906
28364,2021-11-30,1,low_activity_cooling,0.0,0.0,0.8097266498868486
28364,2021-12-31,1,low_activity_cooling,1.0,1.0,0.2225894216942765
28371,2021-01-31,4,moderate_supply_growing,0.0,0.0,0.2659674978119586
28371,2021-02-28,4,moderate_supply_growing,0.0,0.0,0.2392684893196825
28371,2021-03-31,4,moderate_supply_growing,1.0,1.0,0.373603162274935
28371,2021-04-30,4,moderate_supply_growing,1.0,1.0,0.362566760274473
28371,2021-05-31,4,moderate_supply_growing,0.0,0.0,0.4334230513783683
28371,2021-06-30,4,moderate_supply_growing,0.0,0.0,0.3653325740355214
28371,2021-07-31,4,moderate_supply_growing,0.0,0.0,0.1029833507060191
28371,2021-08-31,4,moderate_supply_growing,0.0,0.0,0.0899248333047741
28371,2021-09-30,4,moderate_supply_growing,0.0,-1.0,0.0336699589024501
28371,2021-10-31,4,moderate_supply_growing,0.0,0.0,0.0795976945229496
28371,2021-11-30,4,moderate_supply_growing,0.0,-1.0,0.1032893214779652
28371,2021-12-31,4,moderate_supply_growing,0.0,-1.0,0.096672936426233
28373,2021-01-31,1,low_activity_cooling,0.0,-1.0,0.1012257768039851
28373,2021-02-28,1,low_activity_cooling,0.0,0.0,0.0584154912067362
28373,2021-03-31,1,low_activity_cooling,1.0,1.0,0.5649722154680602
28373,2021-04-30,1,low_activity_cooling,1.0,1.0,0.8187044612621819
28373,2021-05-31,1,low_activity_cooling,1.0,1.0,0.4213845991700288
28373,2021-06-30,1,low_activity_cooling,1.0,1.0,0.8779130514467683
28373,2021-07-31,1,low_activity_cooling,1.0,1.0,0.8566449901640487
28373,2021-08-31,1,low_activity_cooling,1.0,1.0,0.6279802987029913
28373,2021-09-30,1,low_activity_cooling,1.0,1.0,0.6315476249971989
28373,2021-10-31,1,low_activity_cooling,1.0,1.0,0.547324507660822
28373,2021-11-30,1,low_activity_cooling,1.0,1.0,0.5396482362364041
28373,2021-12-31,1,low_activity_cooling,1.0,1.0,0.4332120099414733
28374,2021-01-31,3,affordable_high_demand,1.0,1.0,0.8459636594306634
28374,2021-02-28,3,affordable_high_demand,1.0,1.0,0.9575114054260374
28374,2021-03-31,3,affordable_high_demand,1.0,1.0,0.8867774992920482
28374,2021-04-30,3,affordable_high_demand,1.0,1.0,0.8461450339750625
28374,2021-05-31,3,affordable_high_demand,1.0,1.0,0.9126945826883804
28374,2021-06-30,3,affordable_high_demand,1.0,1.0,0.761242862487393
28374,2021-07-31,3,affordable_high_demand,1.0,1.0,0.649430048465657
28374,2021-08-31,3,affordable_high_demand,1.0,1.0,0.5363241219917009
28374,2021-09-30,3,affordable_high_demand,1.0,1.0,0.5514787950142044
28374,2021-10-31,3,affordable_high_demand,1.0,1.0,0.494770907491829
28374,2021-11-30,3,affordable_high_demand,0.0,0.0,0.6259192881536847
28374,2021-12-31,3,affordable_high_demand,0.0,0.0,0.6016987569405166
28376,2021-01-31,3,affordable_high_demand,1.0,1.0,0.4978699004111998
28376,2021-02-28,3,affordable_high_demand,1.0,1.0,0.3369269972499835
28376,2021-03-31,3,affordable_high_demand,1.0,1.0,0.3723494962849612
28376,2021-04-30,3,affordable_high_demand,1.0,1.0,0.5750984295684717
28376,2021-05-31,3,affordable_high_demand,1.0,1.0,0.6637946618266085
28376,2021-06-30,3,affordable_high_demand,1.0,1.0,0.5985441227732354
28376,2021-07-31,3,affordable_high_demand,1.0,1.0,0.4134857080092132
28376,2021-08-31,3,affordable_high_demand,0.0,0.0,0.2506688479130888
28376,2021-09-30,3,affordable_high_demand,0.0,0.0,0.0819261012844117
28376,2021-10-31,3,affordable_high_demand,0.0,0.0,0.0726976638098074
28376,2021-11-30,3,affordable_high_demand,0.0,0.0,0.0679803741863227
28376,2021-12-31,3,affordable_high_demand,0.0,0.0,0.20917300722572
28377,2021-01-31,4,moderate_supply_growing,0.0,0.0,0.0588066148145257
28377,2021-02-28,4,moderate_supply_growing,0.0,0.0,0.1135071796288896
28377,2021-03-31,4,moderate_supply_growing,0.0,0.0,0.186282682356167
28377,2021-04-30,4,moderate_supply_growing,0.0,0.0,0.2025215996020694
28377,2021-05-31,4,moderate_supply_growing,1.0,1.0,0.2299923232689769
28377,2021-06-30,4,moderate_supply_growing,0.0,0.0,0.2805344370576678
28377,2021-07-31,4,moderate_supply_growing,0.0,0.0,0.0859260631017477
28377,2021-08-31,4,moderate_supply_growing,0.0,0.0,0.0837268316844574
28377,2021-09-30,4,moderate_supply_growing,0.0,0.0,0.1490314433032853
28377,2021-10-31,4,moderate_supply_growing,0.0,0.0,0.191375103784557
28377,2021-11-30,4,moderate_supply_growing,0.0,0.0,0.3431909865062362
28377,2021-12-31,4,moderate_supply_growing,0.0,0.0,0.2045533461324373
28379,2021-01-31,1,low_activity_cooling,0.0,-1.0,0.0083280610145774
28379,2021-02-28,1,low_activity_cooling,0.0,-1.0,0.007608994493493
28379,2021-03-31,1,low_activity_cooling,0.0,-1.0,0.0223464036076999
28379,2021-04-30,1,low_activity_cooling,0.0,-1.0,0.047369653763933
28379,2021-05-31,1,low_activity_cooling,0.0,0.0,0.2752219418770802
28379,2021-06-30,1,low_activity_cooling,0.0,0.0,0.8126663250804059
28379,2021-07-31,1,low_activity_cooling,1.0,1.0,0.8810963834025386
28379,2021-08-31,1,low_activity_cooling,1.0,1.0,0.7964879611531726
28379,2021-09-30,1,low_activity_cooling,1.0,1.0,0.840298534914851
28379,2021-10-31,1,low_activity_cooling,1.0,1.0,0.8060434414485756
28379,2021-11-30,1,low_activity_cooling,1.0,1.0,0.8824343499333939
28379,2021-12-31,1,low_activity_cooling,1.0,1.0,0.7110845790495385
28384,2021-01-31,1,low_activity_cooling,0.0,0.0,0.2641405713974462
28384,2021-02-28,1,low_activity_cooling,0.0,0.0,0.4780967492801746
28384,2021-03-31,1,low_activity_cooling,0.0,0.0,0.1665914043732851
28384,2021-04-30,1,low_activity_cooling,0.0,0.0,0.3742430107446938
28384,2021-05-31,1,low_activity_cooling,0.0,0.0,0.4988942006680675
28384,2021-06-30,1,low_activity_cooling,0.0,0.0,0.2838895527038663
28384,2021-07-31,1,low_activity_cooling,0.0,0.0,0.0948556384475996
28384,2021-08-31,1,low_activity_cooling,0.0,-1.0,0.0390953456444522
28384,2021-09-30,1,low_activity_cooling,0.0,-1.0,0.194927356991398
28384,2021-10-31,1,low_activity_cooling,0.0,-1.0,0.5312236192620249
28384,2021-11-30,1,low_activity_cooling,0.0,-1.0,0.1600675756041221
28384,2021-12-31,1,low_activity_cooling,0.0,-1.0,0.4694519839018309
28387,2021-01-31,4,moderate_supply_growing,0.0,0.0,0.3203620410971954
28387,2021-02-28,4,moderate_supply_growing,0.0,0.0,0.4627646308864899
28387,2021-03-31,4,moderate_supply_growing,1.0,1.0,0.3859698553301648
28387,2021-04-30,4,moderate_supply_growing,1.0,1.0,0.4007471660765863
28387,2021-05-31,4,moderate_supply_growing,0.0,0.0,0.6193952777817203
28387,2021-06-30,4,moderate_supply_growing,0.0,0.0,0.7583347045823526
28387,2021-07-31,4,moderate_supply_growing,0.0,0.0,0.557685210226459
28387,2021-08-31,4,moderate_supply_growing,1.0,1.0,0.5244863366209981
28387,2021-09-30,4,moderate_supply_growing,1.0,1.0,0.1753893451728921
28387,2021-10-31,4,moderate_supply_growing,1.0,1.0,0.5776035548342376
28387,2021-11-30,4,moderate_supply_growing,0.0,0.0,0.4271081057111619
28387,2021-12-31,4,moderate_supply_growing,0.0,0.0,0.5408078767776606
28390,2021-01-31,4,moderate_supply_growing,1.0,1.0,0.501124403739353
28390,2021-02-28,4,moderate_supply_growing,1.0,1.0,0.7533020998491673
28390,2021-03-31,4,moderate_supply_growing,1.0,1.0,0.781808905321876
28390,2021-04-30,4,moderate_supply_growing,1.0,1.0,0.8010805163252425
28390,2021-05-31,4,moderate_supply_growing,1.0,1.0,0.6974325157618646
28390,2021-06-30,4,moderate_supply_growing,0.0,0.0,0.6149044105955843
28390,2021-07-31,4,moderate_supply_growing,0.0,0.0,0.3984588716560907
28390,2021-08-31,4,moderate_supply_growing,0.0,0.0,0.098270754682141
28390,2021-09-30,4,moderate_supply_growing,0.0,0.0,0.0820088955948707
28390,2021-10-31,4,moderate_supply_growing,0.0,0.0,0.0783326841685528
28390,2021-11-30,4,moderate_supply_growing,0.0,-1.0,0.0958377308247704
28390,2021-12-31,4,moderate_supply_growing,0.0,-1.0,0.0848284087259335
28391,2021-01-31,4,moderate_supply_growing,0.0,0.0,0.8848759068681245
28391,2021-02-28,4,moderate_supply_growing,0.0,0.0,0.9387607460051424
28391,2021-03-31,4,moderate_supply_growing,0.0,0.0,0.9351817873917536
28391,2021-04-30,4,moderate_supply_growing,0.0,0.0,0.8450920138407579
28391,2021-05-31,4,moderate_supply_growing,0.0,0.0,0.8811797567954744
28391,2021-06-30,4,moderate_supply_growing,0.0,0.0,0.7881294738914666
28391,2021-07-31,4,moderate_supply_growing,0.0,0.0,0.3619881267363637
28391,2021-08-31,4,moderate_supply_growing,0.0,0.0,0.1465788930960541
28391,2021-09-30,4,moderate_supply_growing,0.0,0.0,0.1352705701675513
28391,2021-10-31,4,moderate_supply_growing,0.0,0.0,0.0720679271472976
28391,2021-11-30,4,moderate_supply_growing,0.0,-1.0,0.0338900744470157
28391,2021-12-31,4,moderate_supply_growing,0.0,0.0,0.0373473150355628
28394,2021-01-31,4,moderate_supply_growing,0.0,0.0,0.6649744685136623
28394,2021-02-28,4,moderate_supply_growing,0.0,0.0,0.8275042755469323
28394,2021-03-31,4,moderate_supply_growing,0.0,0.0,0.8298119036540093
28394,2021-04-30,4,moderate_supply_growing,0.0,0.0,0.842512846568413
28394,2021-05-31,4,moderate_supply_growing,0.0,0.0,0.733478946251751
28394,2021-06-30,4,moderate_supply_growing,0.0,0.0,0.6333154379090402
28394,2021-07-31,4,moderate_supply_growing,0.0,0.0,0.5189576186793712
28394,2021-08-31,4,moderate_supply_growing,0.0,0.0,0.3944839286284948
28394,2021-09-30,4,moderate_supply_growing,0.0,0.0,0.0309724036282603
28394,2021-10-31,4,moderate_supply_growing,0.0,0.0,0.0393809749477787
28394,2021-11-30,4,moderate_supply_growing,0.0,0.0,0.0613020756723545
28394,2021-12-31,4,moderate_supply_growing,0.0,0.0,0.1067786306730124
28395,2021-01-31,1,low_activity_cooling,0.0,-1.0,0.0939768580400672
28395,2021-02-28,1,low_activity_cooling,0.0,-1.0,0.1096447686881953
28395,2021-03-31,1,low_activity_cooling,0.0,-1.0,0.0228720296204736
28395,2021-04-30,1,low_activity_cooling,0.0,-1.0,0.0234497867134306
28395,2021-05-31,1,low_activity_cooling,0.0,-1.0,0.0169457878475449
28395,2021-06-30,1,low_activity_cooling,0.0,-1.0,0.0783296172865296
28395,2021-07-31,1,low_activity_cooling,0.0,0.0,0.180430010806189
28395,2021-08-31,1,low_activity_cooling,1.0,1.0,0.075658265142613
28395,2021-09-30,1,low_activity_cooling,1.0,1.0,0.0939311068027025
28395,2021-10-31,1,low_activity_cooling,1.0,1.0,0.2127069033170372
28395,2021-11-30,1,low_activity_cooling,1.0,1.0,0.1265997164716652
28395,2021-12-31,1,low_activity_cooling,1.0,1.0,0.1666599165629312
28396,2021-01-31,1,low_activity_cooling,0.0,0.0,0.1141596535436633
28396,2021-02-28,1,low_activity_cooling,0.0,0.0,0.4987842489099069
28396,2021-03-31,1,low_activity_cooling,0.0,0.0,0.23964290366062
28396,2021-04-30,1,low_activity_cooling,0.0,0.0,0.3725028606131681
28396,2021-05-31,1,low_activity_cooling,0.0,0.0,0.3079355990091442
28396,2021-06-30,1,low_activity_cooling,0.0,0.0,0.1097622741081077
28396,2021-07-31,1,low_activity_cooling,0.0,0.0,0.0643202707182927
28396,2021-08-31,1,low_activity_cooling,0.0,0.0,0.2402085158396095
28396,2021-09-30,1,low_activity_cooling,0.0,0.0,0.2906270523150942
28396,2021-10-31,1,low_activity_cooling,0.0,0.0,0.2819185113303786
28396,2021-11-30,1,low_activity_cooling,0.0,0.0,0.6437565397513957
28396,2021-12-31,1,low_activity_cooling,1.0,1.0,0.6636543165002806
28401,2021-01-31,2,competitive_mid_market,0.0,0.0,0.6216689314371266
28401,2021-02-28,2,competitive_mid_market,0.0,0.0,0.5020647118584649
28401,2021-03-31,2,competitive_mid_market,0.0,0.0,0.6911363789520792
28401,2021-04-30,2,competitive_mid_market,0.0,0.0,0.6044519124702954
28401,2021-05-31,2,competitive_mid_market,0.0,0.0,0.6307728421147478
28401,2021-06-30,2,competitive_mid_market,0.0,0.0,0.5865284350119149
28401,2021-07-31,2,competitive_mid_market,0.0,0.0,0.363323473578805
28401,2021-08-31,2,competitive_mid_market,0.0,0.0,0.2479120783494894
28401,2021-09-30,2,competitive_mid_market,0.0,0.0,0.0317622258890073
28401,2021-10-31,2,competitive_mid_market,0.0,0.0,0.07434299107636
28401,2021-11-30,2,competitive_mid_market,0.0,0.0,0.0734630751632616
28401,2021-12-31,2,competitive_mid_market,0.0,0.0,0.0597582441432068
28403,2021-01-31,4,moderate_supply_growing,1.0,1.0,0.6745503540335854
28403,2021-02-28,4,moderate_supply_growing,1.0,1.0,0.7552605168161255
28403,2021-03-31,4,moderate_supply_growing,1.0,1.0,0.8178975914626375
28403,2021-04-30,4,moderate_supply_growing,1.0,1.0,0.8284587167938482
28403,2021-05-31,4,moderate_supply_growing,1.0,1.0,0.7911977971590933
28403,2021-06-30,4,moderate_supply_growing,1.0,1.0,0.7942827884238914
28403,2021-07-31,4,moderate_supply_growing,0.0,0.0,0.8171043349588691
28403,2021-08-31,4,moderate_supply_growing,0.0,0.0,0.5731991455087914
28403,2021-09-30,4,moderate_supply_growing,0.0,0.0,0.0978443637436805
28403,2021-10-31,4,moderate_supply_growing,0.0,0.0,0.0538815201925725
28403,2021-11-30,4,moderate_supply_growing,0.0,0.0,0.0218874461336401
28403,2021-12-31,4,moderate_supply_growing,0.0,0.0,0.0233898857368637
28405,2021-01-31,4,moderate_supply_growing,1.0,1.0,0.6835411815066298
28405,2021-02-28,4,moderate_supply_growing,1.0,1.0,0.8239873216438126
28405,2021-03-31,4,moderate_supply_growing,1.0,1.0,0.7620522616532565
28405,2021-04-30,4,moderate_supply_growing,1.0,1.0,0.7817905635345274
28405,2021-05-31,4,moderate_supply_growing,1.0,1.0,0.849518789504255
28405,2021-06-30,4,moderate_supply_growing,1.0,1.0,0.8544995947186739
28405,2021-07-31,4,moderate_supply_growing,1.0,1.0,0.7955277866249496
28405,2021-08-31,4,moderate_supply_growing,1.0,1.0,0.6900188694719113
28405,2021-09-30,4,moderate_supply_growing,0.0,0.0,0.2756106388563489
28405,2021-10-31,4,moderate_supply_growing,0.0,0.0,0.1517350190494301
28405,2021-11-30,4,moderate_supply_growing,0.0,0.0,0.3425199114287421
28405,2021-12-31,4,moderate_supply_growing,0.0,0.0,0.5490813646373114
28409,2021-01-31,3,affordable_high_demand,1.0,1.0,0.9175110584476716
28409,2021-02-28,3,affordable_high_demand,1.0,1.0,0.9672168900138708
28409,2021-03-31,3,affordable_high_demand,1.0,1.0,0.9789976782162888
28409,2021-04-30,3,affordable_high_demand,1.0,1.0,0.9595825095847133
28409,2021-05-31,3,affordable_high_demand,1.0,1.0,0.9153796424244016
28409,2021-06-30,3,affordable_high_demand,1.0,1.0,0.959707452803492
28409,2021-07-31,3,affordable_high_demand,1.0,1.0,0.9433260685305636
28409,2021-08-31,3,affordable_high_demand,1.0,1.0,0.9209483744217432
28409,2021-09-30,3,affordable_high_demand,0.0,0.0,0.889117158806739
28409,2021-10-31,3,affordable_high_demand,0.0,0.0,0.909699398517
28409,2021-11-30,3,affordable_high_demand,0.0,0.0,0.8181432448314995
28409,2021-12-31,3,affordable_high_demand,0.0,0.0,0.7594938526404518
28411,2021-01-31,3,affordable_high_demand,1.0,1.0,0.9398474091753564
28411,2021-02-28,3,affordable_high_demand,1.0,1.0,0.9675237995142923
28411,2021-03-31,3,affordable_high_demand,1.0,1.0,0.9675060911475
28411,2021-04-30,3,affordable_high_demand,1.0,1.0,0.9352945630066392
28411,2021-05-31,3,affordable_high_demand,1.0,1.0,0.926727166186878
28411,2021-06-30,3,affordable_high_demand,1.0,1.0,0.9406601556002994
28411,2021-07-31,3,affordable_high_demand,1.0,1.0,0.9380062679062302
28411,2021-08-31,3,affordable_high_demand,1.0,1.0,0.9404651739363528
28411,2021-09-30,3,affordable_high_demand,1.0,1.0,0.903090890398452
28411,2021-10-31,3,affordable_high_demand,0.0,0.0,0.9124547096073248
28411,2021-11-30,3,affordable_high_demand,0.0,0.0,0.7853650873863255
28411,2021-12-31,3,affordable_high_demand,0.0,0.0,0.7522036509846415
28412,2021-01-31,3,affordable_high_demand,1.0,1.0,0.2944894817683431
28412,2021-02-28,3,affordable_high_demand,1.0,1.0,0.7739985948157766
28412,2021-03-31,3,affordable_high_demand,1.0,1.0,0.8628931385895876
28412,2021-04-30,3,affordable_high_demand,1.0,1.0,0.8588381857091445
28412,2021-05-31,3,affordable_high_demand,1.0,1.0,0.8938719149105641
28412,2021-06-30,3,affordable_high_demand,1.0,1.0,0.8829890264701631
28412,2021-07-31,3,affordable_high_demand,1.0,1.0,0.8773429933790078
28412,2021-08-31,3,affordable_high_demand,1.0,1.0,0.8860185093752435
28412,2021-09-30,3,affordable_high_demand,0.0,0.0,0.7392957036253245
28412,2021-10-31,3,affordable_high_demand,0.0,0.0,0.7298207518004595
28412,2021-11-30,3,affordable_high_demand,0.0,0.0,0.6112705859813276
28412,2021-12-31,3,affordable_high_demand,0.0,0.0,0.4576657085142438
28422,2021-01-31,0,high_value_appreciating,1.0,1.0,0.8659874363716159
28422,2021-02-28,0,high_value_appreciating,1.0,1.0,0.8957564670046791
28422,2021-03-31,0,high_value_appreciating,1.0,1.0,0.9115941187236608
28422,2021-04-30,0,high_value_appreciating,1.0,1.0,0.943974248693158
28422,2021-05-31,0,high_value_appreciating,0.0,0.0,0.8452099378194965
28422,2021-06-30,0,high_value_appreciating,0.0,0.0,0.7376520373192852
28422,2021-07-31,0,high_value_appreciating,0.0,0.0,0.6384424033149987
28422,2021-08-31,0,high_value_appreciating,0.0,0.0,0.620287551475693
28422,2021-09-30,0,high_value_appreciating,0.0,0.0,0.4438207487408961
28422,2021-10-31,0,high_value_appreciating,0.0,0.0,0.3252233742642604
28422,2021-11-30,0,high_value_appreciating,0.0,0.0,0.3542845342169872
28422,2021-12-31,0,high_value_appreciating,0.0,-1.0,0.3051756241153482
28425,2021-01-31,4,moderate_supply_growing,1.0,1.0,0.4220983101533812
28425,2021-02-28,4,moderate_supply_growing,1.0,1.0,0.50552121157196
28425,2021-03-31,4,moderate_supply_growing,1.0,1.0,0.4517827637122707
28425,2021-04-30,4,moderate_supply_growing,0.0,0.0,0.4264886386339633
28425,2021-05-31,4,moderate_supply_growing,0.0,0.0,0.6379547844435198
28425,2021-06-30,4,moderate_supply_growing,0.0,0.0,0.2651935829243703
28425,2021-07-31,4,moderate_supply_growing,0.0,0.0,0.1226718606837709
28425,2021-08-31,4,moderate_supply_growing,0.0,0.0,0.1260283130730595
28425,2021-09-30,4,moderate_supply_growing,0.0,-1.0,0.0234919237949115
28425,2021-10-31,4,moderate_supply_growing,0.0,-1.0,0.019817633801842
28425,2021-11-30,4,moderate_supply_growing,0.0,-1.0,0.0221110831151626
28425,2021-12-31,4,moderate_supply_growing,0.0,-1.0,0.0183380250823013
28428,2021-01-31,0,high_value_appreciating,1.0,1.0,0.9909980935098944
28428,2021-02-28,0,high_value_appreciating,1.0,1.0,0.9913668394573144
28428,2021-03-31,0,high_value_appreciating,1.0,1.0,0.9874619825035212
28428,2021-04-30,0,high_value_appreciating,1.0,1.0,0.9910783313674456
28428,2021-05-31,0,high_value_appreciating,1.0,1.0,0.970910855278554
28428,2021-06-30,0,high_value_appreciating,1.0,1.0,0.9542845345244793
28428,2021-07-31,0,high_value_appreciating,1.0,1.0,0.793003378331141
28428,2021-08-31,0,high_value_appreciating,1.0,1.0,0.6934870960622979
28428,2021-09-30,0,high_value_appreciating,0.0,0.0,0.7247688721013689
28428,2021-10-31,0,high_value_appreciating,0.0,0.0,0.7110600852387563
28428,2021-11-30,0,high_value_appreciating,0.0,0.0,0.496084608019778
28428,2021-12-31,0,high_value_appreciating,0.0,-1.0,0.6540942526570563
28429,2021-01-31,4,moderate_supply_growing,0.0,0.0,0.3402040568202623
28429,2021-02-28,4,moderate_supply_growing,0.0,0.0,0.5328727796467885
28429,2021-03-31,4,moderate_supply_growing,0.0,0.0,0.6083622909097842
28429,2021-04-30,4,moderate_supply_growing,1.0,1.0,0.7078817704351643
28429,2021-05-31,4,moderate_supply_growing,0.0,0.0,0.6813199356883936
28429,2021-06-30,4,moderate_supply_growing,0.0,0.0,0.7544921213994529
28429,2021-07-31,4,moderate_supply_growing,0.0,0.0,0.7699309398894509
28429,2021-08-31,4,moderate_supply_growing,0.0,0.0,0.3712123163452463
28429,2021-09-30,4,moderate_supply_growing,0.0,0.0,0.109605485344386
28429,2021-10-31,4,moderate_supply_growing,0.0,0.0,0.0541749553689602
28429,2021-11-30,4,moderate_supply_growing,0.0,0.0,0.1477465994006478
28429,2021-12-31,4,moderate_supply_growing,0.0,-1.0,0.1763478489163518
28435,2021-01-31,2,competitive_mid_market,0.0,0.0,0.5902115172611359
28435,2021-02-28,2,competitive_mid_market,1.0,1.0,0.5956915235598653
28435,2021-03-31,2,competitive_mid_market,1.0,1.0,0.5938122180216723
28435,2021-04-30,2,competitive_mid_market,1.0,1.0,0.5819133779633259
28435,2021-05-31,2,competitive_mid_market,1.0,1.0,0.4739663424377776
28435,2021-06-30,2,competitive_mid_market,1.0,1.0,0.6762326871081376
28435,2021-07-31,2,competitive_mid_market,0.0,0.0,0.1062732852520143
28435,2021-08-31,2,competitive_mid_market,0.0,0.0,0.0628178269866867
28435,2021-09-30,2,competitive_mid_market,0.0,0.0,0.183615157614173
28435,2021-10-31,2,competitive_mid_market,0.0,0.0,0.3614000777985536
28435,2021-11-30,2,competitive_mid_market,0.0,0.0,0.1018912726766327
28435,2021-12-31,2,competitive_mid_market,0.0,-1.0,0.3985864272052298
28443,2021-01-31,3,affordable_high_demand,1.0,1.0,0.9608433844627472
28443,2021-02-28,3,affordable_high_demand,1.0,1.0,0.9663067896766256
28443,2021-03-31,3,affordable_high_demand,1.0,1.0,0.985719901460383
28443,2021-04-30,3,affordable_high_demand,1.0,1.0,0.9731848703433
28443,2021-05-31,3,affordable_high_demand,1.0,1.0,0.957095609008039
28443,2021-06-30,3,affordable_high_demand,1.0,1.0,0.8954785344469623
28443,2021-07-31,3,affordable_high_demand,1.0,1.0,0.6884591096729717
28443,2021-08-31,3,affordable_high_demand,0.0,0.0,0.7450534477919829
28443,2021-09-30,3,affordable_high_demand,0.0,0.0,0.8744087612033664
28443,2021-10-31,3,affordable_high_demand,0.0,0.0,0.8690334309564133
28443,2021-11-30,3,affordable_high_demand,0.0,0.0,0.6783899912816237
28443,2021-12-31,3,affordable_high_demand,0.0,-1.0,0.716026859315308
28445,2021-01-31,0,high_value_appreciating,1.0,1.0,0.9597909497388172
28445,2021-02-28,0,high_value_appreciating,1.0,1.0,0.9116471036631502
28445,2021-03-31,0,high_value_appreciating,1.0,1.0,0.9687534546619216
28445,2021-04-30,0,high_value_appreciating,1.0,1.0,0.9834884382098426
28445,2021-05-31,0,high_value_appreciating,1.0,1.0,0.9534951520079415
28445,2021-06-30,0,high_value_appreciating,1.0,1.0,0.9678004129151208
28445,2021-07-31,0,high_value_appreciating,1.0,1.0,0.9444629204806329
28445,2021-08-31,0,high_value_appreciating,1.0,1.0,0.9120705628533804
28445,2021-09-30,0,high_value_appreciating,1.0,1.0,0.8818153745292702
28445,2021-10-31,0,high_value_appreciating,0.0,0.0,0.8968909936023549
28445,2021-11-30,0,high_value_appreciating,0.0,0.0,0.8130450568823852
28445,2021-12-31,0,high_value_appreciating,0.0,0.0,0.8261357585601748
28449,2021-01-31,0,high_value_appreciating,1.0,1.0,0.9592106042836736
28449,2021-02-28,0,high_value_appreciating,1.0,1.0,0.8764656354709734
28449,2021-03-31,0,high_value_appreciating,1.0,1.0,0.8071594469656386
28449,2021-04-30,0,high_value_appreciating,1.0,1.0,0.8491880970615547
28449,2021-05-31,0,high_value_appreciating,1.0,1.0,0.8212162710856352
28449,2021-06-30,0,high_value_appreciating,1.0,1.0,0.799107944641766
28449,2021-07-31,0,high_value_appreciating,1.0,1.0,0.8073098901051493
28449,2021-08-31,0,high_value_appreciating,1.0,1.0,0.6825431470149654
28449,2021-09-30,0,high_value_appreciating,1.0,1.0,0.5773315853846102
28449,2021-10-31,0,high_value_appreciating,0.0,0.0,0.4869971443522627
28449,2021-11-30,0,high_value_appreciating,0.0,0.0,0.424999927648132
28449,2021-12-31,0,high_value_appreciating,0.0,0.0,0.3446378865330375
28451,2021-01-31,3,affordable_high_demand,1.0,1.0,0.8505509492907158
28451,2021-02-28,3,affordable_high_demand,1.0,1.0,0.9404315263710928
28451,2021-03-31,3,affordable_high_demand,1.0,1.0,0.9576074791773358
28451,2021-04-30,3,affordable_high_demand,1.0,1.0,0.9670934291068798
28451,2021-05-31,3,affordable_high_demand,1.0,1.0,0.9304723587879408
28451,2021-06-30,3,affordable_high_demand,1.0,1.0,0.927020203352876
28451,2021-07-31,3,affordable_high_demand,1.0,1.0,0.8864126371986102
28451,2021-08-31,3,affordable_high_demand,1.0,1.0,0.8024896964143202
28451,2021-09-30,3,affordable_high_demand,1.0,1.0,0.8224356634528581
28451,2021-10-31,3,affordable_high_demand,0.0,0.0,0.8177096676229487
28451,2021-11-30,3,affordable_high_demand,0.0,0.0,0.8572445091721993
28451,2021-12-31,3,affordable_high_demand,0.0,0.0,0.7704118842840719
28454,2021-01-31,4,moderate_supply_growing,0.0,0.0,0.0717781440417211
28454,2021-02-28,4,moderate_supply_growing,1.0,1.0,0.1211351859267089
28454,2021-03-31,4,moderate_supply_growing,1.0,1.0,0.2627388572143536
28454,2021-04-30,4,moderate_supply_growing,0.0,0.0,0.1459674536564243
28454,2021-05-31,4,moderate_supply_growing,0.0,0.0,0.1477697879141664
28454,2021-06-30,4,moderate_supply_growing,0.0,0.0,0.1198255579165681
28454,2021-07-31,4,moderate_supply_growing,0.0,0.0,0.141120913118593
28454,2021-08-31,4,moderate_supply_growing,0.0,0.0,0.0380644581058517
28454,2021-09-30,4,moderate_supply_growing,0.0,0.0,0.02388438936557
28454,2021-10-31,4,moderate_supply_growing,0.0,-1.0,0.0445721839910859
28454,2021-11-30,4,moderate_supply_growing,0.0,-1.0,0.0744883130748206
28454,2021-12-31,4,moderate_supply_growing,0.0,0.0,0.0335760452886702
28457,2021-01-31,4,moderate_supply_growing,1.0,1.0,0.7541975216043331
28457,2021-02-28,4,moderate_supply_growing,1.0,1.0,0.7206533388992953
28457,2021-03-31,4,moderate_supply_growing,1.0,1.0,0.7858370449529823
28457,2021-04-30,4,moderate_supply_growing,1.0,1.0,0.6854371442859747
28457,2021-05-31,4,moderate_supply_growing,0.0,0.0,0.5425823795829218
28457,2021-06-30,4,moderate_supply_growing,0.0,0.0,0.4252178043055437
28457,2021-07-31,4,moderate_supply_growing,0.0,0.0,0.2674499511674288
28457,2021-08-31,4,moderate_supply_growing,0.0,0.0,0.3729394441372483
28457,2021-09-30,4,moderate_supply_growing,0.0,0.0,0.0292123502954182
28457,2021-10-31,4,moderate_supply_growing,0.0,0.0,0.0124593056319836
28457,2021-11-30,4,moderate_supply_growing,0.0,0.0,0.0116441775151203
28457,2021-12-31,4,moderate_supply_growing,0.0,-1.0,0.0101503913743202
28460,2021-01-31,3,affordable_high_demand,1.0,1.0,0.9809936368253592
28460,2021-02-28,3,affordable_high_demand,1.0,1.0,0.9829224080212232
28460,2021-03-31,3,affordable_high_demand,1.0,1.0,0.9834790012956792
28460,2021-04-30,3,affordable_high_demand,1.0,1.0,0.9757535186447248
28460,2021-05-31,3,affordable_high_demand,1.0,1.0,0.9726210056621768
28460,2021-06-30,3,affordable_high_demand,1.0,1.0,0.9784217737258544
28460,2021-07-31,3,affordable_high_demand,1.0,1.0,0.9670681776699108
28460,2021-08-31,3,affordable_high_demand,1.0,1.0,0.9453678210752864
28460,2021-09-30,3,affordable_high_demand,1.0,1.0,0.7890970927264015
28460,2021-10-31,3,affordable_high_demand,0.0,0.0,0.8054335409730313
28460,2021-11-30,3,affordable_high_demand,0.0,0.0,0.7705923032596471
28460,2021-12-31,3,affordable_high_demand,0.0,0.0,0.9008124650178772
28461,2021-01-31,0,high_value_appreciating,1.0,1.0,0.9447117195461526
28461,2021-02-28,0,high_value_appreciating,1.0,1.0,0.97377195943052
28461,2021-03-31,0,high_value_appreciating,1.0,1.0,0.985163593392424
28461,2021-04-30,0,high_value_appreciating,1.0,1.0,0.9800213772778116
28461,2021-05-31,0,high_value_appreciating,1.0,1.0,0.975644332979579
28461,2021-06-30,0,high_value_appreciating,1.0,1.0,0.9753038991240404
28461,2021-07-31,0,high_value_appreciating,1.0,1.0,0.9295119300711876
28461,2021-08-31,0,high_value_appreciating,1.0,1.0,0.8486900902294672
28461,2021-09-30,0,high_value_appreciating,0.0,0.0,0.7150762618942262
28461,2021-10-31,0,high_value_appreciating,0.0,0.0,0.6865651718688348
28461,2021-11-30,0,high_value_appreciating,0.0,0.0,0.7208162025915944
28461,2021-12-31,0,high_value_appreciating,0.0,0.0,0.7056282357556124
28462,2021-01-31,0,high_value_appreciating,1.0,1.0,0.8460255694486188
28462,2021-02-28,0,high_value_appreciating,1.0,1.0,0.8628716053598936
28462,2021-03-31,0,high_value_appreciating,1.0,1.0,0.8512139856974422
28462,2021-04-30,0,high_value_appreciating,1.0,1.0,0.809013418582292
28462,2021-05-31,0,high_value_appreciating,1.0,1.0,0.7506700791227446
28462,2021-06-30,0,high_value_appreciating,1.0,1.0,0.7092452170105257
28462,2021-07-31,0,high_value_appreciating,1.0,1.0,0.620752775960131
28462,2021-08-31,0,high_value_appreciating,1.0,1.0,0.382860879213038
28462,2021-09-30,0,high_value_appreciating,0.0,0.0,0.1040652786580868
28462,2021-10-31,0,high_value_appreciating,0.0,0.0,0.1732499639209752
28462,2021-11-30,0,high_value_appreciating,0.0,0.0,0.0617566252842155
28462,2021-12-31,0,high_value_appreciating,0.0,0.0,0.0618359917452575
28465,2021-01-31,0,high_value_appreciating,1.0,1.0,0.9728916367912802
28465,2021-02-28,0,high_value_appreciating,1.0,1.0,0.9835166179162924
28465,2021-03-31,0,high_value_appreciating,1.0,1.0,0.9725623783918874
28465,2021-04-30,0,high_value_appreciating,1.0,1.0,0.9384927119631944
28465,2021-05-31,0,high_value_appreciating,1.0,1.0,0.9589555401028096
28465,2021-06-30,0,high_value_appreciating,1.0,1.0,0.8887631880005786
28465,2021-07-31,0,high_value_appreciating,1.0,1.0,0.85513151224418
28465,2021-08-31,0,high_value_appreciating,1.0,1.0,0.6691420046002049
28465,2021-09-30,0,high_value_appreciating,0.0,0.0,0.4122269763861
28465,2021-10-31,0,high_value_appreciating,0.0,0.0,0.4344878606996836
28465,2021-11-30,0,high_value_appreciating,0.0,0.0,0.4352870950203161
28465,2021-12-31,0,high_value_appreciating,0.0,-1.0,0.4475187975337429
28467,2021-01-31,0,high_value_appreciating,1.0,1.0,0.8612317713688263
28467,2021-02-28,0,high_value_appreciating,1.0,1.0,0.8660075318129791
28467,2021-03-31,0,high_value_appreciating,1.0,1.0,0.8792002339346725
28467,2021-04-30,0,high_value_appreciating,1.0,1.0,0.971715255139565
28467,2021-05-31,0,high_value_appreciating,1.0,1.0,0.9803095544085516
28467,2021-06-30,0,high_value_appreciating,1.0,1.0,0.963856867949501
28467,2021-07-31,0,high_value_appreciating,1.0,1.0,0.9395064004069956
28467,2021-08-31,0,high_value_appreciating,0.0,0.0,0.8598061661894963
28467,2021-09-30,0,high_value_appreciating,0.0,0.0,0.8134024781167195
28467,2021-10-31,0,high_value_appreciating,0.0,0.0,0.7982995399826961
28467,2021-11-30,0,high_value_appreciating,0.0,0.0,0.6337532945895399
28467,2021-12-31,0,high_value_appreciating,0.0,0.0,0.5914040919094254
28468,2021-01-31,0,high_value_appreciating,1.0,1.0,0.8917176763205668
28468,2021-02-28,0,high_value_appreciating,1.0,1.0,0.90967812008667
28468,2021-03-31,0,high_value_appreciating,1.0,1.0,0.8631673068860104
28468,2021-04-30,0,high_value_appreciating,1.0,1.0,0.9180063658844176
28468,2021-05-31,0,high_value_appreciating,1.0,1.0,0.9205188373108052
28468,2021-06-30,0,high_value_appreciating,1.0,1.0,0.910833920154836
28468,2021-07-31,0,high_value_appreciating,1.0,1.0,0.7434323448904475
28468,2021-08-31,0,high_value_appreciating,1.0,1.0,0.6040295797568558
28468,2021-09-30,0,high_value_appreciating,1.0,1.0,0.6328792605778202
28468,2021-10-31,0,high_value_appreciating,0.0,0.0,0.577296319583015
28468,2021-11-30,0,high_value_appreciating,0.0,0.0,0.5695773096672881
28468,2021-12-31,0,high_value_appreciating,0.0,0.0,0.2472798786567513
28469,2021-01-31,0,high_value_appreciating,1.0,1.0,0.946567614664927
28469,2021-02-28,0,high_value_appreciating,1.0,1.0,0.960142236565328
28469,2021-03-31,0,high_value_appreciating,1.0,1.0,0.9664583326731936
28469,2021-04-30,0,high_value_appreciating,1.0,1.0,0.9468459088435974
28469,2021-05-31,0,high_value_appreciating,1.0,1.0,0.9457637436104668
28469,2021-06-30,0,high_value_appreciating,1.0,1.0,0.9471934728485067
28469,2021-07-31,0,high_value_appreciating,1.0,1.0,0.8664902410289929
28469,2021-08-31,0,high_value_appreciating,1.0,1.0,0.7491523740524862
28469,2021-09-30,0,high_value_appreciating,1.0,1.0,0.6729213457815623
28469,2021-10-31,0,high_value_appreciating,0.0,0.0,0.6511100567124709
28469,2021-11-30,0,high_value_appreciating,0.0,0.0,0.6973431772746782
28469,2021-12-31,0,high_value_appreciating,0.0,0.0,0.6063070519503947
28470,2021-01-31,0,high_value_appreciating,0.0,0.0,0.7227499126321884
28470,2021-02-28,0,high_value_appreciating,1.0,1.0,0.8146932756852194
28470,2021-03-31,0,high_value_appreciating,0.0,0.0,0.7353339535817603
28470,2021-04-30,0,high_value_appreciating,0.0,0.0,0.6505753983966092
28470,2021-05-31,0,high_value_appreciating,0.0,0.0,0.4567101704493949
28470,2021-06-30,0,high_value_appreciating,0.0,0.0,0.4477644999908345
28470,2021-07-31,0,high_value_appreciating,0.0,0.0,0.4991406496523574
28470,2021-08-31,0,high_value_appreciating,0.0,0.0,0.23050619670074
28470,2021-09-30,0,high_value_appreciating,0.0,-1.0,0.0844114015885584
28470,2021-10-31,0,high_value_appreciating,0.0,-1.0,0.0302652814586617
28470,2021-11-30,0,high_value_appreciating,0.0,-1.0,0.0619652037453344
28470,2021-12-31,0,high_value_appreciating,0.0,-1.0,0.071071685245734
28478,2021-01-31,2,competitive_mid_market,1.0,1.0,0.1797770423332952
28478,2021-02-28,2,competitive_mid_market,1.0,1.0,0.4244343074441765
28478,2021-03-31,2,competitive_mid_market,1.0,1.0,0.1712143539127339
28478,2021-04-30,2,competitive_mid_market,0.0,0.0,0.2829655753187434
28478,2021-05-31,2,competitive_mid_market,0.0,0.0,0.1968091913934219
28478,2021-06-30,2,competitive_mid_market,0.0,-1.0,0.0930906093707946
28478,2021-07-31,2,competitive_mid_market,0.0,-1.0,0.0475813458359097
28478,2021-08-31,2,competitive_mid_market,0.0,-1.0,0.0617690910117187
28478,2021-09-30,2,competitive_mid_market,0.0,-1.0,0.0333970503181633
28478,2021-10-31,2,competitive_mid_market,0.0,-1.0,0.0562858919346209
28478,2021-11-30,2,competitive_mid_market,0.0,-1.0,0.0174118863899438
28478,2021-12-31,2,competitive_mid_market,0.0,-1.0,0.0220894707243707
28479,2021-01-31,3,affordable_high_demand,1.0,1.0,0.9203915752590772
28479,2021-02-28,3,affordable_high_demand,1.0,1.0,0.9287046658365864
28479,2021-03-31,3,affordable_high_demand,1.0,1.0,0.7505956631816376
28479,2021-04-30,3,affordable_high_demand,1.0,1.0,0.69803347632571
28479,2021-05-31,3,affordable_high_demand,1.0,1.0,0.8067520399412118
28479,2021-06-30,3,affordable_high_demand,1.0,1.0,0.7556225363107824
28479,2021-07-31,3,affordable_high_demand,1.0,1.0,0.669506366220357
28479,2021-08-31,3,affordable_high_demand,1.0,1.0,0.6071699537424833
28479,2021-09-30,3,affordable_high_demand,0.0,0.0,0.4995144004337224
28479,2021-10-31,3,affordable_high_demand,0.0,0.0,0.2536505748069499
28479,2021-11-30,3,affordable_high_demand,0.0,-1.0,0.2286401915276545
28479,2021-12-31,3,affordable_high_demand,0.0,-1.0,0.1094573698298016
28480,2021-01-31,0,high_value_appreciating,1.0,1.0,0.8225039721759291
28480,2021-02-28,0,high_value_appreciating,1.0,1.0,0.9254887598103057
28480,2021-03-31,0,high_value_appreciating,1.0,1.0,0.947773246540689
28480,2021-04-30,0,high_value_appreciating,1.0,1.0,0.854381213369283
28480,2021-05-31,0,high_value_appreciating,1.0,1.0,0.6401759106405333
28480,2021-06-30,0,high_value_appreciating,1.0,1.0,0.5512707170315034
28480,2021-07-31,0,high_value_appreciating,1.0,1.0,0.4127568678206979
28480,2021-08-31,0,high_value_appreciating,0.0,0.0,0.2876987092536182
28480,2021-09-30,0,high_value_appreciating,0.0,0.0,0.4274442768082849
28480,2021-10-31,0,high_value_appreciating,0.0,0.0,0.3883996864927735
28480,2021-11-30,0,high_value_appreciating,0.0,0.0,0.1049260046380296
28480,2021-12-31,0,high_value_appreciating,0.0,-1.0,0.1312747018955695
28501,2021-01-31,4,moderate_supply_growing,1.0,1.0,0.3653746831860971
28501,2021-02-28,4,moderate_supply_growing,1.0,1.0,0.3374347087343951
28501,2021-03-31,4,moderate_supply_growing,1.0,1.0,0.4347308541238271
28501,2021-04-30,4,moderate_supply_growing,1.0,1.0,0.3739202617725038
28501,2021-05-31,4,moderate_supply_growing,0.0,0.0,0.3656616147814854
28501,2021-06-30,4,moderate_supply_growing,0.0,0.0,0.2552369707517434
28501,2021-07-31,4,moderate_supply_growing,0.0,0.0,0.0712326266739504
28501,2021-08-31,4,moderate_supply_growing,0.0,-1.0,0.046049064570976
28501,2021-09-30,4,moderate_supply_growing,0.0,-1.0,0.0625121421142913
28501,2021-10-31,4,moderate_supply_growing,0.0,-1.0,0.0261222628330834
28501,2021-11-30,4,moderate_supply_growing,0.0,-1.0,0.251133168046385
28501,2021-12-31,4,moderate_supply_growing,0.0,-1.0,0.1688743641058795
28504,2021-01-31,4,moderate_supply_growing,1.0,1.0,0.4445911318439886
28504,2021-02-28,4,moderate_supply_growing,1.0,1.0,0.3512346511516445
28504,2021-03-31,4,moderate_supply_growing,1.0,1.0,0.4120654025298428
28504,2021-04-30,4,moderate_supply_growing,1.0,1.0,0.3919434290455803
28504,2021-05-31,4,moderate_supply_growing,0.0,0.0,0.2327926273598113
28504,2021-06-30,4,moderate_supply_growing,0.0,0.0,0.171763964626851
28504,2021-07-31,4,moderate_supply_growing,0.0,0.0,0.1163220661108501
28504,2021-08-31,4,moderate_supply_growing,0.0,0.0,0.0378700036707715
28504,2021-09-30,4,moderate_supply_growing,0.0,-1.0,0.0064828882004327
28504,2021-10-31,4,moderate_supply_growing,0.0,-1.0,0.0128401201841159
28504,2021-11-30,4,moderate_supply_growing,0.0,-1.0,0.0270423427259615
28504,2021-12-31,4,moderate_supply_growing,0.0,-1.0,0.069073289101297
28510,2021-01-31,0,high_value_appreciating,1.0,1.0,0.670123205643547
28510,2021-02-28,0,high_value_appreciating,1.0,1.0,0.6327799979955634
28510,2021-03-31,0,high_value_appreciating,1.0,1.0,0.1666978846018162
28510,2021-04-30,0,high_value_appreciating,1.0,1.0,0.407184156902394
28510,2021-05-31,0,high_value_appreciating,1.0,1.0,0.3510275261784768
28510,2021-06-30,0,high_value_appreciating,1.0,1.0,0.2437360833621732
28510,2021-07-31,0,high_value_appreciating,1.0,1.0,0.3149628956634926
28510,2021-08-31,0,high_value_appreciating,1.0,1.0,0.2097697978679494
28510,2021-09-30,0,high_value_appreciating,1.0,1.0,0.2668041744046124
28510,2021-10-31,0,high_value_appreciating,0.0,0.0,0.1731346498638469
28510,2021-11-30,0,high_value_appreciating,0.0,0.0,0.0811529526453689
28510,2021-12-31,0,high_value_appreciating,0.0,0.0,0.0361636072597128
28512,2021-01-31,0,high_value_appreciating,1.0,1.0,0.9758008018241088
28512,2021-02-28,0,high_value_appreciating,1.0,1.0,0.9646261706705436
28512,2021-03-31,0,high_value_appreciating,1.0,1.0,0.95138898616395
28512,2021-04-30,0,high_value_appreciating,1.0,1.0,0.8346332012794082
28512,2021-05-31,0,high_value_appreciating,1.0,1.0,0.7039606087456993
28512,2021-06-30,0,high_value_appreciating,1.0,1.0,0.7127460765574751
28512,2021-07-31,0,high_value_appreciating,0.0,0.0,0.649138471770565
28512,2021-08-31,0,high_value_appreciating,0.0,0.0,0.3611461460132231
28512,2021-09-30,0,high_value_appreciating,0.0,0.0,0.3921355574733168
28512,2021-10-31,0,high_value_appreciating,0.0,-1.0,0.3215791600761345
28512,2021-11-30,0,high_value_appreciating,0.0,-1.0,0.4516144340645857
28512,2021-12-31,0,high_value_appreciating,0.0,-1.0,0.5163762881850099
28513,2021-01-31,4,moderate_supply_growing,0.0,0.0,0.1051846763936251
28513,2021-02-28,4,moderate_supply_growing,0.0,0.0,0.1015914713520539
28513,2021-03-31,4,moderate_supply_growing,0.0,0.0,0.2802500062790738
28513,2021-04-30,4,moderate_supply_growing,0.0,0.0,0.2175683317031327
28513,2021-05-31,4,moderate_supply_growing,0.0,0.0,0.2598403512956962
28513,2021-06-30,4,moderate_supply_growing,0.0,0.0,0.2648760027304442
28513,2021-07-31,4,moderate_supply_growing,0.0,-1.0,0.3219435201398172
28513,2021-08-31,4,moderate_supply_growing,0.0,-1.0,0.1025044595928674
28513,2021-09-30,4,moderate_supply_growing,0.0,-1.0,0.0146593057776346
28513,2021-10-31,4,moderate_supply_growing,0.0,-1.0,0.0428531968994141
28513,2021-11-30,4,moderate_supply_growing,0.0,-1.0,0.0688573495632159
28513,2021-12-31,4,moderate_supply_growing,0.0,-1.0,0.0460800007824082
28516,2021-01-31,0,high_value_appreciating,1.0,1.0,0.7140439261402094
28516,2021-02-28,0,high_value_appreciating,1.0,1.0,0.8236126922505408
28516,2021-03-31,0,high_value_appreciating,1.0,1.0,0.7257158395379733
28516,2021-04-30,0,high_value_appreciating,1.0,1.0,0.779404340991544
28516,2021-05-31,0,high_value_appreciating,1.0,1.0,0.520824923969571
28516,2021-06-30,0,high_value_appreciating,1.0,1.0,0.6404168876124154
28516,2021-07-31,0,high_value_appreciating,0.0,0.0,0.4624981828876778
28516,2021-08-31,0,high_value_appreciating,0.0,0.0,0.1147598462845147
28516,2021-09-30,0,high_value_appreciating,0.0,0.0,0.0369264781969279
28516,2021-10-31,0,high_value_appreciating,0.0,0.0,0.0491257492711046
28516,2021-11-30,0,high_value_appreciating,0.0,0.0,0.1506753466621984
28516,2021-12-31,0,high_value_appreciating,0.0,-1.0,0.266362416665557
28530,2021-01-31,2,competitive_mid_market,0.0,0.0,0.1192483300058819
28530,2021-02-28,2,competitive_mid_market,0.0,0.0,0.0568897592350727
28530,2021-03-31,2,competitive_mid_market,0.0,0.0,0.042609475747179
28530,2021-04-30,2,competitive_mid_market,0.0,0.0,0.0600421470482583
28530,2021-05-31,2,competitive_mid_market,0.0,-1.0,0.0655273283925371
28530,2021-06-30,2,competitive_mid_market,0.0,0.0,0.1340864412043065
28530,2021-07-31,2,competitive_mid_market,0.0,0.0,0.0923387332673065
28530,2021-08-31,2,competitive_mid_market,0.0,0.0,0.1287891747645476
28530,2021-09-30,2,competitive_mid_market,0.0,0.0,0.0644362147893949
28530,2021-10-31,2,competitive_mid_market,0.0,-1.0,0.1715268761363331
28530,2021-11-30,2,competitive_mid_market,0.0,0.0,0.0765242640811978
28530,2021-12-31,2,competitive_mid_market,0.0,-1.0,0.0234827138112009
28531,2021-01-31,4,moderate_supply_growing,0.0,0.0,0.1423196571524872
28531,2021-02-28,4,moderate_supply_growing,0.0,0.0,0.1174907869626427
28531,2021-03-31,4,moderate_supply_growing,0.0,0.0,0.1690255904441253
28531,2021-04-30,4,moderate_supply_growing,0.0,0.0,0.1757723882783519
28531,2021-05-31,4,moderate_supply_growing,0.0,0.0,0.2626864804565708
28531,2021-06-30,4,moderate_supply_growing,0.0,0.0,0.5564836407273971
28531,2021-07-31,4,moderate_supply_growing,0.0,0.0,0.124383605145881
28531,2021-08-31,4,moderate_supply_growing,0.0,0.0,0.0516551294569481
28531,2021-09-30,4,moderate_supply_growing,0.0,-1.0,0.0366799679308348
28531,2021-10-31,4,moderate_supply_growing,0.0,-1.0,0.0233172888804207
28531,2021-11-30,4,moderate_supply_growing,0.0,-1.0,0.019308117055129
28531,2021-12-31,4,moderate_supply_growing,0.0,-1.0,0.0432499366585574
28532,2021-01-31,4,moderate_supply_growing,1.0,1.0,0.2800033810945176
28532,2021-02-28,4,moderate_supply_growing,1.0,1.0,0.3552742114141546
28532,2021-03-31,4,moderate_supply_growing,1.0,1.0,0.5221129192567407
28532,2021-04-30,4,moderate_supply_growing,1.0,1.0,0.7009028409649108
28532,2021-05-31,4,moderate_supply_growing,1.0,1.0,0.6456089590789729
28532,2021-06-30,4,moderate_supply_growing,1.0,1.0,0.7141153077378846
28532,2021-07-31,4,moderate_supply_growing,0.0,0.0,0.4721436368064993
28532,2021-08-31,4,moderate_supply_growing,0.0,0.0,0.1537424113275547
28532,2021-09-30,4,moderate_supply_growing,0.0,0.0,0.0829828367572687
28532,2021-10-31,4,moderate_supply_growing,0.0,0.0,0.0706703339550882
28532,2021-11-30,4,moderate_supply_growing,0.0,0.0,0.0560590305272279
28532,2021-12-31,4,moderate_supply_growing,0.0,0.0,0.0453716249793218
28539,2021-01-31,4,moderate_supply_growing,0.0,0.0,0.4894883171243483
28539,2021-02-28,4,moderate_supply_growing,1.0,1.0,0.6958174999308748
28539,2021-03-31,4,moderate_supply_growing,1.0,1.0,0.7729748873377479
28539,2021-04-30,4,moderate_supply_growing,1.0,1.0,0.7652338547805151
28539,2021-05-31,4,moderate_supply_growing,1.0,1.0,0.7921654615888556
28539,2021-06-30,4,moderate_supply_growing,1.0,1.0,0.8031186533917957
28539,2021-07-31,4,moderate_supply_growing,1.0,1.0,0.8376410111421606
28539,2021-08-31,4,moderate_supply_growing,1.0,1.0,0.6920878199480271
28539,2021-09-30,4,moderate_supply_growing,0.0,0.0,0.3737761559376537
28539,2021-10-31,4,moderate_supply_growing,0.0,0.0,0.065333234271448
28539,2021-11-30,4,moderate_supply_growing,0.0,0.0,0.0887413439655186
28539,2021-12-31,4,moderate_supply_growing,0.0,0.0,0.0504038345184295
28540,2021-01-31,4,moderate_supply_growing,0.0,0.0,0.3719246195863909
28540,2021-02-28,4,moderate_supply_growing,1.0,1.0,0.4638314686916014
28540,2021-03-31,4,moderate_supply_growing,1.0,1.0,0.456190879039759
28540,2021-04-30,4,moderate_supply_growing,1.0,1.0,0.4902340361257474
28540,2021-05-31,4,moderate_supply_growing,1.0,1.0,0.4607610622090386
28540,2021-06-30,4,moderate_supply_growing,1.0,1.0,0.5320968308424582
28540,2021-07-31,4,moderate_supply_growing,1.0,1.0,0.326149203210601
28540,2021-08-31,4,moderate_supply_growing,1.0,1.0,0.3079194691160092
28540,2021-09-30,4,moderate_supply_growing,0.0,0.0,0.0838077374191861
28540,2021-10-31,4,moderate_supply_growing,0.0,0.0,0.062916069650694
28540,2021-11-30,4,moderate_supply_growing,0.0,0.0,0.0600825510646124
28540,2021-12-31,4,moderate_supply_growing,0.0,0.0,0.0744395408294869
28544,2021-01-31,4,moderate_supply_growing,0.0,0.0,0.5365633975891746
28544,2021-02-28,4,moderate_supply_growing,0.0,0.0,0.5654431527350455
28544,2021-03-31,4,moderate_supply_growing,0.0,0.0,0.6598431639613024
28544,2021-04-30,4,moderate_supply_growing,0.0,0.0,0.2155443642708869
28544,2021-05-31,4,moderate_supply_growing,0.0,0.0,0.1928460984636024
28544,2021-06-30,4,moderate_supply_growing,1.0,1.0,0.1639034774558598
28544,2021-07-31,4,moderate_supply_growing,0.0,0.0,0.103051991280021
28544,2021-08-31,4,moderate_supply_growing,0.0,0.0,0.201094083613964
28544,2021-09-30,4,moderate_supply_growing,1.0,1.0,0.0791778095716878
28544,2021-10-31,4,moderate_supply_growing,0.0,0.0,0.1112795197713563
28544,2021-11-30,4,moderate_supply_growing,0.0,0.0,0.3878604794020186
28544,2021-12-31,4,moderate_supply_growing,0.0,0.0,0.1515601516461164
28546,2021-01-31,4,moderate_supply_growing,1.0,1.0,0.3042140107177507
28546,2021-02-28,4,moderate_supply_growing,1.0,1.0,0.3727313977666053
28546,2021-03-31,4,moderate_supply_growing,1.0,1.0,0.4614483053945876
28546,2021-04-30,4,moderate_supply_growing,1.0,1.0,0.4890060982236606
28546,2021-05-31,4,moderate_supply_growing,1.0,1.0,0.4634549192793674
28546,2021-06-30,4,moderate_supply_growing,1.0,1.0,0.4900018782246264
28546,2021-07-31,4,moderate_supply_growing,1.0,1.0,0.3957892986041085
28546,2021-08-31,4,moderate_supply_growing,1.0,1.0,0.238842626231247
28546,2021-09-30,4,moderate_supply_growing,0.0,0.0,0.070540208537944
28546,2021-10-31,4,moderate_supply_growing,0.0,0.0,0.053485338566997
28546,2021-11-30,4,moderate_supply_growing,0.0,0.0,0.0604528575847147
28546,2021-12-31,4,moderate_supply_growing,0.0,0.0,0.0406311933894945
28551,2021-01-31,4,moderate_supply_growing,0.0,0.0,0.0992880489508469
28551,2021-02-28,4,moderate_supply_growing,0.0,0.0,0.0983240479257486
28551,2021-03-31,4,moderate_supply_growing,0.0,0.0,0.3670519579187649
28551,2021-04-30,4,moderate_supply_growing,0.0,0.0,0.3118828455674108
28551,2021-05-31,4,moderate_supply_growing,0.0,0.0,0.477199479547821
28551,2021-06-30,4,moderate_supply_growing,0.0,0.0,0.3711368252698233
28551,2021-07-31,4,moderate_supply_growing,0.0,0.0,0.2898059016527588
28551,2021-08-31,4,moderate_supply_growing,0.0,-1.0,0.1278242812541562
28551,2021-09-30,4,moderate_supply_growing,0.0,-1.0,0.0638202496475193
28551,2021-10-31,4,moderate_supply_growing,0.0,-1.0,0.0590916237035163
28551,2021-11-30,4,moderate_supply_growing,0.0,-1.0,0.1185820272218028
28551,2021-12-31,4,moderate_supply_growing,0.0,-1.0,0.1482358131265441
28555,2021-01-31,4,moderate_supply_growing,0.0,0.0,0.1813014707678548
28555,2021-02-28,4,moderate_supply_growing,0.0,0.0,0.2490020361744902
28555,2021-03-31,4,moderate_supply_growing,0.0,0.0,0.2451207382072918
28555,2021-04-30,4,moderate_supply_growing,0.0,0.0,0.1672524342873477
28555,2021-05-31,4,moderate_supply_growing,0.0,0.0,0.1463850362345729
28555,2021-06-30,4,moderate_supply_growing,0.0,-1.0,0.1889539370010714
28555,2021-07-31,4,moderate_supply_growing,0.0,-1.0,0.0845162551167067
28555,2021-08-31,4,moderate_supply_growing,0.0,-1.0,0.0225141315830446
28555,2021-09-30,4,moderate_supply_growing,0.0,-1.0,0.0256838124618332
28555,2021-10-31,4,moderate_supply_growing,0.0,-1.0,0.0629024479404119
28555,2021-11-30,4,moderate_supply_growing,0.0,-1.0,0.1203695376866915
28555,2021-12-31,4,moderate_supply_growing,0.0,-1.0,0.0665300099476439
28557,2021-01-31,4,moderate_supply_growing,1.0,1.0,0.7770105714857636
28557,2021-02-28,4,moderate_supply_growing,1.0,1.0,0.8798160150917831
28557,2021-03-31,4,moderate_supply_growing,1.0,1.0,0.7170624380897522
28557,2021-04-30,4,moderate_supply_growing,1.0,1.0,0.8576046982616449
28557,2021-05-31,4,moderate_supply_growing,0.0,0.0,0.8213860720332473
28557,2021-06-30,4,moderate_supply_growing,0.0,0.0,0.6659283109038349
28557,2021-07-31,4,moderate_supply_growing,0.0,0.0,0.4716468309930764
28557,2021-08-31,4,moderate_supply_growing,0.0,0.0,0.4218743322705278
28557,2021-09-30,4,moderate_supply_growing,0.0,0.0,0.0398055429667431
28557,2021-10-31,4,moderate_supply_growing,0.0,0.0,0.066593780077778
28557,2021-11-30,4,moderate_supply_growing,0.0,0.0,0.0995803973451166
28557,2021-12-31,4,moderate_supply_growing,0.0,0.0,0.2181467474226941
28560,2021-01-31,4,moderate_supply_growing,1.0,1.0,0.5063612473530297
28560,2021-02-28,4,moderate_supply_growing,1.0,1.0,0.7265606093651718
28560,2021-03-31,4,moderate_supply_growing,1.0,1.0,0.7902737303655879
28560,2021-04-30,4,moderate_supply_growing,1.0,1.0,0.8892711282346581
28560,2021-05-31,4,moderate_supply_growing,1.0,1.0,0.9003745423405933
28560,2021-06-30,4,moderate_supply_growing,1.0,1.0,0.8465152585938772
28560,2021-07-31,4,moderate_supply_growing,1.0,1.0,0.5000759878970445
28560,2021-08-31,4,moderate_supply_growing,1.0,1.0,0.1143566355026135
28560,2021-09-30,4,moderate_supply_growing,0.0,0.0,0.0273710380330132
28560,2021-10-31,4,moderate_supply_growing,0.0,0.0,0.0268581342924969
28560,2021-11-30,4,moderate_supply_growing,0.0,0.0,0.0537855928444664
28560,2021-12-31,4,moderate_supply_growing,0.0,0.0,0.0833356578309509
28562,2021-01-31,4,moderate_supply_growing,1.0,1.0,0.5162540635937118
28562,2021-02-28,4,moderate_supply_growing,1.0,1.0,0.6444778929099447
28562,2021-03-31,4,moderate_supply_growing,1.0,1.0,0.722675783889641
28562,2021-04-30,4,moderate_supply_growing,1.0,1.0,0.8698270482883044
28562,2021-05-31,4,moderate_supply_growing,1.0,1.0,0.8561983760228958
28562,2021-06-30,4,moderate_supply_growing,1.0,1.0,0.8901754993429002
28562,2021-07-31,4,moderate_supply_growing,1.0,1.0,0.9195882200785558
28562,2021-08-31,4,moderate_supply_growing,1.0,1.0,0.8661656687478997
28562,2021-09-30,4,moderate_supply_growing,1.0,1.0,0.3452019279950394
28562,2021-10-31,4,moderate_supply_growing,0.0,0.0,0.2187583403228191
28562,2021-11-30,4,moderate_supply_growing,0.0,0.0,0.2469678750877686
28562,2021-12-31,4,moderate_supply_growing,0.0,0.0,0.5778848229733733
28570,2021-01-31,4,moderate_supply_growing,1.0,1.0,0.7156671886598805
28570,2021-02-28,4,moderate_supply_growing,1.0,1.0,0.8359748065292355
28570,2021-03-31,4,moderate_supply_growing,1.0,1.0,0.7223367043390457
28570,2021-04-30,4,moderate_supply_growing,1.0,1.0,0.7167927088104856
28570,2021-05-31,4,moderate_supply_growing,0.0,0.0,0.7493090322212964
28570,2021-06-30,4,moderate_supply_growing,0.0,0.0,0.6817144410077293
28570,2021-07-31,4,moderate_supply_growing,0.0,0.0,0.6182339052132991
28570,2021-08-31,4,moderate_supply_growing,0.0,0.0,0.3645662448623189
28570,2021-09-30,4,moderate_supply_growing,0.0,0.0,0.0709313393763903
28570,2021-10-31,4,moderate_supply_growing,0.0,-1.0,0.0216818192985102
28570,2021-11-30,4,moderate_supply_growing,0.0,-1.0,0.0202399018313481
28570,2021-12-31,4,moderate_supply_growing,0.0,-1.0,0.0260188537191827
28571,2021-01-31,0,high_value_appreciating,1.0,1.0,0.8109525350138539
28571,2021-02-28,0,high_value_appreciating,1.0,1.0,0.6408635852770932
28571,2021-03-31,0,high_value_appreciating,1.0,1.0,0.3867162183913606
28571,2021-04-30,0,high_value_appreciating,1.0,1.0,0.5105929294135546
28571,2021-05-31,0,high_value_appreciating,1.0,1.0,0.7636038877093904
28571,2021-06-30,0,high_value_appreciating,0.0,0.0,0.5765206290461177
28571,2021-07-31,0,high_value_appreciating,0.0,0.0,0.3084923771026207
28571,2021-08-31,0,high_value_appreciating,0.0,0.0,0.2147699860786263
28571,2021-09-30,0,high_value_appreciating,0.0,-1.0,0.1140586230679519
28571,2021-10-31,0,high_value_appreciating,0.0,-1.0,0.0906510868367338
28571,2021-11-30,0,high_value_appreciating,0.0,-1.0,0.0594922614545605
28571,2021-12-31,0,high_value_appreciating,0.0,-1.0,0.0384219701562693
28573,2021-01-31,0,high_value_appreciating,1.0,1.0,0.3751395947023039
28573,2021-02-28,0,high_value_appreciating,1.0,1.0,0.2128923849365469
28573,2021-03-31,0,high_value_appreciating,0.0,0.0,0.1415020969909323
28573,2021-04-30,0,high_value_appreciating,0.0,0.0,0.1556217357570683
28573,2021-05-31,0,high_value_appreciating,0.0,0.0,0.2505561098607469
28573,2021-06-30,0,high_value_appreciating,0.0,0.0,0.413517065133598
28573,2021-07-31,0,high_value_appreciating,0.0,0.0,0.1595079064894401
28573,2021-08-31,0,high_value_appreciating,0.0,0.0,0.1060293400197404
28573,2021-09-30,0,high_value_appreciating,0.0,-1.0,0.1064707419159273
28573,2021-10-31,0,high_value_appreciating,0.0,-1.0,0.0779896704139271
28573,2021-11-30,0,high_value_appreciating,0.0,0.0,0.3498323243919082
28573,2021-12-31,0,high_value_appreciating,0.0,0.0,0.3039308946705237
28574,2021-01-31,4,moderate_supply_growing,1.0,1.0,0.3102017996152162
28574,2021-02-28,4,moderate_supply_growing,1.0,1.0,0.4231988416522081
28574,2021-03-31,4,moderate_supply_growing,1.0,1.0,0.5786074327663948
28574,2021-04-30,4,moderate_supply_growing,1.0,1.0,0.5774722625206258
28574,2021-05-31,4,moderate_supply_growing,1.0,1.0,0.6682044253644482
28574,2021-06-30,4,moderate_supply_growing,1.0,1.0,0.4807557855877267
28574,2021-07-31,4,moderate_supply_growing,1.0,1.0,0.4720642597366767
28574,2021-08-31,4,moderate_supply_growing,1.0,1.0,0.2636660182884698
28574,2021-09-30,4,moderate_supply_growing,0.0,0.0,0.1166172635219251
28574,2021-10-31,4,moderate_supply_growing,0.0,0.0,0.0691423566580685
28574,2021-11-30,4,moderate_supply_growing,0.0,0.0,0.1320552134305949
28574,2021-12-31,4,moderate_supply_growing,0.0,0.0,0.1700317571906175
28582,2021-01-31,4,moderate_supply_growing,1.0,1.0,0.7344154607437358
28582,2021-02-28,4,moderate_supply_growing,1.0,1.0,0.7111385411978507
28582,2021-03-31,4,moderate_supply_growing,1.0,1.0,0.7846676544677368
28582,2021-04-30,4,moderate_supply_growing,1.0,1.0,0.4889482367688395
28582,2021-05-31,4,moderate_supply_growing,1.0,1.0,0.7379369450292247
28582,2021-06-30,4,moderate_supply_growing,1.0,1.0,0.6024106947418321
28582,2021-07-31,4,moderate_supply_growing,1.0,1.0,0.441564160400657
28582,2021-08-31,4,moderate_supply_growing,0.0,0.0,0.5712644145536759
28582,2021-09-30,4,moderate_supply_growing,0.0,0.0,0.3759534533001866
28582,2021-10-31,4,moderate_supply_growing,0.0,0.0,0.2845358405340124
28582,2021-11-30,4,moderate_supply_growing,0.0,0.0,0.1945398366077738
28582,2021-12-31,4,moderate_supply_growing,0.0,-1.0,0.3323676447455457
28584,2021-01-31,4,moderate_supply_growing,1.0,1.0,0.7704873859002126
28584,2021-02-28,4,moderate_supply_growing,1.0,1.0,0.9636252627777347
28584,2021-03-31,4,moderate_supply_growing,1.0,1.0,0.9783901589885378
28584,2021-04-30,4,moderate_supply_growing,1.0,1.0,0.9775098703214252
28584,2021-05-31,4,moderate_supply_growing,1.0,1.0,0.9724000589717492
28584,2021-06-30,4,moderate_supply_growing,1.0,1.0,0.9697639759671148
28584,2021-07-31,4,moderate_supply_growing,1.0,1.0,0.9557493093679996
28584,2021-08-31,4,moderate_supply_growing,0.0,0.0,0.9095451247507956
28584,2021-09-30,4,moderate_supply_growing,0.0,0.0,0.8308534439285564
28584,2021-10-31,4,moderate_supply_growing,0.0,0.0,0.7129307807249621
28584,2021-11-30,4,moderate_supply_growing,0.0,0.0,0.4461660897056161
28584,2021-12-31,4,moderate_supply_growing,0.0,0.0,0.2966584775621845
28585,2021-01-31,0,high_value_appreciating,1.0,1.0,0.3146163871162461
28585,2021-02-28,0,high_value_appreciating,0.0,0.0,0.1903864335101996
28585,2021-03-31,0,high_value_appreciating,0.0,0.0,0.2692580492831293
28585,2021-04-30,0,high_value_appreciating,1.0,1.0,0.2570371822871076
28585,2021-05-31,0,high_value_appreciating,0.0,0.0,0.3425020613335735
28585,2021-06-30,0,high_value_appreciating,0.0,0.0,0.3398036783443273
28585,2021-07-31,0,high_value_appreciating,0.0,0.0,0.2399783793441052
28585,2021-08-31,0,high_value_appreciating,0.0,-1.0,0.0520547809818086
28585,2021-09-30,0,high_value_appreciating,0.0,-1.0,0.0948086738906812
28585,2021-10-31,0,high_value_appreciating,0.0,-1.0,0.2275662754893842
28585,2021-11-30,0,high_value_appreciating,0.0,-1.0,0.2623342932294735
28585,2021-12-31,0,high_value_appreciating,0.0,-1.0,0.2684504611122696
28586,2021-01-31,4,moderate_supply_growing,0.0,0.0,0.2465544327249214
28586,2021-02-28,4,moderate_supply_growing,0.0,0.0,0.2000869278289012
28586,2021-03-31,4,moderate_supply_growing,0.0,0.0,0.1200042874524505
28586,2021-04-30,4,moderate_supply_growing,0.0,0.0,0.2205691683102524
28586,2021-05-31,4,moderate_supply_growing,0.0,0.0,0.218893369423937
28586,2021-06-30,4,moderate_supply_growing,0.0,0.0,0.1932275889082661
28586,2021-07-31,4,moderate_supply_growing,0.0,0.0,0.0139903600784495
28586,2021-08-31,4,moderate_supply_growing,0.0,0.0,0.0208283105832734
28586,2021-09-30,4,moderate_supply_growing,0.0,0.0,0.0201540760277744
28586,2021-10-31,4,moderate_supply_growing,0.0,0.0,0.0663136487738323
28586,2021-11-30,4,moderate_supply_growing,0.0,0.0,0.0519206887561179
28586,2021-12-31,4,moderate_supply_growing,1.0,1.0,0.0212335956684886
28590,2021-01-31,3,affordable_high_demand,1.0,1.0,0.7141497697970082
28590,2021-02-28,3,affordable_high_demand,1.0,1.0,0.6528617824006885
28590,2021-03-31,3,affordable_high_demand,1.0,1.0,0.7907252481120173
28590,2021-04-30,3,affordable_high_demand,1.0,1.0,0.853811422814508
28590,2021-05-31,3,affordable_high_demand,1.0,1.0,0.8294650434022923
28590,2021-06-30,3,affordable_high_demand,0.0,0.0,0.7427558847866985
28590,2021-07-31,3,affordable_high_demand,0.0,0.0,0.6308646733489464
28590,2021-08-31,3,affordable_high_demand,0.0,0.0,0.5147509938476056
28590,2021-09-30,3,affordable_high_demand,0.0,0.0,0.5284852719465991
28590,2021-10-31,3,affordable_high_demand,0.0,0.0,0.5927087661343099
28590,2021-11-30,3,affordable_high_demand,0.0,0.0,0.3463720197694064
28590,2021-12-31,3,affordable_high_demand,0.0,0.0,0.4250477895310283
28594,2021-01-31,0,high_value_appreciating,1.0,1.0,0.988406073806013
28594,2021-02-28,0,high_value_appreciating,1.0,1.0,0.9854037802264622
28594,2021-03-31,0,high_value_appreciating,1.0,1.0,0.9621790982123292
28594,2021-04-30,0,high_value_appreciating,1.0,1.0,0.9584905609012792
28594,2021-05-31,0,high_value_appreciating,1.0,1.0,0.9059868780326356
28594,2021-06-30,0,high_value_appreciating,1.0,1.0,0.8761130544855946
28594,2021-07-31,0,high_value_appreciating,1.0,1.0,0.7617377612449263
28594,2021-08-31,0,high_value_appreciating,1.0,1.0,0.7086104773019234
28594,2021-09-30,0,high_value_appreciating,0.0,0.0,0.6298937474079768
28594,2021-10-31,0,high_value_appreciating,0.0,0.0,0.4600018680409225
28594,2021-11-30,0,high_value_appreciating,0.0,0.0,0.3300156928220001
28594,2021-12-31,0,high_value_appreciating,0.0,-1.0,0.3946506299332913
28601,2021-01-31,2,competitive_mid_market,1.0,1.0,0.9175319814118882
28601,2021-02-28,2,competitive_mid_market,1.0,1.0,0.9489547420372512
28601,2021-03-31,2,competitive_mid_market,1.0,1.0,0.9415332290383142
28601,2021-04-30,2,competitive_mid_market,1.0,1.0,0.9655739989270484
28601,2021-05-31,2,competitive_mid_market,1.0,1.0,0.90051119354257
28601,2021-06-30,2,competitive_mid_market,1.0,1.0,0.9231906931613688
28601,2021-07-31,2,competitive_mid_market,0.0,0.0,0.8758715029001551
28601,2021-08-31,2,competitive_mid_market,0.0,0.0,0.70023567230862
28601,2021-09-30,2,competitive_mid_market,0.0,0.0,0.222258257086748
28601,2021-10-31,2,competitive_mid_market,0.0,0.0,0.215587341593615
28601,2021-11-30,2,competitive_mid_market,0.0,-1.0,0.1971206063339984
28601,2021-12-31,2,competitive_mid_market,0.0,-1.0,0.2043721299723171
28602,2021-01-31,2,competitive_mid_market,1.0,1.0,0.9112333187632043
28602,2021-02-28,2,competitive_mid_market,1.0,1.0,0.8844897631811208
28602,2021-03-31,2,competitive_mid_market,1.0,1.0,0.8686153539460593
28602,2021-04-30,2,competitive_mid_market,1.0,1.0,0.7856840343190982
28602,2021-05-31,2,competitive_mid_market,1.0,1.0,0.7097577744748066
28602,2021-06-30,2,competitive_mid_market,0.0,0.0,0.7089611486624404
28602,2021-07-31,2,competitive_mid_market,0.0,0.0,0.5306030915482364
28602,2021-08-31,2,competitive_mid_market,0.0,0.0,0.3428371110918988
28602,2021-09-30,2,competitive_mid_market,0.0,0.0,0.3268935397088163
28602,2021-10-31,2,competitive_mid_market,0.0,-1.0,0.3395599868533515
28602,2021-11-30,2,competitive_mid_market,0.0,-1.0,0.0510892829913604
28602,2021-12-31,2,competitive_mid_market,0.0,-1.0,0.0683261803302284
28604,2021-01-31,0,high_value_appreciating,1.0,1.0,0.969752706475719
28604,2021-02-28,0,high_value_appreciating,1.0,1.0,0.9591480555722978
28604,2021-03-31,0,high_value_appreciating,1.0,1.0,0.9161688226976016
28604,2021-04-30,0,high_value_appreciating,1.0,1.0,0.7315381583161602
28604,2021-05-31,0,high_value_appreciating,1.0,1.0,0.6505525556703955
28604,2021-06-30,0,high_value_appreciating,1.0,1.0,0.626625309157971
28604,2021-07-31,0,high_value_appreciating,1.0,1.0,0.6170193169466024
28604,2021-08-31,0,high_value_appreciating,0.0,0.0,0.3354251792963539
28604,2021-09-30,0,high_value_appreciating,0.0,0.0,0.3000195290349028
28604,2021-10-31,0,high_value_appreciating,0.0,-1.0,0.3507029735884303
28604,2021-11-30,0,high_value_appreciating,0.0,-1.0,0.5397972741435416
28604,2021-12-31,0,high_value_appreciating,0.0,-1.0,0.4736823395854146
28605,2021-01-31,0,high_value_appreciating,1.0,1.0,0.9064959590444172
28605,2021-02-28,0,high_value_appreciating,1.0,1.0,0.8281177125474246
28605,2021-03-31,0,high_value_appreciating,1.0,1.0,0.7359113372072522
28605,2021-04-30,0,high_value_appreciating,1.0,1.0,0.6147723147138987
28605,2021-05-31,0,high_value_appreciating,1.0,1.0,0.7290624204710004
28605,2021-06-30,0,high_value_appreciating,0.0,0.0,0.445564086004329
28605,2021-07-31,0,high_value_appreciating,0.0,0.0,0.405136133228349
28605,2021-08-31,0,high_value_appreciating,0.0,0.0,0.4065206607861326
28605,2021-09-30,0,high_value_appreciating,0.0,0.0,0.1287529862729072
28605,2021-10-31,0,high_value_appreciating,0.0,-1.0,0.0544166581746767
28605,2021-11-30,0,high_value_appreciating,0.0,-1.0,0.1013914119601616
28605,2021-12-31,0,high_value_appreciating,0.0,-1.0,0.0465111513385504
28607,2021-01-31,0,high_value_appreciating,1.0,1.0,0.9024767691247696
28607,2021-02-28,0,high_value_appreciating,1.0,1.0,0.6558748924397074
28607,2021-03-31,0,high_value_appreciating,1.0,1.0,0.6788254050501858
28607,2021-04-30,0,high_value_appreciating,1.0,1.0,0.4671191647366953
28607,2021-05-31,0,high_value_appreciating,0.0,0.0,0.47746971680314
28607,2021-06-30,0,high_value_appreciating,0.0,0.0,0.7036438072488927
28607,2021-07-31,0,high_value_appreciating,0.0,0.0,0.483708645342956
28607,2021-08-31,0,high_value_appreciating,0.0,0.0,0.2616860453039141
28607,2021-09-30,0,high_value_appreciating,0.0,0.0,0.0609354183760527
28607,2021-10-31,0,high_value_appreciating,0.0,-1.0,0.052799032466685
28607,2021-11-30,0,high_value_appreciating,0.0,-1.0,0.2791291325746705
28607,2021-12-31,0,high_value_appreciating,0.0,-1.0,0.2114700214425796
28613,2021-01-31,1,low_activity_cooling,1.0,1.0,0.966791810494127
28613,2021-02-28,1,low_activity_cooling,1.0,1.0,0.9769987491716688
28613,2021-03-31,1,low_activity_cooling,1.0,1.0,0.9817920316441784
28613,2021-04-30,1,low_activity_cooling,1.0,1.0,0.964006390205787
28613,2021-05-31,1,low_activity_cooling,1.0,1.0,0.9665053647832748
28613,2021-06-30,1,low_activity_cooling,1.0,1.0,0.9376410542577608
28613,2021-07-31,1,low_activity_cooling,1.0,1.0,0.8822412902330283
28613,2021-08-31,1,low_activity_cooling,1.0,1.0,0.6369631946835611
28613,2021-09-30,1,low_activity_cooling,0.0,0.0,0.4262036627456408
28613,2021-10-31,1,low_activity_cooling,0.0,0.0,0.1297711082504601
28613,2021-11-30,1,low_activity_cooling,0.0,-1.0,0.1481000848188969
28613,2021-12-31,1,low_activity_cooling,0.0,-1.0,0.2986063815359525
28618,2021-01-31,0,high_value_appreciating,1.0,1.0,0.5576749074357036
28618,2021-02-28,0,high_value_appreciating,1.0,1.0,0.5032757649541392
28618,2021-03-31,0,high_value_appreciating,1.0,1.0,0.4641970119897053
28618,2021-04-30,0,high_value_appreciating,1.0,1.0,0.3219088330136424
28618,2021-05-31,0,high_value_appreciating,0.0,0.0,0.6169015274468966
28618,2021-06-30,0,high_value_appreciating,0.0,0.0,0.4880931782812825
28618,2021-07-31,0,high_value_appreciating,0.0,0.0,0.2763463841730679
28618,2021-08-31,0,high_value_appreciating,0.0,-1.0,0.2056133305494241
28618,2021-09-30,0,high_value_appreciating,0.0,-1.0,0.0511102948438683
28618,2021-10-31,0,high_value_appreciating,0.0,-1.0,0.0429578813639678
28618,2021-11-30,0,high_value_appreciating,0.0,-1.0,0.0811608356424232
28618,2021-12-31,0,high_value_appreciating,0.0,-1.0,0.0700645352586258
28621,2021-01-31,2,competitive_mid_market,0.0,0.0,0.1749736650975722
28621,2021-02-28,2,competitive_mid_market,0.0,0.0,0.0923234444950449
28621,2021-03-31,2,competitive_mid_market,1.0,1.0,0.2241819290196583
28621,2021-04-30,2,competitive_mid_market,0.0,0.0,0.1772086247117511
28621,2021-05-31,2,competitive_mid_market,0.0,0.0,0.3225797425085851
28621,2021-06-30,2,competitive_mid_market,0.0,0.0,0.3077051418174426
28621,2021-07-31,2,competitive_mid_market,0.0,0.0,0.4093738197898275
28621,2021-08-31,2,competitive_mid_market,0.0,0.0,0.2903171573786127
28621,2021-09-30,2,competitive_mid_market,0.0,0.0,0.0591600730360624
28621,2021-10-31,2,competitive_mid_market,0.0,-1.0,0.0500433552992721
28621,2021-11-30,2,competitive_mid_market,0.0,0.0,0.0907829828301291
28621,2021-12-31,2,competitive_mid_market,0.0,0.0,0.1477152426294088
28624,2021-01-31,2,competitive_mid_market,1.0,1.0,0.3145426804537329
28624,2021-02-28,2,competitive_mid_market,1.0,1.0,0.5522425236239986
28624,2021-03-31,2,competitive_mid_market,1.0,1.0,0.2593476933561003
28624,2021-04-30,2,competitive_mid_market,1.0,1.0,0.1871126224730585
28624,2021-05-31,2,competitive_mid_market,0.0,0.0,0.2236766573392316
28624,2021-06-30,2,competitive_mid_market,0.0,0.0,0.27847297916936
28624,2021-07-31,2,competitive_mid_market,0.0,0.0,0.2453182907586188
28624,2021-08-31,2,competitive_mid_market,0.0,0.0,0.058654538349191
28624,2021-09-30,2,competitive_mid_market,0.0,0.0,0.0419613825229137
28624,2021-10-31,2,competitive_mid_market,0.0,0.0,0.0750665537123154
28624,2021-11-30,2,competitive_mid_market,0.0,0.0,0.087514721265385
28624,2021-12-31,2,competitive_mid_market,0.0,0.0,0.0425411296503532
28625,2021-01-31,2,competitive_mid_market,1.0,1.0,0.851697298108292
28625,2021-02-28,2,competitive_mid_market,1.0,1.0,0.9347617613834104
28625,2021-03-31,2,competitive_mid_market,1.0,1.0,0.8372218316798749
28625,2021-04-30,2,competitive_mid_market,0.0,0.0,0.6927774516857366
28625,2021-05-31,2,competitive_mid_market,0.0,0.0,0.7256725280184847
28625,2021-06-30,2,competitive_mid_market,0.0,0.0,0.6274460938060159
28625,2021-07-31,2,competitive_mid_market,0.0,-1.0,0.4898456028460833
28625,2021-08-31,2,competitive_mid_market,0.0,-1.0,0.1741785267453023
28625,2021-09-30,2,competitive_mid_market,0.0,-1.0,0.1256570195242575
28625,2021-10-31,2,competitive_mid_market,0.0,-1.0,0.1226405712946171
28625,2021-11-30,2,competitive_mid_market,0.0,-1.0,0.182314627808417
28625,2021-12-31,2,competitive_mid_market,0.0,-1.0,0.1904247563563577
28634,2021-01-31,1,low_activity_cooling,1.0,1.0,0.6992831541487818
28634,2021-02-28,1,low_activity_cooling,1.0,1.0,0.8736127937439895
28634,2021-03-31,1,low_activity_cooling,0.0,0.0,0.8349928859510654
28634,2021-04-30,1,low_activity_cooling,0.0,0.0,0.8934788749589581
28634,2021-05-31,1,low_activity_cooling,0.0,0.0,0.704514326975459
28634,2021-06-30,1,low_activity_cooling,0.0,0.0,0.8845771622462978
28634,2021-07-31,1,low_activity_cooling,1.0,1.0,0.794480848457525
28634,2021-08-31,1,low_activity_cooling,0.0,0.0,0.1512920952675578
28634,2021-09-30,1,low_activity_cooling,0.0,-1.0,0.8303210111306076
28634,2021-10-31,1,low_activity_cooling,0.0,0.0,0.8152233390262034
28634,2021-11-30,1,low_activity_cooling,0.0,0.0,0.7688970064971316
28634,2021-12-31,1,low_activity_cooling,0.0,0.0,0.7203312564417164
28635,2021-01-31,1,low_activity_cooling,1.0,1.0,0.5213972483642452
28635,2021-02-28,1,low_activity_cooling,1.0,1.0,0.4162750412133205
28635,2021-03-31,1,low_activity_cooling,0.0,0.0,0.3679524047533487
28635,2021-04-30,1,low_activity_cooling,0.0,0.0,0.1695081036766171
28635,2021-05-31,1,low_activity_cooling,0.0,0.0,0.2824011118364847
28635,2021-06-30,1,low_activity_cooling,0.0,-1.0,0.48300987386188
28635,2021-07-31,1,low_activity_cooling,0.0,-1.0,0.1842723789319879
28635,2021-08-31,1,low_activity_cooling,0.0,-1.0,0.016874929411498
28635,2021-09-30,1,low_activity_cooling,0.0,-1.0,0.0115493975634503
28635,2021-10-31,1,low_activity_cooling,0.0,-1.0,0.051328898259428
28635,2021-11-30,1,low_activity_cooling,0.0,-1.0,0.0718091906702959
28635,2021-12-31,1,low_activity_cooling,0.0,-1.0,0.0836205476857537
28636,2021-01-31,2,competitive_mid_market,1.0,1.0,0.8295216866445538
28636,2021-02-28,2,competitive_mid_market,1.0,1.0,0.0470058986471099
28636,2021-03-31,2,competitive_mid_market,0.0,0.0,0.0899896756363562
28636,2021-04-30,2,competitive_mid_market,0.0,0.0,0.1769404505700813
28636,2021-05-31,2,competitive_mid_market,0.0,0.0,0.6059849765936398
28636,2021-06-30,2,competitive_mid_market,0.0,0.0,0.1112565512684651
28636,2021-07-31,2,competitive_mid_market,0.0,-1.0,0.1326584869610345
28636,2021-08-31,2,competitive_mid_market,0.0,-1.0,0.057954209993197
28636,2021-09-30,2,competitive_mid_market,0.0,-1.0,0.0413817552831747
28636,2021-10-31,2,competitive_mid_market,0.0,-1.0,0.0388435981329303
28636,2021-11-30,2,competitive_mid_market,0.0,-1.0,0.0221282153600406
28636,2021-12-31,2,competitive_mid_market,0.0,-1.0,0.0039120693007783
28642,2021-01-31,2,competitive_mid_market,0.0,-1.0,0.0694453437804864
28642,2021-02-28,2,competitive_mid_market,0.0,-1.0,0.1649568276621206
28642,2021-03-31,2,competitive_mid_market,0.0,-1.0,0.2417517920898103
28642,2021-04-30,2,competitive_mid_market,0.0,-1.0,0.1743213230104336
28642,2021-05-31,2,competitive_mid_market,0.0,-1.0,0.0951312243006091
28642,2021-06-30,2,competitive_mid_market,0.0,-1.0,0.266355909984971
28642,2021-07-31,2,competitive_mid_market,0.0,-1.0,0.1361411261316268
28642,2021-08-31,2,competitive_mid_market,0.0,-1.0,0.0685589182890811
28642,2021-09-30,2,competitive_mid_market,0.0,-1.0,0.0358624698588241
28642,2021-10-31,2,competitive_mid_market,0.0,-1.0,0.0182406200865335
28642,2021-11-30,2,competitive_mid_market,0.0,-1.0,0.0262370223626157
28642,2021-12-31,2,competitive_mid_market,0.0,0.0,0.0141200467031955
28645,2021-01-31,2,competitive_mid_market,1.0,1.0,0.7707229896342337
28645,2021-02-28,2,competitive_mid_market,1.0,1.0,0.8325861433935726
28645,2021-03-31,2,competitive_mid_market,1.0,1.0,0.8287625723416472
28645,2021-04-30,2,competitive_mid_market,1.0,1.0,0.8799439735180273
28645,2021-05-31,2,competitive_mid_market,1.0,1.0,0.9026716229797268
28645,2021-06-30,2,competitive_mid_market,1.0,1.0,0.8835985147890815
28645,2021-07-31,2,competitive_mid_market,0.0,0.0,0.7684443699840603
28645,2021-08-31,2,competitive_mid_market,0.0,0.0,0.4400736625373044
28645,2021-09-30,2,competitive_mid_market,0.0,0.0,0.1445068711219151
28645,2021-10-31,2,competitive_mid_market,0.0,-1.0,0.0625665951854518
28645,2021-11-30,2,competitive_mid_market,0.0,-1.0,0.057039330074135
28645,2021-12-31,2,competitive_mid_market,0.0,-1.0,0.0377866705001924
28650,2021-01-31,2,competitive_mid_market,1.0,1.0,0.603880669957048
28650,2021-02-28,2,competitive_mid_market,1.0,1.0,0.6816784178343533
28650,2021-03-31,2,competitive_mid_market,0.0,0.0,0.8033815691544509
28650,2021-04-30,2,competitive_mid_market,0.0,0.0,0.9350742882171804
28650,2021-05-31,2,competitive_mid_market,1.0,1.0,0.8696567281657747
28650,2021-06-30,2,competitive_mid_market,0.0,0.0,0.8118694075747914
28650,2021-07-31,2,competitive_mid_market,0.0,0.0,0.6154619396741536
28650,2021-08-31,2,competitive_mid_market,0.0,0.0,0.688708481700437
28650,2021-09-30,2,competitive_mid_market,0.0,0.0,0.4204907306833746
28650,2021-10-31,2,competitive_mid_market,0.0,0.0,0.4821318795395438
28650,2021-11-30,2,competitive_mid_market,0.0,-1.0,0.6182433989878016
28650,2021-12-31,2,competitive_mid_market,0.0,-1.0,0.4752072762641398
28651,2021-01-31,2,competitive_mid_market,0.0,0.0,0.1794024433240676
28651,2021-02-28,2,competitive_mid_market,0.0,0.0,0.1972131257021761
28651,2021-03-31,2,competitive_mid_market,0.0,-1.0,0.1463242234577618
28651,2021-04-30,2,competitive_mid_market,0.0,0.0,0.1284595421941411
28651,2021-05-31,2,competitive_mid_market,0.0,0.0,0.5163159329031983
28651,2021-06-30,2,competitive_mid_market,0.0,0.0,0.7062559616516595
28651,2021-07-31,2,competitive_mid_market,0.0,0.0,0.630077270698798
28651,2021-08-31,2,competitive_mid_market,0.0,0.0,0.0932840143794859
28651,2021-09-30,2,competitive_mid_market,0.0,-1.0,0.0861270880604699
28651,2021-10-31,2,competitive_mid_market,0.0,-1.0,0.0332854385948806
28651,2021-11-30,2,competitive_mid_market,0.0,-1.0,0.0062629355508081
28651,2021-12-31,2,competitive_mid_market,0.0,-1.0,0.1297011214957467
28654,2021-01-31,2,competitive_mid_market,0.0,0.0,0.1176391229942168
28654,2021-02-28,2,competitive_mid_market,0.0,0.0,0.0798617874666828
28654,2021-03-31,2,competitive_mid_market,0.0,0.0,0.1651628036416208
28654,2021-04-30,2,competitive_mid_market,0.0,0.0,0.095676420820503
28654,2021-05-31,2,competitive_mid_market,0.0,0.0,0.183571757956142
28654,2021-06-30,2,competitive_mid_market,0.0,0.0,0.2990562609785586
28654,2021-07-31,2,competitive_mid_market,0.0,-1.0,0.0845111745028441
28654,2021-08-31,2,competitive_mid_market,0.0,-1.0,0.04147176122615
28654,2021-09-30,2,competitive_mid_market,0.0,-1.0,0.0349890987959888
28654,2021-10-31,2,competitive_mid_market,0.0,-1.0,0.0252434066076998
28654,2021-11-30,2,competitive_mid_market,0.0,-1.0,0.0203089374605436
28654,2021-12-31,2,competitive_mid_market,0.0,-1.0,0.0105538638379976
28655,2021-01-31,2,competitive_mid_market,1.0,1.0,0.6597774452732363
28655,2021-02-28,2,competitive_mid_market,1.0,1.0,0.8378036462900254
28655,2021-03-31,2,competitive_mid_market,1.0,1.0,0.910852596622427
28655,2021-04-30,2,competitive_mid_market,1.0,1.0,0.9411766026304568
28655,2021-05-31,2,competitive_mid_market,0.0,0.0,0.9389631676688922
28655,2021-06-30,2,competitive_mid_market,0.0,0.0,0.8973252134828191
28655,2021-07-31,2,competitive_mid_market,0.0,0.0,0.8249648551236721
28655,2021-08-31,2,competitive_mid_market,0.0,0.0,0.5012350096161596
28655,2021-09-30,2,competitive_mid_market,0.0,-1.0,0.2567569467237955
28655,2021-10-31,2,competitive_mid_market,0.0,-1.0,0.1045728353184163
28655,2021-11-30,2,competitive_mid_market,0.0,-1.0,0.0175180690947771
28655,2021-12-31,2,competitive_mid_market,0.0,-1.0,0.0136202886248494
28658,2021-01-31,1,low_activity_cooling,1.0,1.0,0.9390836969497738
28658,2021-02-28,1,low_activity_cooling,1.0,1.0,0.9735311898330092
28658,2021-03-31,1,low_activity_cooling,1.0,1.0,0.9822227498749816
28658,2021-04-30,1,low_activity_cooling,1.0,1.0,0.943923422877502
28658,2021-05-31,1,low_activity_cooling,1.0,1.0,0.9688524311073616
28658,2021-06-30,1,low_activity_cooling,1.0,1.0,0.9783709350956944
28658,2021-07-31,1,low_activity_cooling,1.0,1.0,0.9140842757190664
28658,2021-08-31,1,low_activity_cooling,1.0,1.0,0.8939379134201357
28658,2021-09-30,1,low_activity_cooling,1.0,1.0,0.809255243232027
28658,2021-10-31,1,low_activity_cooling,1.0,1.0,0.5234867110092122
28658,2021-11-30,1,low_activity_cooling,0.0,0.0,0.1055060546588299
28658,2021-12-31,1,low_activity_cooling,0.0,-1.0,0.0436152410216432
28659,2021-01-31,2,competitive_mid_market,0.0,0.0,0.2073276661514517
28659,2021-02-28,2,competitive_mid_market,0.0,0.0,0.2278554610766761
28659,2021-03-31,2,competitive_mid_market,0.0,0.0,0.2104400973751331
28659,2021-04-30,2,competitive_mid_market,0.0,0.0,0.3856448691772312
28659,2021-05-31,2,competitive_mid_market,0.0,0.0,0.4034760610270983
28659,2021-06-30,2,competitive_mid_market,0.0,0.0,0.2668348317732725
28659,2021-07-31,2,competitive_mid_market,0.0,-1.0,0.213248095349013
28659,2021-08-31,2,competitive_mid_market,0.0,-1.0,0.0477386759832484
28659,2021-09-30,2,competitive_mid_market,0.0,-1.0,0.0489741560504686
28659,2021-10-31,2,competitive_mid_market,0.0,-1.0,0.03089028914089
28659,2021-11-30,2,competitive_mid_market,0.0,-1.0,0.0151167271801189
28659,2021-12-31,2,competitive_mid_market,0.0,-1.0,0.0083984799771799
28660,2021-01-31,2,competitive_mid_market,0.0,-1.0,0.2230003186855519
28660,2021-02-28,2,competitive_mid_market,0.0,-1.0,0.3700054980450377
28660,2021-03-31,2,competitive_mid_market,0.0,-1.0,0.0930611652659578
28660,2021-04-30,2,competitive_mid_market,0.0,-1.0,0.5538651717900487
28660,2021-05-31,2,competitive_mid_market,0.0,0.0,0.2661457340476492
28660,2021-06-30,2,competitive_mid_market,0.0,0.0,0.7156904321450887
28660,2021-07-31,2,competitive_mid_market,0.0,-1.0,0.5632941651736649
28660,2021-08-31,2,competitive_mid_market,0.0,-1.0,0.4375485358961832
28660,2021-09-30,2,competitive_mid_market,0.0,-1.0,0.2243584630260802
28660,2021-10-31,2,competitive_mid_market,0.0,-1.0,0.2761997939271585
28660,2021-11-30,2,competitive_mid_market,0.0,-1.0,0.1253349264418249
28660,2021-12-31,2,competitive_mid_market,0.0,-1.0,0.1987002957280528
28665,2021-01-31,2,competitive_mid_market,1.0,1.0,0.4921778066269544
28665,2021-02-28,2,competitive_mid_market,1.0,1.0,0.3451437141708379
28665,2021-03-31,2,competitive_mid_market,0.0,0.0,0.1772898894668615
28665,2021-04-30,2,competitive_mid_market,0.0,0.0,0.0826390911996887
28665,2021-05-31,2,competitive_mid_market,0.0,-1.0,0.2674235675030565
28665,2021-06-30,2,competitive_mid_market,0.0,-1.0,0.1255082779194644
28665,2021-07-31,2,competitive_mid_market,0.0,-1.0,0.1761620700491022
28665,2021-08-31,2,competitive_mid_market,0.0,-1.0,0.0841537959240057
28665,2021-09-30,2,competitive_mid_market,0.0,-1.0,0.0463970066893246
28665,2021-10-31,2,competitive_mid_market,0.0,-1.0,0.1401920420048766
28665,2021-11-30,2,competitive_mid_market,0.0,-1.0,0.0696555805194793
28665,2021-12-31,2,competitive_mid_market,0.0,-1.0,0.0274553578790811
28670,2021-01-31,2,competitive_mid_market,1.0,1.0,0.485256487939072
28670,2021-02-28,2,competitive_mid_market,1.0,1.0,0.7712036696665149
28670,2021-03-31,2,competitive_mid_market,1.0,1.0,0.5529964087347525
28670,2021-04-30,2,competitive_mid_market,0.0,0.0,0.4041506473736474
28670,2021-05-31,2,competitive_mid_market,0.0,-1.0,0.1614300978664942
28670,2021-06-30,2,competitive_mid_market,0.0,0.0,0.7140867301438448
28670,2021-07-31,2,competitive_mid_market,1.0,1.0,0.5938359182885767
28670,2021-08-31,2,competitive_mid_market,0.0,0.0,0.3879177197136649
28670,2021-09-30,2,competitive_mid_market,0.0,0.0,0.5833203948699512
28670,2021-10-31,2,competitive_mid_market,0.0,0.0,0.520724848687311
28670,2021-11-30,2,competitive_mid_market,0.0,0.0,0.4633527067398773
28670,2021-12-31,2,competitive_mid_market,0.0,0.0,0.0448450493552449
28676,2021-01-31,2,competitive_mid_market,1.0,1.0,0.5673405891635189
28676,2021-02-28,2,competitive_mid_market,0.0,-1.0,0.2322128913664962
28676,2021-03-31,2,competitive_mid_market,0.0,-1.0,0.1301569286398403
28676,2021-04-30,2,competitive_mid_market,0.0,-1.0,0.102580923103588
28676,2021-05-31,2,competitive_mid_market,0.0,-1.0,0.1336964069273511
28676,2021-06-30,2,competitive_mid_market,0.0,-1.0,0.2037678689029652
28676,2021-07-31,2,competitive_mid_market,0.0,-1.0,0.206809724712092
28676,2021-08-31,2,competitive_mid_market,0.0,-1.0,0.1061842191986307
28676,2021-09-30,2,competitive_mid_market,0.0,-1.0,0.1142164541165357
28676,2021-10-31,2,competitive_mid_market,0.0,-1.0,0.0403623115723884
28676,2021-11-30,2,competitive_mid_market,0.0,-1.0,0.0876060202122713
28676,2021-12-31,2,competitive_mid_market,0.0,-1.0,0.0335225366120861
28677,2021-01-31,2,competitive_mid_market,1.0,1.0,0.7686086243499854
28677,2021-02-28,2,competitive_mid_market,0.0,0.0,0.8985719994550705
28677,2021-03-31,2,competitive_mid_market,0.0,0.0,0.8504969166111295
28677,2021-04-30,2,competitive_mid_market,0.0,0.0,0.8289225892160987
28677,2021-05-31,2,competitive_mid_market,0.0,0.0,0.8219975513642459
28677,2021-06-30,2,competitive_mid_market,0.0,0.0,0.7711236683077058
28677,2021-07-31,2,competitive_mid_market,0.0,0.0,0.6915670578762515
28677,2021-08-31,2,competitive_mid_market,0.0,-1.0,0.2677975552596063
28677,2021-09-30,2,competitive_mid_market,0.0,-1.0,0.2073486303668638
28677,2021-10-31,2,competitive_mid_market,0.0,-1.0,0.2268540715846864
28677,2021-11-30,2,competitive_mid_market,0.0,-1.0,0.2428230351139294
28677,2021-12-31,2,competitive_mid_market,0.0,-1.0,0.3156350943015399
28678,2021-01-31,2,competitive_mid_market,1.0,1.0,0.5883531136474679
28678,2021-02-28,2,competitive_mid_market,1.0,1.0,0.3135158042074937
28678,2021-03-31,2,competitive_mid_market,1.0,1.0,0.4539603205831762
28678,2021-04-30,2,competitive_mid_market,1.0,1.0,0.5241293913009806
28678,2021-05-31,2,competitive_mid_market,1.0,1.0,0.6619895464420013
28678,2021-06-30,2,competitive_mid_market,1.0,1.0,0.5754002986136878
28678,2021-07-31,2,competitive_mid_market,1.0,1.0,0.8511508174238489
28678,2021-08-31,2,competitive_mid_market,0.0,0.0,0.2508682101910801
28678,2021-09-30,2,competitive_mid_market,0.0,0.0,0.2442177263120995
28678,2021-10-31,2,competitive_mid_market,0.0,0.0,0.08475663861693
28678,2021-11-30,2,competitive_mid_market,0.0,-1.0,0.1907341705157705
28678,2021-12-31,2,competitive_mid_market,0.0,-1.0,0.0939010000308321
28679,2021-01-31,1,low_activity_cooling,0.0,-1.0,0.5426366894649826
28679,2021-02-28,1,low_activity_cooling,0.0,-1.0,0.1573609432583504
28679,2021-03-31,1,low_activity_cooling,0.0,-1.0,0.0683059694618515
28679,2021-04-30,1,low_activity_cooling,0.0,0.0,0.7797144423451894
28679,2021-05-31,1,low_activity_cooling,1.0,1.0,0.87850807433154
28679,2021-06-30,1,low_activity_cooling,1.0,1.0,0.7876844128161359
28679,2021-07-31,1,low_activity_cooling,1.0,1.0,0.7962091909245252
28679,2021-08-31,1,low_activity_cooling,1.0,1.0,0.7865928693257721
28679,2021-09-30,1,low_activity_cooling,1.0,1.0,0.5211782989666085
28679,2021-10-31,1,low_activity_cooling,1.0,1.0,0.5742653908049462
28679,2021-11-30,1,low_activity_cooling,1.0,1.0,0.5165699002745786
28679,2021-12-31,1,low_activity_cooling,1.0,1.0,0.4868812160293098
28681,2021-01-31,2,competitive_mid_market,0.0,0.0,0.2488776387407343
28681,2021-02-28,2,competitive_mid_market,0.0,0.0,0.3268169429299071
28681,2021-03-31,2,competitive_mid_market,0.0,0.0,0.190090862744762
28681,2021-04-30,2,competitive_mid_market,0.0,0.0,0.291439769385663
28681,2021-05-31,2,competitive_mid_market,0.0,0.0,0.3467787189862277
28681,2021-06-30,2,competitive_mid_market,0.0,-1.0,0.3209840931413957
28681,2021-07-31,2,competitive_mid_market,0.0,-1.0,0.2437389876846852
28681,2021-08-31,2,competitive_mid_market,0.0,-1.0,0.253330279165835
28681,2021-09-30,2,competitive_mid_market,0.0,-1.0,0.0885528856768012
28681,2021-10-31,2,competitive_mid_market,0.0,-1.0,0.0765477297222195
28681,2021-11-30,2,competitive_mid_market,0.0,-1.0,0.102642610842949
28681,2021-12-31,2,competitive_mid_market,0.0,-1.0,0.0856456513242579
28683,2021-01-31,2,competitive_mid_market,1.0,1.0,0.1744557916331295
28683,2021-02-28,2,competitive_mid_market,1.0,1.0,0.1243950190478488
28683,2021-03-31,2,competitive_mid_market,1.0,1.0,0.1183084718028687
28683,2021-04-30,2,competitive_mid_market,0.0,0.0,0.1588954636721031
28683,2021-05-31,2,competitive_mid_market,0.0,0.0,0.307747253145157
28683,2021-06-30,2,competitive_mid_market,0.0,0.0,0.1655918011263792
28683,2021-07-31,2,competitive_mid_market,0.0,0.0,0.3630933939164244
28683,2021-08-31,2,competitive_mid_market,0.0,0.0,0.0735524183519675
28683,2021-09-30,2,competitive_mid_market,0.0,-1.0,0.1196036822466333
28683,2021-10-31,2,competitive_mid_market,0.0,-1.0,0.0187056797037812
28683,2021-11-30,2,competitive_mid_market,0.0,-1.0,0.0322718592785324
28683,2021-12-31,2,competitive_mid_market,0.0,0.0,0.039611337697799
28692,2021-01-31,0,high_value_appreciating,1.0,1.0,0.5204548384083506
28692,2021-02-28,0,high_value_appreciating,0.0,0.0,0.3707530429917408
28692,2021-03-31,0,high_value_appreciating,1.0,1.0,0.3811718218850559
28692,2021-04-30,0,high_value_appreciating,0.0,0.0,0.568502727308329
28692,2021-05-31,0,high_value_appreciating,0.0,0.0,0.750134786312011
28692,2021-06-30,0,high_value_appreciating,0.0,0.0,0.7896170509486133
28692,2021-07-31,0,high_value_appreciating,0.0,0.0,0.5520102032036656
28692,2021-08-31,0,high_value_appreciating,0.0,0.0,0.1436895277930283
28692,2021-09-30,0,high_value_appreciating,0.0,-1.0,0.0569623953192602
28692,2021-10-31,0,high_value_appreciating,0.0,-1.0,0.0590579776346441
28692,2021-11-30,0,high_value_appreciating,0.0,-1.0,0.0468236024804311
28692,2021-12-31,0,high_value_appreciating,0.0,-1.0,0.0919596283955216
28697,2021-01-31,2,competitive_mid_market,0.0,0.0,0.212829061644272
28697,2021-02-28,2,competitive_mid_market,0.0,0.0,0.2838585775337375
28697,2021-03-31,2,competitive_mid_market,1.0,1.0,0.6509252159731235
28697,2021-04-30,2,competitive_mid_market,1.0,1.0,0.6090409380028675
28697,2021-05-31,2,competitive_mid_market,1.0,1.0,0.7852465265629589
28697,2021-06-30,2,competitive_mid_market,1.0,1.0,0.9146986207664832
28697,2021-07-31,2,competitive_mid_market,1.0,1.0,0.5970541679670504
28697,2021-08-31,2,competitive_mid_market,0.0,0.0,0.2395691384692351
28697,2021-09-30,2,competitive_mid_market,0.0,0.0,0.0958880183627139
28697,2021-10-31,2,competitive_mid_market,0.0,0.0,0.0574399789902371
28697,2021-11-30,2,competitive_mid_market,0.0,0.0,0.0953947039266263
28697,2021-12-31,2,competitive_mid_market,0.0,0.0,0.1733097500014352
28698,2021-01-31,0,high_value_appreciating,1.0,1.0,0.8842916168810977
28698,2021-02-28,0,high_value_appreciating,1.0,1.0,0.8781397591356054
28698,2021-03-31,0,high_value_appreciating,1.0,1.0,0.89819626080696
28698,2021-04-30,0,high_value_appreciating,1.0,1.0,0.8215274794412094
28698,2021-05-31,0,high_value_appreciating,0.0,0.0,0.7377787160668773
28698,2021-06-30,0,high_value_appreciating,0.0,0.0,0.6764791236143523
28698,2021-07-31,0,high_value_appreciating,0.0,-1.0,0.1503264600776351
28698,2021-08-31,0,high_value_appreciating,0.0,-1.0,0.0539165198739198
28698,2021-09-30,0,high_value_appreciating,0.0,-1.0,0.0387834724030598
28698,2021-10-31,0,high_value_appreciating,0.0,-1.0,0.0238614013521677
28698,2021-11-30,0,high_value_appreciating,0.0,-1.0,0.0123946738663604
28698,2021-12-31,0,high_value_appreciating,0.0,-1.0,0.0087791078037462
28701,2021-01-31,3,affordable_high_demand,1.0,1.0,0.94602887167216
28701,2021-02-28,3,affordable_high_demand,1.0,1.0,0.9844994056006158
28701,2021-03-31,3,affordable_high_demand,1.0,1.0,0.947129604071338
28701,2021-04-30,3,affordable_high_demand,1.0,1.0,0.8976875810602446
28701,2021-05-31,3,affordable_high_demand,1.0,1.0,0.8215173923746202
28701,2021-06-30,3,affordable_high_demand,0.0,0.0,0.731739270183789
28701,2021-07-31,3,affordable_high_demand,0.0,0.0,0.869357493593801
28701,2021-08-31,3,affordable_high_demand,0.0,-1.0,0.652995579099467
28701,2021-09-30,3,affordable_high_demand,0.0,-1.0,0.5726290676498508
28701,2021-10-31,3,affordable_high_demand,0.0,-1.0,0.1660303048052019
28701,2021-11-30,3,affordable_high_demand,0.0,-1.0,0.1980904508403414
28701,2021-12-31,3,affordable_high_demand,0.0,-1.0,0.0845552883858125
28704,2021-01-31,3,affordable_high_demand,1.0,1.0,0.956269813872596
28704,2021-02-28,3,affordable_high_demand,0.0,0.0,0.9712091535866024
28704,2021-03-31,3,affordable_high_demand,1.0,1.0,0.973227356524598
28704,2021-04-30,3,affordable_high_demand,0.0,0.0,0.9256659529358215
28704,2021-05-31,3,affordable_high_demand,0.0,0.0,0.9225276110282534
28704,2021-06-30,3,affordable_high_demand,0.0,0.0,0.9505282278354934
28704,2021-07-31,3,affordable_high_demand,0.0,0.0,0.8673546944815653
28704,2021-08-31,3,affordable_high_demand,0.0,0.0,0.8083970253514884
28704,2021-09-30,3,affordable_high_demand,0.0,0.0,0.5654548453719414
28704,2021-10-31,3,affordable_high_demand,0.0,0.0,0.2731706263261359
28704,2021-11-30,3,affordable_high_demand,0.0,0.0,0.4248936268965106
28704,2021-12-31,3,affordable_high_demand,0.0,-1.0,0.8076712933560041
28709,2021-01-31,1,low_activity_cooling,0.0,0.0,0.5996034574083097
28709,2021-02-28,1,low_activity_cooling,0.0,-1.0,0.2078129927939321
28709,2021-03-31,1,low_activity_cooling,0.0,-1.0,0.0924930569133403
28709,2021-04-30,1,low_activity_cooling,0.0,-1.0,0.0330014171969942
28709,2021-05-31,1,low_activity_cooling,0.0,-1.0,0.0239216642940242
28709,2021-06-30,1,low_activity_cooling,0.0,-1.0,0.160200909694387
28709,2021-07-31,1,low_activity_cooling,0.0,-1.0,0.5541261485182458
28709,2021-08-31,1,low_activity_cooling,0.0,-1.0,0.613235180152961
28709,2021-09-30,1,low_activity_cooling,0.0,-1.0,0.0924736262940601
28709,2021-10-31,1,low_activity_cooling,0.0,-1.0,0.082968956525964
28709,2021-11-30,1,low_activity_cooling,0.0,-1.0,0.0242369498993161
28709,2021-12-31,1,low_activity_cooling,0.0,-1.0,0.2339659728038537
28711,2021-01-31,3,affordable_high_demand,1.0,1.0,0.8819852155044188
28711,2021-02-28,3,affordable_high_demand,1.0,1.0,0.9475946452470506
28711,2021-03-31,3,affordable_high_demand,1.0,1.0,0.8572764579730293
28711,2021-04-30,3,affordable_high_demand,1.0,1.0,0.8511555226109632
28711,2021-05-31,3,affordable_high_demand,0.0,0.0,0.8354083994465908
28711,2021-06-30,3,affordable_high_demand,0.0,0.0,0.8021991837051026
28711,2021-07-31,3,affordable_high_demand,0.0,0.0,0.6959719741323038
28711,2021-08-31,3,affordable_high_demand,0.0,0.0,0.243918189132166
28711,2021-09-30,3,affordable_high_demand,0.0,0.0,0.0517577674573334
28711,2021-10-31,3,affordable_high_demand,0.0,0.0,0.0264337759040289
28711,2021-11-30,3,affordable_high_demand,0.0,0.0,0.0847083864103019
28711,2021-12-31,3,affordable_high_demand,0.0,-1.0,0.1001598079391229
28712,2021-01-31,0,high_value_appreciating,1.0,1.0,0.8751511299440738
28712,2021-02-28,0,high_value_appreciating,1.0,1.0,0.9368978898403428
28712,2021-03-31,0,high_value_appreciating,1.0,1.0,0.9607507121113172
28712,2021-04-30,0,high_value_appreciating,1.0,1.0,0.9599369622906586
28712,2021-05-31,0,high_value_appreciating,1.0,1.0,0.911007754961886
28712,2021-06-30,0,high_value_appreciating,1.0,1.0,0.7375488460495603
28712,2021-07-31,0,high_value_appreciating,1.0,1.0,0.6025196736439226
28712,2021-08-31,0,high_value_appreciating,0.0,0.0,0.0618958816511502
28712,2021-09-30,0,high_value_appreciating,0.0,0.0,0.0434890896362243
28712,2021-10-31,0,high_value_appreciating,0.0,0.0,0.030508953738017
28712,2021-11-30,0,high_value_appreciating,0.0,-1.0,0.0403191782730372
28712,2021-12-31,0,high_value_appreciating,0.0,-1.0,0.0373708428862076
28713,2021-01-31,0,high_value_appreciating,1.0,1.0,0.867712755374193
28713,2021-02-28,0,high_value_appreciating,1.0,1.0,0.9192697214346712
28713,2021-03-31,0,high_value_appreciating,1.0,1.0,0.7635972608187587
28713,2021-04-30,0,high_value_appreciating,1.0,1.0,0.8479148490366346
28713,2021-05-31,0,high_value_appreciating,0.0,0.0,0.6162424739819583
28713,2021-06-30,0,high_value_appreciating,0.0,0.0,0.6381074723856933
28713,2021-07-31,0,high_value_appreciating,0.0,0.0,0.4697177377949608
28713,2021-08-31,0,high_value_appreciating,0.0,0.0,0.0582712973898075
28713,2021-09-30,0,high_value_appreciating,0.0,-1.0,0.0208826123891635
28713,2021-10-31,0,high_value_appreciating,0.0,-1.0,0.0180646660451965
28713,2021-11-30,0,high_value_appreciating,0.0,-1.0,0.0152958862597171
28713,2021-12-31,0,high_value_appreciating,0.0,-1.0,0.0255182827585002
28715,2021-01-31,3,affordable_high_demand,1.0,1.0,0.9288111470526288
28715,2021-02-28,3,affordable_high_demand,0.0,0.0,0.9591236714195452
28715,2021-03-31,3,affordable_high_demand,0.0,0.0,0.9302042598655026
28715,2021-04-30,3,affordable_high_demand,0.0,0.0,0.9055279714660954
28715,2021-05-31,3,affordable_high_demand,0.0,0.0,0.9248970687328474
28715,2021-06-30,3,affordable_high_demand,0.0,0.0,0.9065395772407489
28715,2021-07-31,3,affordable_high_demand,0.0,0.0,0.8348138403306382
28715,2021-08-31,3,affordable_high_demand,0.0,0.0,0.3579205876672967
28715,2021-09-30,3,affordable_high_demand,0.0,-1.0,0.0958835149781111
28715,2021-10-31,3,affordable_high_demand,0.0,-1.0,0.0916002064013511
28715,2021-11-30,3,affordable_high_demand,0.0,-1.0,0.0675786175729015
28715,2021-12-31,3,affordable_high_demand,0.0,-1.0,0.0778431606444811
28716,2021-01-31,2,competitive_mid_market,0.0,0.0,0.7399131328025551
28716,2021-02-28,2,competitive_mid_market,0.0,0.0,0.7998586309795179
28716,2021-03-31,2,competitive_mid_market,1.0,1.0,0.8494084114572952
28716,2021-04-30,2,competitive_mid_market,0.0,0.0,0.8664071220435604
28716,2021-05-31,2,competitive_mid_market,1.0,1.0,0.8317926236267451
28716,2021-06-30,2,competitive_mid_market,0.0,0.0,0.8980939455280041
28716,2021-07-31,2,competitive_mid_market,0.0,0.0,0.8643154275544045
28716,2021-08-31,2,competitive_mid_market,0.0,-1.0,0.7893530314371346
28716,2021-09-30,2,competitive_mid_market,0.0,-1.0,0.0460430966089761
28716,2021-10-31,2,competitive_mid_market,0.0,-1.0,0.0177748587101878
28716,2021-11-30,2,competitive_mid_market,0.0,-1.0,0.018990558400111
28716,2021-12-31,2,competitive_mid_market,0.0,-1.0,0.0106591750149365
28717,2021-01-31,0,high_value_appreciating,1.0,1.0,0.969801578397271
28717,2021-02-28,0,high_value_appreciating,1.0,1.0,0.9697216725332776
28717,2021-03-31,0,high_value_appreciating,1.0,1.0,0.9312154270497992
28717,2021-04-30,0,high_value_appreciating,1.0,1.0,0.7533015323448337
28717,2021-05-31,0,high_value_appreciating,1.0,1.0,0.6703551622725954
28717,2021-06-30,0,high_value_appreciating,1.0,1.0,0.7033098898865758
28717,2021-07-31,0,high_value_appreciating,1.0,1.0,0.4822638456134389
28717,2021-08-31,0,high_value_appreciating,0.0,0.0,0.5613477356037043
28717,2021-09-30,0,high_value_appreciating,0.0,0.0,0.3496753230567145
28717,2021-10-31,0,high_value_appreciating,0.0,-1.0,0.1737653399883596
28717,2021-11-30,0,high_value_appreciating,0.0,-1.0,0.0428983734033492
28717,2021-12-31,0,high_value_appreciating,0.0,-1.0,0.0714694630709195
28721,2021-01-31,0,high_value_appreciating,1.0,1.0,0.790841129328249
28721,2021-02-28,0,high_value_appreciating,1.0,1.0,0.8452838296829698
28721,2021-03-31,0,high_value_appreciating,1.0,1.0,0.9052696967992488
28721,2021-04-30,0,high_value_appreciating,1.0,1.0,0.8613217985542403
28721,2021-05-31,0,high_value_appreciating,1.0,1.0,0.7465893801484327
28721,2021-06-30,0,high_value_appreciating,1.0,1.0,0.7155645630195271
28721,2021-07-31,0,high_value_appreciating,0.0,0.0,0.7595359197769205
28721,2021-08-31,0,high_value_appreciating,0.0,0.0,0.3119478493898791
28721,2021-09-30,0,high_value_appreciating,0.0,0.0,0.1463265495653929
28721,2021-10-31,0,high_value_appreciating,0.0,0.0,0.0957605823799375
28721,2021-11-30,0,high_value_appreciating,0.0,0.0,0.169729287786424
28721,2021-12-31,0,high_value_appreciating,0.0,0.0,0.0955685525296425
28723,2021-01-31,0,high_value_appreciating,1.0,1.0,0.7704213301873765
28723,2021-02-28,0,high_value_appreciating,1.0,1.0,0.5165970016653424
28723,2021-03-31,0,high_value_appreciating,1.0,1.0,0.4274039266614593
28723,2021-04-30,0,high_value_appreciating,1.0,1.0,0.5274240533841827
28723,2021-05-31,0,high_value_appreciating,1.0,1.0,0.5654901119399606
28723,2021-06-30,0,high_value_appreciating,0.0,0.0,0.6923273315937628
28723,2021-07-31,0,high_value_appreciating,0.0,0.0,0.4783903281413979
28723,2021-08-31,0,high_value_appreciating,0.0,0.0,0.2846402670179222
28723,2021-09-30,0,high_value_appreciating,0.0,-1.0,0.0412659337068244
28723,2021-10-31,0,high_value_appreciating,0.0,-1.0,0.0377502793883529
28723,2021-11-30,0,high_value_appreciating,0.0,-1.0,0.0485110120985087
28723,2021-12-31,0,high_value_appreciating,0.0,-1.0,0.0296736469514703
28726,2021-01-31,2,competitive_mid_market,0.0,-1.0,0.7724513707194333
28726,2021-02-28,2,competitive_mid_market,0.0,-1.0,0.7626075448648395
28726,2021-03-31,2,competitive_mid_market,0.0,-1.0,0.5772801254590673
28726,2021-04-30,2,competitive_mid_market,0.0,-1.0,0.5809951904376978
28726,2021-05-31,2,competitive_mid_market,0.0,-1.0,0.3629568199315462
28726,2021-06-30,2,competitive_mid_market,0.0,-1.0,0.2919207770908175
28726,2021-07-31,2,competitive_mid_market,0.0,-1.0,0.318068348477077
28726,2021-08-31,2,competitive_mid_market,0.0,-1.0,0.2007541303453787
28726,2021-09-30,2,competitive_mid_market,0.0,-1.0,0.1669217143024119
28726,2021-10-31,2,competitive_mid_market,0.0,-1.0,0.1323721764963231
28726,2021-11-30,2,competitive_mid_market,0.0,-1.0,0.1567909217653414
28726,2021-12-31,2,competitive_mid_market,0.0,-1.0,0.0457881353034895
28729,2021-01-31,3,affordable_high_demand,1.0,1.0,0.7176515701642548
28729,2021-02-28,3,affordable_high_demand,1.0,1.0,0.8126383843772064
28729,2021-03-31,3,affordable_high_demand,1.0,1.0,0.5969650311223048
28729,2021-04-30,3,affordable_high_demand,1.0,1.0,0.8123071971470528
28729,2021-05-31,3,affordable_high_demand,1.0,1.0,0.7854642233254717
28729,2021-06-30,3,affordable_high_demand,1.0,1.0,0.7813539345347131
28729,2021-07-31,3,affordable_high_demand,1.0,1.0,0.6099143161569877
28729,2021-08-31,3,affordable_high_demand,1.0,1.0,0.5337485102156924
28729,2021-09-30,3,affordable_high_demand,1.0,1.0,0.220972910638922
28729,2021-10-31,3,affordable_high_demand,0.0,0.0,0.6319384852639397
28729,2021-11-30,3,affordable_high_demand,0.0,0.0,0.3374767714580846
28729,2021-12-31,3,affordable_high_demand,0.0,-1.0,0.474616745517686
28730,2021-01-31,3,affordable_high_demand,0.0,0.0,0.2920230786651484
28730,2021-02-28,3,affordable_high_demand,0.0,0.0,0.5687289570077775
28730,2021-03-31,3,affordable_high_demand,0.0,0.0,0.5541095965975802
28730,2021-04-30,3,affordable_high_demand,0.0,0.0,0.755015050218128
28730,2021-05-31,3,affordable_high_demand,0.0,0.0,0.6975585573497084
28730,2021-06-30,3,affordable_high_demand,0.0,0.0,0.8459604637376609
28730,2021-07-31,3,affordable_high_demand,0.0,0.0,0.6241769860589301
28730,2021-08-31,3,affordable_high_demand,0.0,0.0,0.0838148796269922
28730,2021-09-30,3,affordable_high_demand,0.0,0.0,0.035606144602884
28730,2021-10-31,3,affordable_high_demand,0.0,-1.0,0.0682639201125391
28730,2021-11-30,3,affordable_high_demand,0.0,-1.0,0.1219048228240182
28730,2021-12-31,3,affordable_high_demand,0.0,-1.0,0.0118614976129345
28731,2021-01-31,3,affordable_high_demand,0.0,0.0,0.4984645980822906
28731,2021-02-28,3,affordable_high_demand,0.0,0.0,0.8553122739233342
28731,2021-03-31,3,affordable_high_demand,0.0,0.0,0.8763655823730392
28731,2021-04-30,3,affordable_high_demand,0.0,0.0,0.953021784012576
28731,2021-05-31,3,affordable_high_demand,1.0,1.0,0.9297222175858784
28731,2021-06-30,3,affordable_high_demand,1.0,1.0,0.9109405083949264
28731,2021-07-31,3,affordable_high_demand,1.0,1.0,0.8581950327716505
28731,2021-08-31,3,affordable_high_demand,1.0,1.0,0.4058949718660821
28731,2021-09-30,3,affordable_high_demand,0.0,0.0,0.0816326214895845
28731,2021-10-31,3,affordable_high_demand,0.0,0.0,0.0394341174634913
28731,2021-11-30,3,affordable_high_demand,0.0,0.0,0.0195648610252375
28731,2021-12-31,3,affordable_high_demand,0.0,-1.0,0.0073174103640487
28732,2021-01-31,3,affordable_high_demand,1.0,1.0,0.6225564441005657
28732,2021-02-28,3,affordable_high_demand,1.0,1.0,0.9056961956597231
28732,2021-03-31,3,affordable_high_demand,1.0,1.0,0.934798187689113
28732,2021-04-30,3,affordable_high_demand,1.0,1.0,0.931272346744638
28732,2021-05-31,3,affordable_high_demand,1.0,1.0,0.8396884687495845
28732,2021-06-30,3,affordable_high_demand,1.0,1.0,0.8770385316919119
28732,2021-07-31,3,affordable_high_demand,1.0,1.0,0.8411193047526515
28732,2021-08-31,3,affordable_high_demand,0.0,0.0,0.7888636078471379
28732,2021-09-30,3,affordable_high_demand,0.0,0.0,0.4786643283758535
28732,2021-10-31,3,affordable_high_demand,0.0,0.0,0.6204947491574959
28732,2021-11-30,3,affordable_high_demand,0.0,0.0,0.3693861582817326
28732,2021-12-31,3,affordable_high_demand,0.0,-1.0,0.4376216030082515
28736,2021-01-31,0,high_value_appreciating,1.0,1.0,0.9082230203561484
28736,2021-02-28,0,high_value_appreciating,1.0,1.0,0.7959517020998125
28736,2021-03-31,0,high_value_appreciating,1.0,1.0,0.6861450306806941
28736,2021-04-30,0,high_value_appreciating,1.0,1.0,0.4725517669689645
28736,2021-05-31,0,high_value_appreciating,1.0,1.0,0.615353602583
28736,2021-06-30,0,high_value_appreciating,0.0,0.0,0.7842505435632197
28736,2021-07-31,0,high_value_appreciating,0.0,0.0,0.6541294709473379
28736,2021-08-31,0,high_value_appreciating,0.0,0.0,0.7432375757833946
28736,2021-09-30,0,high_value_appreciating,0.0,0.0,0.2017871575670426
28736,2021-10-31,0,high_value_appreciating,0.0,-1.0,0.336982654540721
28736,2021-11-30,0,high_value_appreciating,0.0,-1.0,0.3638051992389812
28736,2021-12-31,0,high_value_appreciating,0.0,-1.0,0.0695893521591327
28739,2021-01-31,3,affordable_high_demand,1.0,1.0,0.8850610857176443
28739,2021-02-28,3,affordable_high_demand,1.0,1.0,0.944900222529085
28739,2021-03-31,3,affordable_high_demand,1.0,1.0,0.9449330045682544
28739,2021-04-30,3,affordable_high_demand,1.0,1.0,0.9115543706674551
28739,2021-05-31,3,affordable_high_demand,1.0,1.0,0.9032189717628432
28739,2021-06-30,3,affordable_high_demand,1.0,1.0,0.7998651811447078
28739,2021-07-31,3,affordable_high_demand,0.0,0.0,0.8150390345459578
28739,2021-08-31,3,affordable_high_demand,0.0,0.0,0.5864522222530286
28739,2021-09-30,3,affordable_high_demand,0.0,0.0,0.41966374357013
28739,2021-10-31,3,affordable_high_demand,0.0,0.0,0.4030566723013489
28739,2021-11-30,3,affordable_high_demand,0.0,-1.0,0.48236931829324
28739,2021-12-31,3,affordable_high_demand,0.0,-1.0,0.3719431243822944
28742,2021-01-31,1,low_activity_cooling,0.0,0.0,0.5139960428794346
28742,2021-02-28,1,low_activity_cooling,0.0,0.0,0.1105553913167736
28742,2021-03-31,1,low_activity_cooling,0.0,-1.0,0.368068535652937
28742,2021-04-30,1,low_activity_cooling,0.0,0.0,0.5658896107937194
28742,2021-05-31,1,low_activity_cooling,0.0,0.0,0.0918724191774521
28742,2021-06-30,1,low_activity_cooling,0.0,0.0,0.3656666120601532
28742,2021-07-31,1,low_activity_cooling,1.0,1.0,0.5444427980539969
28742,2021-08-31,1,low_activity_cooling,1.0,1.0,0.549696992638524
28742,2021-09-30,1,low_activity_cooling,1.0,1.0,0.5802702505554753
28742,2021-10-31,1,low_activity_cooling,1.0,1.0,0.5348116689875566
28742,2021-11-30,1,low_activity_cooling,0.0,0.0,0.2214919715120727
28742,2021-12-31,1,low_activity_cooling,0.0,0.0,0.173520599582828
28743,2021-01-31,0,high_value_appreciating,0.0,0.0,0.6022814202600038
28743,2021-02-28,0,high_value_appreciating,0.0,-1.0,0.5114485219162574
28743,2021-03-31,0,high_value_appreciating,0.0,-1.0,0.1931578205946066
28743,2021-04-30,0,high_value_appreciating,0.0,-1.0,0.1418964183997295
28743,2021-05-31,0,high_value_appreciating,0.0,-1.0,0.1113373961254781
28743,2021-06-30,0,high_value_appreciating,0.0,-1.0,0.1544974184481224
28743,2021-07-31,0,high_value_appreciating,0.0,-1.0,0.1265988109418128
28743,2021-08-31,0,high_value_appreciating,0.0,-1.0,0.0874340216394664
28743,2021-09-30,0,high_value_appreciating,0.0,-1.0,0.0416217108394643
28743,2021-10-31,0,high_value_appreciating,0.0,-1.0,0.040480234833276
28743,2021-11-30,0,high_value_appreciating,0.0,-1.0,0.2021847969364867
28743,2021-12-31,0,high_value_appreciating,0.0,-1.0,0.2135782458262608
28746,2021-01-31,0,high_value_appreciating,1.0,1.0,0.9669666874393248
28746,2021-02-28,0,high_value_appreciating,1.0,1.0,0.9656101641243816
28746,2021-03-31,0,high_value_appreciating,1.0,1.0,0.9644976578808716
28746,2021-04-30,0,high_value_appreciating,1.0,1.0,0.9683440120713672
28746,2021-05-31,0,high_value_appreciating,1.0,1.0,0.9370902366942512
28746,2021-06-30,0,high_value_appreciating,1.0,1.0,0.9533196304948176
28746,2021-07-31,0,high_value_appreciating,1.0,1.0,0.8521222362197378
28746,2021-08-31,0,high_value_appreciating,1.0,1.0,0.8669526344105768
28746,2021-09-30,0,high_value_appreciating,0.0,0.0,0.7089945602038753
28746,2021-10-31,0,high_value_appreciating,0.0,0.0,0.5066066316643503
28746,2021-11-30,0,high_value_appreciating,0.0,0.0,0.6441603283397642
28746,2021-12-31,0,high_value_appreciating,0.0,-1.0,0.6051039737264051
28747,2021-01-31,0,high_value_appreciating,1.0,1.0,0.971723202571412
28747,2021-02-28,0,high_value_appreciating,1.0,1.0,0.9740276155302944
28747,2021-03-31,0,high_value_appreciating,1.0,1.0,0.9514804017550956
28747,2021-04-30,0,high_value_appreciating,1.0,1.0,0.8044301291497504
28747,2021-05-31,0,high_value_appreciating,1.0,1.0,0.7739627446081736
28747,2021-06-30,0,high_value_appreciating,0.0,0.0,0.7560549121134922
28747,2021-07-31,0,high_value_appreciating,0.0,0.0,0.485576897102857
28747,2021-08-31,0,high_value_appreciating,0.0,0.0,0.2379766806411218
28747,2021-09-30,0,high_value_appreciating,0.0,0.0,0.1078120694059614
28747,2021-10-31,0,high_value_appreciating,0.0,-1.0,0.2394315830988039
28747,2021-11-30,0,high_value_appreciating,0.0,-1.0,0.1882530043418532
28747,2021-12-31,0,high_value_appreciating,0.0,-1.0,0.1292005201486383
28748,2021-01-31,0,high_value_appreciating,1.0,1.0,0.8396256393824306
28748,2021-02-28,0,high_value_appreciating,1.0,1.0,0.8381917305693083
28748,2021-03-31,0,high_value_appreciating,0.0,0.0,0.8698040867552972
28748,2021-04-30,0,high_value_appreciating,0.0,0.0,0.8940943253080212
28748,2021-05-31,0,high_value_appreciating,0.0,0.0,0.8302203160998545
28748,2021-06-30,0,high_value_appreciating,0.0,0.0,0.6459266596196109
28748,2021-07-31,0,high_value_appreciating,0.0,0.0,0.5911318298905983
28748,2021-08-31,0,high_value_appreciating,0.0,0.0,0.0617298567156592
28748,2021-09-30,0,high_value_appreciating,0.0,0.0,0.0315152819112393
28748,2021-10-31,0,high_value_appreciating,0.0,-1.0,0.0242287184566333
28748,2021-11-30,0,high_value_appreciating,0.0,-1.0,0.0192956487575341
28748,2021-12-31,0,high_value_appreciating,0.0,-1.0,0.0239857044512504
28751,2021-01-31,0,high_value_appreciating,1.0,1.0,0.8894107360636572
28751,2021-02-28,0,high_value_appreciating,1.0,1.0,0.9585991218115328
28751,2021-03-31,0,high_value_appreciating,1.0,1.0,0.9418227812340696
28751,2021-04-30,0,high_value_appreciating,1.0,1.0,0.9631155160836852
28751,2021-05-31,0,high_value_appreciating,1.0,1.0,0.9725713195373512
28751,2021-06-30,0,high_value_appreciating,1.0,1.0,0.9741221879443488
28751,2021-07-31,0,high_value_appreciating,1.0,1.0,0.9373035523929624
28751,2021-08-31,0,high_value_appreciating,0.0,0.0,0.6773848373672824
28751,2021-09-30,0,high_value_appreciating,0.0,0.0,0.477022794290138
28751,2021-10-31,0,high_value_appreciating,0.0,-1.0,0.3564277330187836
28751,2021-11-30,0,high_value_appreciating,0.0,-1.0,0.4155374898149031
28751,2021-12-31,0,high_value_appreciating,0.0,-1.0,0.0834696408062339
28752,2021-01-31,2,competitive_mid_market,1.0,1.0,0.5693360531548263
28752,2021-02-28,2,competitive_mid_market,1.0,1.0,0.6918122175743363
28752,2021-03-31,2,competitive_mid_market,1.0,1.0,0.8613712945931635
28752,2021-04-30,2,competitive_mid_market,1.0,1.0,0.6008094806598342
28752,2021-05-31,2,competitive_mid_market,1.0,1.0,0.7053826302353439
28752,2021-06-30,2,competitive_mid_market,0.0,0.0,0.7400445875263885
28752,2021-07-31,2,competitive_mid_market,0.0,0.0,0.8397972012553179
28752,2021-08-31,2,competitive_mid_market,0.0,0.0,0.1167236728563985
28752,2021-09-30,2,competitive_mid_market,0.0,0.0,0.0116813186990148
28752,2021-10-31,2,competitive_mid_market,0.0,-1.0,0.0157489612273196
28752,2021-11-30,2,competitive_mid_market,0.0,-1.0,0.0214274325569245
28752,2021-12-31,2,competitive_mid_market,0.0,-1.0,0.0223019762088791
28753,2021-01-31,0,high_value_appreciating,0.0,0.0,0.1796797826741208
28753,2021-02-28,0,high_value_appreciating,0.0,0.0,0.1781144887414765
28753,2021-03-31,0,high_value_appreciating,0.0,0.0,0.2740053437311947
28753,2021-04-30,0,high_value_appreciating,0.0,0.0,0.2692909215097447
28753,2021-05-31,0,high_value_appreciating,0.0,0.0,0.5053630298837836
28753,2021-06-30,0,high_value_appreciating,0.0,0.0,0.5455986872154084
28753,2021-07-31,0,high_value_appreciating,0.0,-1.0,0.1356898695125873
28753,2021-08-31,0,high_value_appreciating,0.0,-1.0,0.0297803556128854
28753,2021-09-30,0,high_value_appreciating,0.0,-1.0,0.0388301387026461
28753,2021-10-31,0,high_value_appreciating,0.0,-1.0,0.0719830182142731
28753,2021-11-30,0,high_value_appreciating,0.0,-1.0,0.0360741543006377
28753,2021-12-31,0,high_value_appreciating,0.0,-1.0,0.0763872937388127
28754,2021-01-31,0,high_value_appreciating,1.0,1.0,0.940536542756682
28754,2021-02-28,0,high_value_appreciating,1.0,1.0,0.9100199967400572
28754,2021-03-31,0,high_value_appreciating,0.0,0.0,0.7925846195962472
28754,2021-04-30,0,high_value_appreciating,0.0,0.0,0.708856284726259
28754,2021-05-31,0,high_value_appreciating,0.0,0.0,0.6620526178376502
28754,2021-06-30,0,high_value_appreciating,0.0,0.0,0.751413328857664
28754,2021-07-31,0,high_value_appreciating,0.0,0.0,0.6374469321954387
28754,2021-08-31,0,high_value_appreciating,0.0,0.0,0.2106804228383301
28754,2021-09-30,0,high_value_appreciating,0.0,0.0,0.0622626808472887
28754,2021-10-31,0,high_value_appreciating,0.0,0.0,0.0763317943048423
28754,2021-11-30,0,high_value_appreciating,0.0,-1.0,0.4529188791641679
28754,2021-12-31,0,high_value_appreciating,0.0,-1.0,0.2220891167830911
28759,2021-01-31,3,affordable_high_demand,1.0,1.0,0.8887946520536548
28759,2021-02-28,3,affordable_high_demand,1.0,1.0,0.941709459174705
28759,2021-03-31,3,affordable_high_demand,1.0,1.0,0.8938198779820272
28759,2021-04-30,3,affordable_high_demand,1.0,1.0,0.9732638251300996
28759,2021-05-31,3,affordable_high_demand,1.0,1.0,0.929988471797186
28759,2021-06-30,3,affordable_high_demand,1.0,1.0,0.8678199571623794
28759,2021-07-31,3,affordable_high_demand,1.0,1.0,0.8120170907353377
28759,2021-08-31,3,affordable_high_demand,1.0,1.0,0.7955832336063292
28759,2021-09-30,3,affordable_high_demand,0.0,0.0,0.4380577047059469
28759,2021-10-31,3,affordable_high_demand,0.0,0.0,0.3570293888559965
28759,2021-11-30,3,affordable_high_demand,0.0,0.0,0.5609518633624245
28759,2021-12-31,3,affordable_high_demand,0.0,0.0,0.4820681195131976
28761,2021-01-31,4,moderate_supply_growing,0.0,0.0,0.2455888526041314
28761,2021-02-28,4,moderate_supply_growing,0.0,0.0,0.7318776295443646
28761,2021-03-31,4,moderate_supply_growing,0.0,0.0,0.6900417438983449
28761,2021-04-30,4,moderate_supply_growing,0.0,0.0,0.4980400676079664
28761,2021-05-31,4,moderate_supply_growing,0.0,0.0,0.3524985236153528
28761,2021-06-30,4,moderate_supply_growing,0.0,0.0,0.6573518507006192
28761,2021-07-31,4,moderate_supply_growing,0.0,0.0,0.2302078362964782
28761,2021-08-31,4,moderate_supply_growing,0.0,0.0,0.0336857912866444
28761,2021-09-30,4,moderate_supply_growing,0.0,0.0,0.0180469841894684
28761,2021-10-31,4,moderate_supply_growing,0.0,0.0,0.0234631169364559
28761,2021-11-30,4,moderate_supply_growing,0.0,-1.0,0.0353903486990514
28761,2021-12-31,4,moderate_supply_growing,0.0,-1.0,0.0631436483433278
28762,2021-01-31,2,competitive_mid_market,1.0,1.0,0.7056552845094469
28762,2021-02-28,2,competitive_mid_market,1.0,1.0,0.7121545074440623
28762,2021-03-31,2,competitive_mid_market,1.0,1.0,0.4518330216033797
28762,2021-04-30,2,competitive_mid_market,1.0,1.0,0.69135797211456
28762,2021-05-31,2,competitive_mid_market,1.0,1.0,0.6348889269467125
28762,2021-06-30,2,competitive_mid_market,0.0,0.0,0.7825180355819485
28762,2021-07-31,2,competitive_mid_market,0.0,0.0,0.5216354453304088
28762,2021-08-31,2,competitive_mid_market,0.0,0.0,0.2302033307402075
28762,2021-09-30,2,competitive_mid_market,0.0,-1.0,0.1054153902646278
28762,2021-10-31,2,competitive_mid_market,0.0,-1.0,0.0501891247730567
28762,2021-11-30,2,competitive_mid_market,0.0,-1.0,0.2179546637349119
28762,2021-12-31,2,competitive_mid_market,0.0,-1.0,0.0489842441420639
28774,2021-01-31,0,high_value_appreciating,1.0,1.0,0.9881995310739426
28774,2021-02-28,0,high_value_appreciating,1.0,1.0,0.9837935637982184
28774,2021-03-31,0,high_value_appreciating,1.0,1.0,0.973032356167432
28774,2021-04-30,0,high_value_appreciating,1.0,1.0,0.9457351509542368
28774,2021-05-31,0,high_value_appreciating,1.0,1.0,0.9642063984449144
28774,2021-06-30,0,high_value_appreciating,1.0,1.0,0.9447979169951072
28774,2021-07-31,0,high_value_appreciating,1.0,1.0,0.9051697922642642
28774,2021-08-31,0,high_value_appreciating,0.0,0.0,0.9102592630981868
28774,2021-09-30,0,high_value_appreciating,0.0,0.0,0.8246589832728839
28774,2021-10-31,0,high_value_appreciating,0.0,-1.0,0.7203730943723411
28774,2021-11-30,0,high_value_appreciating,0.0,-1.0,0.5875261797472454
28774,2021-12-31,0,high_value_appreciating,0.0,-1.0,0.3471188130458663
28778,2021-01-31,2,competitive_mid_market,0.0,0.0,0.7243620065007303
28778,2021-02-28,2,competitive_mid_market,1.0,1.0,0.6574964714211784
28778,2021-03-31,2,competitive_mid_market,0.0,0.0,0.6521125732189382
28778,2021-04-30,2,competitive_mid_market,0.0,0.0,0.6337617427797666
28778,2021-05-31,2,competitive_mid_market,0.0,0.0,0.6382593002930753
28778,2021-06-30,2,competitive_mid_market,0.0,0.0,0.1981530343743919
28778,2021-07-31,2,competitive_mid_market,0.0,0.0,0.3528830064295845
28778,2021-08-31,2,competitive_mid_market,0.0,0.0,0.0881070410533201
28778,2021-09-30,2,competitive_mid_market,0.0,0.0,0.0473092506865315
28778,2021-10-31,2,competitive_mid_market,0.0,0.0,0.0568147590872903
28778,2021-11-30,2,competitive_mid_market,0.0,0.0,0.0573164266089137
28778,2021-12-31,2,competitive_mid_market,0.0,0.0,0.2464058286065387
28779,2021-01-31,0,high_value_appreciating,1.0,1.0,0.9097370621266452
28779,2021-02-28,0,high_value_appreciating,1.0,1.0,0.9237410104499384
28779,2021-03-31,0,high_value_appreciating,1.0,1.0,0.951994533557167
28779,2021-04-30,0,high_value_appreciating,1.0,1.0,0.9107733396194988
28779,2021-05-31,0,high_value_appreciating,1.0,1.0,0.9023634739581776
28779,2021-06-30,0,high_value_appreciating,0.0,0.0,0.8993207960645148
28779,2021-07-31,0,high_value_appreciating,0.0,0.0,0.599543698313444
28779,2021-08-31,0,high_value_appreciating,0.0,0.0,0.0465646122915427
28779,2021-09-30,0,high_value_appreciating,0.0,0.0,0.013618679745671
28779,2021-10-31,0,high_value_appreciating,0.0,-1.0,0.0176030020540667
28779,2021-11-30,0,high_value_appreciating,0.0,-1.0,0.0110717792181163
28779,2021-12-31,0,high_value_appreciating,0.0,-1.0,0.0155804523508929
28783,2021-01-31,0,high_value_appreciating,1.0,1.0,0.8564350599341904
28783,2021-02-28,0,high_value_appreciating,1.0,1.0,0.8040883214193061
28783,2021-03-31,0,high_value_appreciating,1.0,1.0,0.5857582961896332
28783,2021-04-30,0,high_value_appreciating,1.0,1.0,0.7247106625928178
28783,2021-05-31,0,high_value_appreciating,1.0,1.0,0.8142775073908158
28783,2021-06-30,0,high_value_appreciating,0.0,0.0,0.629065309481108
28783,2021-07-31,0,high_value_appreciating,0.0,0.0,0.238636070385534
28783,2021-08-31,0,high_value_appreciating,0.0,-1.0,0.1403717931107884
28783,2021-09-30,0,high_value_appreciating,0.0,-1.0,0.1548666125229489
28783,2021-10-31,0,high_value_appreciating,0.0,-1.0,0.0510486232250865
28783,2021-11-30,0,high_value_appreciating,0.0,-1.0,0.0246794275340543
28783,2021-12-31,0,high_value_appreciating,0.0,-1.0,0.0225154237507601
28785,2021-01-31,0,high_value_appreciating,1.0,1.0,0.759073476419856
28785,2021-02-28,0,high_value_appreciating,1.0,1.0,0.8422058917186545
28785,2021-03-31,0,high_value_appreciating,1.0,1.0,0.9084302806506828
28785,2021-04-30,0,high_value_appreciating,1.0,1.0,0.865062539543434
28785,2021-05-31,0,high_value_appreciating,0.0,0.0,0.9075851337792074
28785,2021-06-30,0,high_value_appreciating,0.0,0.0,0.854480807066764
28785,2021-07-31,0,high_value_appreciating,0.0,0.0,0.6790630121323582
28785,2021-08-31,0,high_value_appreciating,0.0,0.0,0.359878508399149
28785,2021-09-30,0,high_value_appreciating,0.0,0.0,0.0597179040044769
28785,2021-10-31,0,high_value_appreciating,0.0,-1.0,0.0276293081832525
28785,2021-11-30,0,high_value_appreciating,0.0,-1.0,0.1391920167193001
28785,2021-12-31,0,high_value_appreciating,0.0,-1.0,0.0238694278003915
28786,2021-01-31,2,competitive_mid_market,1.0,1.0,0.7800978073151951
28786,2021-02-28,2,competitive_mid_market,1.0,1.0,0.9487454464507968
28786,2021-03-31,2,competitive_mid_market,1.0,1.0,0.8648736734744841
28786,2021-04-30,2,competitive_mid_market,0.0,0.0,0.8433763217199053
28786,2021-05-31,2,competitive_mid_market,0.0,0.0,0.8108400669532552
28786,2021-06-30,2,competitive_mid_market,0.0,0.0,0.7246787277746221
28786,2021-07-31,2,competitive_mid_market,0.0,0.0,0.6702515403849658
28786,2021-08-31,2,competitive_mid_market,0.0,0.0,0.2308196180901161
28786,2021-09-30,2,competitive_mid_market,0.0,0.0,0.0376363903921827
28786,2021-10-31,2,competitive_mid_market,0.0,-1.0,0.0326454096638693
28786,2021-11-30,2,competitive_mid_market,0.0,-1.0,0.1852670073172363
28786,2021-12-31,2,competitive_mid_market,0.0,-1.0,0.0334029528815246
28787,2021-01-31,3,affordable_high_demand,1.0,1.0,0.8579582227402677
28787,2021-02-28,3,affordable_high_demand,1.0,1.0,0.9663380348600764
28787,2021-03-31,3,affordable_high_demand,1.0,1.0,0.9207121934919544
28787,2021-04-30,3,affordable_high_demand,1.0,1.0,0.8976982105679375
28787,2021-05-31,3,affordable_high_demand,1.0,1.0,0.896936849051326
28787,2021-06-30,3,affordable_high_demand,0.0,0.0,0.9092565851756714
28787,2021-07-31,3,affordable_high_demand,0.0,0.0,0.7554028125443748
28787,2021-08-31,3,affordable_high_demand,0.0,0.0,0.6098847934234346
28787,2021-09-30,3,affordable_high_demand,0.0,0.0,0.1709811982078123
28787,2021-10-31,3,affordable_high_demand,0.0,0.0,0.080830714285907
28787,2021-11-30,3,affordable_high_demand,0.0,0.0,0.041947541207752
28787,2021-12-31,3,affordable_high_demand,0.0,-1.0,0.0249422198107239
28789,2021-01-31,0,high_value_appreciating,1.0,1.0,0.6917511191297704
28789,2021-02-28,0,high_value_appreciating,1.0,1.0,0.7994501970495462
28789,2021-03-31,0,high_value_appreciating,1.0,1.0,0.6200088685951469
28789,2021-04-30,0,high_value_appreciating,0.0,0.0,0.519520973834225
28789,2021-05-31,0,high_value_appreciating,0.0,0.0,0.317461966466472
28789,2021-06-30,0,high_value_appreciating,0.0,0.0,0.4163604629422953
28789,2021-07-31,0,high_value_appreciating,0.0,0.0,0.3732082340452665
28789,2021-08-31,0,high_value_appreciating,0.0,0.0,0.2114256775172956
28789,2021-09-30,0,high_value_appreciating,0.0,0.0,0.0206570816451591
28789,2021-10-31,0,high_value_appreciating,0.0,-1.0,0.0192342678608615
28789,2021-11-30,0,high_value_appreciating,0.0,-1.0,0.0384347372557228
28789,2021-12-31,0,high_value_appreciating,0.0,-1.0,0.0566611809170409
28790,2021-01-31,0,high_value_appreciating,0.0,0.0,0.4340085556609769
28790,2021-02-28,0,high_value_appreciating,0.0,0.0,0.8106830168388636
28790,2021-03-31,0,high_value_appreciating,0.0,0.0,0.6901823025661789
28790,2021-04-30,0,high_value_appreciating,0.0,0.0,0.6197744416780877
28790,2021-05-31,0,high_value_appreciating,0.0,0.0,0.5728216765893293
28790,2021-06-30,0,high_value_appreciating,0.0,0.0,0.7118186976553159
28790,2021-07-31,0,high_value_appreciating,0.0,0.0,0.6142932227965231
28790,2021-08-31,0,high_value_appreciating,0.0,0.0,0.056546076484075
28790,2021-09-30,0,high_value_appreciating,0.0,0.0,0.0207660981543319
28790,2021-10-31,0,high_value_appreciating,0.0,0.0,0.0151385460146523
28790,2021-11-30,0,high_value_appreciating,0.0,0.0,0.014462674990051
28790,2021-12-31,0,high_value_appreciating,0.0,-1.0,0.0256813148036531
28791,2021-01-31,3,affordable_high_demand,1.0,1.0,0.7344937163322675
28791,2021-02-28,3,affordable_high_demand,1.0,1.0,0.9515632476571564
28791,2021-03-31,3,affordable_high_demand,1.0,1.0,0.9493916896674516
28791,2021-04-30,3,affordable_high_demand,1.0,1.0,0.922303238861979
28791,2021-05-31,3,affordable_high_demand,1.0,1.0,0.908359288793416
28791,2021-06-30,3,affordable_high_demand,1.0,1.0,0.9371320303110988
28791,2021-07-31,3,affordable_high_demand,0.0,0.0,0.8843990840004041
28791,2021-08-31,3,affordable_high_demand,0.0,0.0,0.8043852358564346
28791,2021-09-30,3,affordable_high_demand,0.0,0.0,0.2970678201804619
28791,2021-10-31,3,affordable_high_demand,0.0,0.0,0.3084470382110575
28791,2021-11-30,3,affordable_high_demand,0.0,-1.0,0.2977502963867283
28791,2021-12-31,3,affordable_high_demand,0.0,-1.0,0.6218210490105622
28792,2021-01-31,3,affordable_high_demand,1.0,1.0,0.8123681910927198
28792,2021-02-28,3,affordable_high_demand,1.0,1.0,0.9255720197853082
28792,2021-03-31,3,affordable_high_demand,1.0,1.0,0.9063883402355732
28792,2021-04-30,3,affordable_high_demand,1.0,1.0,0.8810650546344152
28792,2021-05-31,3,affordable_high_demand,1.0,1.0,0.8879277789015364
28792,2021-06-30,3,affordable_high_demand,1.0,1.0,0.8021843728722234
28792,2021-07-31,3,affordable_high_demand,0.0,0.0,0.6812296570293043
28792,2021-08-31,3,affordable_high_demand,0.0,0.0,0.3664881236742264
28792,2021-09-30,3,affordable_high_demand,0.0,0.0,0.1222526277128585
28792,2021-10-31,3,affordable_high_demand,0.0,0.0,0.085786231801205
28792,2021-11-30,3,affordable_high_demand,0.0,-1.0,0.0955656325596837
28792,2021-12-31,3,affordable_high_demand,0.0,-1.0,0.1118146410101746
28801,2021-01-31,0,high_value_appreciating,1.0,1.0,0.7742428246393325
28801,2021-02-28,0,high_value_appreciating,1.0,1.0,0.937699320546582
28801,2021-03-31,0,high_value_appreciating,1.0,1.0,0.9697175006074696
28801,2021-04-30,0,high_value_appreciating,1.0,1.0,0.9474232265979602
28801,2021-05-31,0,high_value_appreciating,1.0,1.0,0.8464531016285156
28801,2021-06-30,0,high_value_appreciating,1.0,1.0,0.7360505034321345
28801,2021-07-31,0,high_value_appreciating,1.0,1.0,0.4412371485154355
28801,2021-08-31,0,high_value_appreciating,1.0,1.0,0.1913456572901836
28801,2021-09-30,0,high_value_appreciating,1.0,1.0,0.0290800558997084
28801,2021-10-31,0,high_value_appreciating,0.0,0.0,0.0259614320563078
28801,2021-11-30,0,high_value_appreciating,0.0,0.0,0.0780905942668513
28801,2021-12-31,0,high_value_appreciating,0.0,0.0,0.1610133786197391
28803,2021-01-31,3,affordable_high_demand,0.0,0.0,0.9195272239942344
28803,2021-02-28,3,affordable_high_demand,0.0,0.0,0.9618046698837942
28803,2021-03-31,3,affordable_high_demand,0.0,0.0,0.9567159845760808
28803,2021-04-30,3,affordable_high_demand,0.0,0.0,0.908784067873292
28803,2021-05-31,3,affordable_high_demand,0.0,0.0,0.917871250259344
28803,2021-06-30,3,affordable_high_demand,0.0,0.0,0.903654066910638
28803,2021-07-31,3,affordable_high_demand,0.0,0.0,0.784526233580093
28803,2021-08-31,3,affordable_high_demand,0.0,0.0,0.3568645974168187
28803,2021-09-30,3,affordable_high_demand,0.0,0.0,0.138170516590759
28803,2021-10-31,3,affordable_high_demand,0.0,0.0,0.0635557951166755
28803,2021-11-30,3,affordable_high_demand,0.0,-1.0,0.3284288626106764
28803,2021-12-31,3,affordable_high_demand,0.0,-1.0,0.6093307350157431
28804,2021-01-31,3,affordable_high_demand,1.0,1.0,0.9530852453677624
28804,2021-02-28,3,affordable_high_demand,1.0,1.0,0.9634752608870688
28804,2021-03-31,3,affordable_high_demand,1.0,1.0,0.9668113578360212
28804,2021-04-30,3,affordable_high_demand,1.0,1.0,0.9505967302013412
28804,2021-05-31,3,affordable_high_demand,1.0,1.0,0.8324486680360824
28804,2021-06-30,3,affordable_high_demand,0.0,0.0,0.822694710444213
28804,2021-07-31,3,affordable_high_demand,0.0,0.0,0.6918981262989293
28804,2021-08-31,3,affordable_high_demand,0.0,0.0,0.7391667362053332
28804,2021-09-30,3,affordable_high_demand,0.0,0.0,0.4710556461271113
28804,2021-10-31,3,affordable_high_demand,0.0,0.0,0.3445614065035642
28804,2021-11-30,3,affordable_high_demand,0.0,0.0,0.5718194115167561
28804,2021-12-31,3,affordable_high_demand,0.0,-1.0,0.4354922222160851
28805,2021-01-31,3,affordable_high_demand,1.0,1.0,0.7876390673566221
28805,2021-02-28,3,affordable_high_demand,1.0,1.0,0.8932235146823172
28805,2021-03-31,3,affordable_high_demand,1.0,1.0,0.707878994912719
28805,2021-04-30,3,affordable_high_demand,0.0,0.0,0.5969292569126051
28805,2021-05-31,3,affordable_high_demand,0.0,0.0,0.6028405726227257
28805,2021-06-30,3,affordable_high_demand,0.0,0.0,0.511850087771429
28805,2021-07-31,3,affordable_high_demand,0.0,0.0,0.5569762360912778
28805,2021-08-31,3,affordable_high_demand,0.0,0.0,0.1132238938935023
28805,2021-09-30,3,affordable_high_demand,0.0,0.0,0.1294466476845091
28805,2021-10-31,3,affordable_high_demand,0.0,0.0,0.1007700304121051
28805,2021-11-30,3,affordable_high_demand,0.0,-1.0,0.1420042276325936
28805,2021-12-31,3,affordable_high_demand,0.0,-1.0,0.1675700479577101
28806,2021-01-31,3,affordable_high_demand,1.0,1.0,0.896476323233317
28806,2021-02-28,3,affordable_high_demand,1.0,1.0,0.9296601765758729
28806,2021-03-31,3,affordable_high_demand,1.0,1.0,0.8803666489387357
28806,2021-04-30,3,affordable_high_demand,1.0,1.0,0.8624405443644982
28806,2021-05-31,3,affordable_high_demand,1.0,1.0,0.8712183021576958
28806,2021-06-30,3,affordable_high_demand,1.0,1.0,0.7359078933959624
28806,2021-07-31,3,affordable_high_demand,0.0,0.0,0.638720643684456
28806,2021-08-31,3,affordable_high_demand,0.0,0.0,0.214734700402895
28806,2021-09-30,3,affordable_high_demand,0.0,0.0,0.0864365161267385
28806,2021-10-31,3,affordable_high_demand,0.0,-1.0,0.056202718386607
28806,2021-11-30,3,affordable_high_demand,0.0,-1.0,0.0522483807453032
28806,2021-12-31,3,affordable_high_demand,0.0,-1.0,0.145049911449617
29006,2021-01-31,2,competitive_mid_market,0.0,0.0,0.072143546941888
29006,2021-02-28,2,competitive_mid_market,0.0,-1.0,0.1305612416703412
29006,2021-03-31,2,competitive_mid_market,0.0,-1.0,0.2717853190179858
29006,2021-04-30,2,competitive_mid_market,0.0,-1.0,0.187200346943095
29006,2021-05-31,2,competitive_mid_market,0.0,-1.0,0.108771549585118
29006,2021-06-30,2,competitive_mid_market,0.0,-1.0,0.1369437696452776
29006,2021-07-31,2,competitive_mid_market,0.0,-1.0,0.2142280043429367
29006,2021-08-31,2,competitive_mid_market,0.0,-1.0,0.040926496691099
29006,2021-09-30,2,competitive_mid_market,0.0,-1.0,0.0124074750495621
29006,2021-10-31,2,competitive_mid_market,0.0,-1.0,0.0222772388470901
29006,2021-11-30,2,competitive_mid_market,0.0,-1.0,0.0167301838808887
29006,2021-12-31,2,competitive_mid_market,0.0,-1.0,0.038368751967824
29040,2021-01-31,4,moderate_supply_growing,0.0,0.0,0.1359699166294116
29040,2021-02-28,4,moderate_supply_growing,0.0,0.0,0.1861599465630119
29040,2021-03-31,4,moderate_supply_growing,0.0,0.0,0.4148172630950973
29040,2021-04-30,4,moderate_supply_growing,0.0,0.0,0.3281555020019721
29040,2021-05-31,4,moderate_supply_growing,0.0,0.0,0.3446886586968876
29040,2021-06-30,4,moderate_supply_growing,0.0,0.0,0.5052884787388737
29040,2021-07-31,4,moderate_supply_growing,0.0,0.0,0.407657532857441
29040,2021-08-31,4,moderate_supply_growing,0.0,0.0,0.3743815526504185
29040,2021-09-30,4,moderate_supply_growing,0.0,0.0,0.2295863047479709
29040,2021-10-31,4,moderate_supply_growing,0.0,0.0,0.1605254274064745
29040,2021-11-30,4,moderate_supply_growing,0.0,0.0,0.1505571936380169
29040,2021-12-31,4,moderate_supply_growing,0.0,0.0,0.1550125094687716
29048,2021-01-31,0,high_value_appreciating,0.0,0.0,0.3265903506128908
29048,2021-02-28,0,high_value_appreciating,1.0,1.0,0.1824631401961843
29048,2021-03-31,0,high_value_appreciating,1.0,1.0,0.208899013721473
29048,2021-04-30,0,high_value_appreciating,0.0,0.0,0.1825526417465377
29048,2021-05-31,0,high_value_appreciating,0.0,0.0,0.1663272910463051
29048,2021-06-30,0,high_value_appreciating,0.0,-1.0,0.2585860805690841
29048,2021-07-31,0,high_value_appreciating,0.0,-1.0,0.0690850301603201
29048,2021-08-31,0,high_value_appreciating,0.0,-1.0,0.0929181053920359
29048,2021-09-30,0,high_value_appreciating,0.0,-1.0,0.0091618009775369
29048,2021-10-31,0,high_value_appreciating,0.0,-1.0,0.011484266112723
29048,2021-11-30,0,high_value_appreciating,0.0,-1.0,0.0246037146007504
29048,2021-12-31,0,high_value_appreciating,0.0,-1.0,0.0772713247447806
29055,2021-01-31,0,high_value_appreciating,1.0,1.0,0.2373790471935249
29055,2021-02-28,0,high_value_appreciating,1.0,1.0,0.4500270709904906
29055,2021-03-31,0,high_value_appreciating,1.0,1.0,0.2404954221852418
29055,2021-04-30,0,high_value_appreciating,1.0,1.0,0.5484344218142037
29055,2021-05-31,0,high_value_appreciating,1.0,1.0,0.460715673008797
29055,2021-06-30,0,high_value_appreciating,1.0,1.0,0.2282294955613184
29055,2021-07-31,0,high_value_appreciating,0.0,0.0,0.0698174901614211
29055,2021-08-31,0,high_value_appreciating,0.0,0.0,0.0523677141635373
29055,2021-09-30,0,high_value_appreciating,0.0,-1.0,0.041802737282016
29055,2021-10-31,0,high_value_appreciating,0.0,-1.0,0.0922679077870447
29055,2021-11-30,0,high_value_appreciating,0.0,-1.0,0.1051040934738099
29055,2021-12-31,0,high_value_appreciating,0.0,-1.0,0.1317357212360342
29058,2021-01-31,2,competitive_mid_market,0.0,0.0,0.4956573828035923
29058,2021-02-28,2,competitive_mid_market,0.0,0.0,0.5852890445581969
29058,2021-03-31,2,competitive_mid_market,0.0,0.0,0.2954486853296166
29058,2021-04-30,2,competitive_mid_market,0.0,0.0,0.5026700284141559
29058,2021-05-31,2,competitive_mid_market,0.0,0.0,0.6417620400277998
29058,2021-06-30,2,competitive_mid_market,0.0,-1.0,0.5069914459445354
29058,2021-07-31,2,competitive_mid_market,0.0,-1.0,0.678192127765185
29058,2021-08-31,2,competitive_mid_market,0.0,-1.0,0.4966172394168616
29058,2021-09-30,2,competitive_mid_market,0.0,-1.0,0.4094535218987411
29058,2021-10-31,2,competitive_mid_market,0.0,-1.0,0.3463802617907905
29058,2021-11-30,2,competitive_mid_market,0.0,-1.0,0.0253631224288871
29058,2021-12-31,2,competitive_mid_market,0.0,-1.0,0.0367418562939349
29059,2021-01-31,0,high_value_appreciating,0.0,0.0,0.1016458460720573
29059,2021-02-28,0,high_value_appreciating,0.0,0.0,0.1244784958403682
29059,2021-03-31,0,high_value_appreciating,0.0,0.0,0.5079202979122064
29059,2021-04-30,0,high_value_appreciating,1.0,1.0,0.1421223520873598
29059,2021-05-31,0,high_value_appreciating,1.0,1.0,0.1801770237868837
29059,2021-06-30,0,high_value_appreciating,1.0,1.0,0.357064104002374
29059,2021-07-31,0,high_value_appreciating,0.0,0.0,0.1111471268278487
29059,2021-08-31,0,high_value_appreciating,0.0,-1.0,0.3142846536514485
29059,2021-09-30,0,high_value_appreciating,0.0,-1.0,0.2872575883037335
29059,2021-10-31,0,high_value_appreciating,0.0,-1.0,0.4638003174704118
29059,2021-11-30,0,high_value_appreciating,0.0,-1.0,0.4348087266969575
29059,2021-12-31,0,high_value_appreciating,0.0,-1.0,0.5695372977716209
29067,2021-01-31,2,competitive_mid_market,0.0,0.0,0.0373458208523787
29067,2021-02-28,2,competitive_mid_market,0.0,-1.0,0.0155045011932992
29067,2021-03-31,2,competitive_mid_market,0.0,-1.0,0.0356536365035081
29067,2021-04-30,2,competitive_mid_market,0.0,-1.0,0.1254400960054837
29067,2021-05-31,2,competitive_mid_market,0.0,-1.0,0.2369919954908846
29067,2021-06-30,2,competitive_mid_market,0.0,-1.0,0.1878300863213379
29067,2021-07-31,2,competitive_mid_market,0.0,-1.0,0.070210631092559
29067,2021-08-31,2,competitive_mid_market,0.0,-1.0,0.0222202960699236
29067,2021-09-30,2,competitive_mid_market,0.0,-1.0,0.0233214836464311
29067,2021-10-31,2,competitive_mid_market,0.0,-1.0,0.0137093328684189
29067,2021-11-30,2,competitive_mid_market,0.0,-1.0,0.0077050295920175
29067,2021-12-31,2,competitive_mid_market,0.0,-1.0,0.0140335479594058
29075,2021-01-31,1,low_activity_cooling,0.0,0.0,0.4238753847291461
29075,2021-02-28,1,low_activity_cooling,0.0,-1.0,0.1902285503828039
29075,2021-03-31,1,low_activity_cooling,0.0,-1.0,0.3833880925505662
29075,2021-04-30,1,low_activity_cooling,0.0,0.0,0.5753452182923482
29075,2021-05-31,1,low_activity_cooling,0.0,-1.0,0.7632693440905971
29075,2021-06-30,1,low_activity_cooling,0.0,-1.0,0.3954123200092004
29075,2021-07-31,1,low_activity_cooling,0.0,-1.0,0.0253871950980389
29075,2021-08-31,1,low_activity_cooling,0.0,-1.0,0.1367342615728739
29075,2021-09-30,1,low_activity_cooling,0.0,-1.0,0.2334197402561258
29075,2021-10-31,1,low_activity_cooling,0.0,-1.0,0.5615769188307639
29075,2021-11-30,1,low_activity_cooling,0.0,-1.0,0.3163835956794751
29075,2021-12-31,1,low_activity_cooling,0.0,-1.0,0.2400603433600568
29102,2021-01-31,4,moderate_supply_growing,1.0,1.0,0.0791954293025216
29102,2021-02-28,4,moderate_supply_growing,0.0,0.0,0.1376072406886741
29102,2021-03-31,4,moderate_supply_growing,0.0,0.0,0.176142304867562
29102,2021-04-30,4,moderate_supply_growing,0.0,0.0,0.1108209071829015
29102,2021-05-31,4,moderate_supply_growing,0.0,0.0,0.1963263426422154
29102,2021-06-30,4,moderate_supply_growing,0.0,0.0,0.2930893411706057
29102,2021-07-31,4,moderate_supply_growing,0.0,0.0,0.2849930608521998
29102,2021-08-31,4,moderate_supply_growing,0.0,-1.0,0.2380968052541388
29102,2021-09-30,4,moderate_supply_growing,0.0,-1.0,0.1964366180679627
29102,2021-10-31,4,moderate_supply_growing,0.0,-1.0,0.0628669647741101
29102,2021-11-30,4,moderate_supply_growing,0.0,-1.0,0.0836644446805057
29102,2021-12-31,4,moderate_supply_growing,0.0,-1.0,0.0308390309334131
29108,2021-01-31,4,moderate_supply_growing,0.0,0.0,0.0193253730978214
29108,2021-02-28,4,moderate_supply_growing,0.0,-1.0,0.0197035880040308
29108,2021-03-31,4,moderate_supply_growing,0.0,-1.0,0.0180987616492668
29108,2021-04-30,4,moderate_supply_growing,0.0,-1.0,0.0200848705294908
29108,2021-05-31,4,moderate_supply_growing,0.0,-1.0,0.0493845257927856
29108,2021-06-30,4,moderate_supply_growing,0.0,-1.0,0.0418301999356781
29108,2021-07-31,4,moderate_supply_growing,0.0,-1.0,0.0447688423038543
29108,2021-08-31,4,moderate_supply_growing,0.0,-1.0,0.0430329386528006
29108,2021-09-30,4,moderate_supply_growing,0.0,-1.0,0.0269166404452821
29108,2021-10-31,4,moderate_supply_growing,0.0,-1.0,0.0262904033612107
29108,2021-11-30,4,moderate_supply_growing,0.0,-1.0,0.0689541314719278
29108,2021-12-31,4,moderate_supply_growing,0.0,-1.0,0.0398548080215109
29112,2021-01-31,0,high_value_appreciating,0.0,0.0,0.3872115112748734
29112,2021-02-28,0,high_value_appreciating,0.0,0.0,0.3707386945324405
29112,2021-03-31,0,high_value_appreciating,1.0,1.0,0.1644066363547882
29112,2021-04-30,0,high_value_appreciating,0.0,0.0,0.1084751837209998
29112,2021-05-31,0,high_value_appreciating,0.0,0.0,0.1100450016751645
29112,2021-06-30,0,high_value_appreciating,0.0,0.0,0.0700112759051127
29112,2021-07-31,0,high_value_appreciating,0.0,-1.0,0.1467769762058212
29112,2021-08-31,0,high_value_appreciating,0.0,-1.0,0.0764407454262645
29112,2021-09-30,0,high_value_appreciating,0.0,-1.0,0.0498363812126317
29112,2021-10-31,0,high_value_appreciating,0.0,-1.0,0.2077022903712874
29112,2021-11-30,0,high_value_appreciating,0.0,-1.0,0.3881892753326599
29112,2021-12-31,0,high_value_appreciating,0.0,-1.0,0.5512868493116182
29115,2021-01-31,0,high_value_appreciating,1.0,1.0,0.2070844725960541
29115,2021-02-28,0,high_value_appreciating,0.0,0.0,0.1355626473716526
29115,2021-03-31,0,high_value_appreciating,0.0,0.0,0.0892338107229416
29115,2021-04-30,0,high_value_appreciating,0.0,0.0,0.0282477523606886
29115,2021-05-31,0,high_value_appreciating,0.0,0.0,0.0333442830531431
29115,2021-06-30,0,high_value_appreciating,0.0,0.0,0.0505816696328244
29115,2021-07-31,0,high_value_appreciating,0.0,0.0,0.037262766259436
29115,2021-08-31,0,high_value_appreciating,0.0,-1.0,0.0708971133017685
29115,2021-09-30,0,high_value_appreciating,0.0,-1.0,0.0459644657871755
29115,2021-10-31,0,high_value_appreciating,0.0,-1.0,0.0547900668201663
29115,2021-11-30,0,high_value_appreciating,0.0,-1.0,0.0758676192632279
29115,2021-12-31,0,high_value_appreciating,0.0,-1.0,0.0477643964621258
29118,2021-01-31,4,moderate_supply_growing,0.0,0.0,0.1110041156955511
29118,2021-02-28,4,moderate_supply_growing,0.0,0.0,0.0673687750565558
29118,2021-03-31,4,moderate_supply_growing,0.0,0.0,0.056049734690749
29118,2021-04-30,4,moderate_supply_growing,0.0,0.0,0.0826895795456739
29118,2021-05-31,4,moderate_supply_growing,0.0,0.0,0.0813681156045578
29118,2021-06-30,4,moderate_supply_growing,0.0,0.0,0.08747878070198
29118,2021-07-31,4,moderate_supply_growing,0.0,0.0,0.1293900438763666
29118,2021-08-31,4,moderate_supply_growing,0.0,0.0,0.1193281485299187
29118,2021-09-30,4,moderate_supply_growing,0.0,0.0,0.1415232523367027
29118,2021-10-31,4,moderate_supply_growing,0.0,0.0,0.0907244665909182
29118,2021-11-30,4,moderate_supply_growing,0.0,-1.0,0.1617749255096239
29118,2021-12-31,4,moderate_supply_growing,0.0,-1.0,0.2716316090152181
29127,2021-01-31,0,high_value_appreciating,0.0,0.0,0.2131426758056795
29127,2021-02-28,0,high_value_appreciating,0.0,0.0,0.0451059866090208
29127,2021-03-31,0,high_value_appreciating,0.0,-1.0,0.1230797534426272
29127,2021-04-30,0,high_value_appreciating,0.0,0.0,0.2993930382499309
29127,2021-05-31,0,high_value_appreciating,0.0,-1.0,0.1280323387116879
29127,2021-06-30,0,high_value_appreciating,0.0,-1.0,0.3184107884006416
29127,2021-07-31,0,high_value_appreciating,0.0,-1.0,0.3584969483206738
29127,2021-08-31,0,high_value_appreciating,0.0,-1.0,0.2249050736708488
29127,2021-09-30,0,high_value_appreciating,0.0,-1.0,0.0234143065252485
29127,2021-10-31,0,high_value_appreciating,0.0,-1.0,0.011403790773404
29127,2021-11-30,0,high_value_appreciating,0.0,-1.0,0.0271867724984824
29127,2021-12-31,0,high_value_appreciating,0.0,-1.0,0.0716591462142468
29128,2021-01-31,4,moderate_supply_growing,0.0,-1.0,0.1682166085128973
29128,2021-02-28,4,moderate_supply_growing,0.0,-1.0,0.1076225309228226
29128,2021-03-31,4,moderate_supply_growing,0.0,-1.0,0.2120333575260728
29128,2021-04-30,4,moderate_supply_growing,0.0,0.0,0.3275206904044957
29128,2021-05-31,4,moderate_supply_growing,0.0,-1.0,0.1265342834927927
29128,2021-06-30,4,moderate_supply_growing,0.0,-1.0,0.0245020447657491
29128,2021-07-31,4,moderate_supply_growing,0.0,-1.0,0.0290518865924836
29128,2021-08-31,4,moderate_supply_growing,0.0,-1.0,0.0229780252633444
29128,2021-09-30,4,moderate_supply_growing,0.0,-1.0,0.1316932314942865
29128,2021-10-31,4,moderate_supply_growing,0.0,0.0,0.1045425061934438
29128,2021-11-30,4,moderate_supply_growing,0.0,-1.0,0.0667016389764576
29128,2021-12-31,4,moderate_supply_growing,0.0,-1.0,0.0409318703792667
29129,2021-01-31,2,competitive_mid_market,0.0,-1.0,0.3081815967876052
29129,2021-02-28,2,competitive_mid_market,0.0,-1.0,0.355880666524575
29129,2021-03-31,2,competitive_mid_market,0.0,-1.0,0.201507093916975
29129,2021-04-30,2,competitive_mid_market,0.0,-1.0,0.0392273966788852
29129,2021-05-31,2,competitive_mid_market,0.0,-1.0,0.0348911219090948
29129,2021-06-30,2,competitive_mid_market,0.0,-1.0,0.0181274521910019
29129,2021-07-31,2,competitive_mid_market,0.0,-1.0,0.0812668679081049
29129,2021-08-31,2,competitive_mid_market,0.0,-1.0,0.0471075390956099
29129,2021-09-30,2,competitive_mid_market,0.0,-1.0,0.0750282728179713
29129,2021-10-31,2,competitive_mid_market,0.0,-1.0,0.0112030860828505
29129,2021-11-30,2,competitive_mid_market,0.0,-1.0,0.0487508644890058
29129,2021-12-31,2,competitive_mid_market,0.0,-1.0,0.3209086333391195
29142,2021-01-31,0,high_value_appreciating,0.0,0.0,0.1899249236825086
29142,2021-02-28,0,high_value_appreciating,0.0,0.0,0.163238722033772
29142,2021-03-31,0,high_value_appreciating,0.0,-1.0,0.0665136888293594
29142,2021-04-30,0,high_value_appreciating,0.0,-1.0,0.0532464941739073
29142,2021-05-31,0,high_value_appreciating,0.0,-1.0,0.0331238594972388
29142,2021-06-30,0,high_value_appreciating,0.0,-1.0,0.1167274917372756
29142,2021-07-31,0,high_value_appreciating,0.0,-1.0,0.0935054622390822
29142,2021-08-31,0,high_value_appreciating,0.0,-1.0,0.0610945596570335
29142,2021-09-30,0,high_value_appreciating,0.0,-1.0,0.205155163424524
29142,2021-10-31,0,high_value_appreciating,0.0,-1.0,0.2505720230541445
29142,2021-11-30,0,high_value_appreciating,0.0,-1.0,0.3414603186268924
29142,2021-12-31,0,high_value_appreciating,0.0,-1.0,0.2548760054334053
29148,2021-01-31,4,moderate_supply_growing,0.0,0.0,0.0939347073575251
29148,2021-02-28,4,moderate_supply_growing,0.0,0.0,0.1529022819454386
29148,2021-03-31,4,moderate_supply_growing,0.0,0.0,0.2338638304527009
29148,2021-04-30,4,moderate_supply_growing,0.0,0.0,0.1530725066244198
29148,2021-05-31,4,moderate_supply_growing,0.0,-1.0,0.1461234470806402
29148,2021-06-30,4,moderate_supply_growing,0.0,-1.0,0.2078902321078674
29148,2021-07-31,4,moderate_supply_growing,0.0,-1.0,0.4512519761307167
29148,2021-08-31,4,moderate_supply_growing,0.0,-1.0,0.1210652737036522
29148,2021-09-30,4,moderate_supply_growing,0.0,-1.0,0.1034869668936493
29148,2021-10-31,4,moderate_supply_growing,0.0,-1.0,0.0618115373019966
29148,2021-11-30,4,moderate_supply_growing,0.0,-1.0,0.1090784682134366
29148,2021-12-31,4,moderate_supply_growing,0.0,-1.0,0.2157789370007007
29150,2021-01-31,4,moderate_supply_growing,0.0,0.0,0.0230891423023492
29150,2021-02-28,4,moderate_supply_growing,0.0,0.0,0.0635925276459515
29150,2021-03-31,4,moderate_supply_growing,0.0,0.0,0.0958289408047955
29150,2021-04-30,4,moderate_supply_growing,0.0,0.0,0.0276657786946675
29150,2021-05-31,4,moderate_supply_growing,0.0,0.0,0.0530423127716279
29150,2021-06-30,4,moderate_supply_growing,0.0,0.0,0.2638363185704506
29150,2021-07-31,4,moderate_supply_growing,0.0,0.0,0.3482134080497385
29150,2021-08-31,4,moderate_supply_growing,0.0,0.0,0.0810716620084272
29150,2021-09-30,4,moderate_supply_growing,0.0,0.0,0.0361235102283037
29150,2021-10-31,4,moderate_supply_growing,0.0,0.0,0.0419548230111527
29150,2021-11-30,4,moderate_supply_growing,0.0,-1.0,0.1033629650390604
29150,2021-12-31,4,moderate_supply_growing,0.0,-1.0,0.103214633212889
29153,2021-01-31,4,moderate_supply_growing,0.0,-1.0,0.0100477024525781
29153,2021-02-28,4,moderate_supply_growing,0.0,-1.0,0.041049626082753
29153,2021-03-31,4,moderate_supply_growing,0.0,-1.0,0.1063901870328972
29153,2021-04-30,4,moderate_supply_growing,0.0,-1.0,0.0409795413566563
29153,2021-05-31,4,moderate_supply_growing,0.0,-1.0,0.0492651642057362
29153,2021-06-30,4,moderate_supply_growing,0.0,0.0,0.0468872414117935
29153,2021-07-31,4,moderate_supply_growing,0.0,0.0,0.0118906449335814
29153,2021-08-31,4,moderate_supply_growing,0.0,-1.0,0.0183006281082865
29153,2021-09-30,4,moderate_supply_growing,0.0,-1.0,0.0645862592378677
29153,2021-10-31,4,moderate_supply_growing,0.0,-1.0,0.0403604074478681
29153,2021-11-30,4,moderate_supply_growing,0.0,-1.0,0.0248301282785174
29153,2021-12-31,4,moderate_supply_growing,0.0,-1.0,0.0231300517548679
29154,2021-01-31,4,moderate_supply_growing,0.0,0.0,0.1495245499786188
29154,2021-02-28,4,moderate_supply_growing,0.0,0.0,0.1268132836903706
29154,2021-03-31,4,moderate_supply_growing,0.0,0.0,0.1230638864777111
29154,2021-04-30,4,moderate_supply_growing,0.0,0.0,0.1286493147714655
29154,2021-05-31,4,moderate_supply_growing,0.0,0.0,0.2751437524402476
29154,2021-06-30,4,moderate_supply_growing,0.0,0.0,0.6140685214589412
29154,2021-07-31,4,moderate_supply_growing,0.0,0.0,0.7992512901710987
29154,2021-08-31,4,moderate_supply_growing,0.0,0.0,0.4593886924908678
29154,2021-09-30,4,moderate_supply_growing,0.0,-1.0,0.1947397430176229
29154,2021-10-31,4,moderate_supply_growing,0.0,-1.0,0.0937692878194703
29154,2021-11-30,4,moderate_supply_growing,0.0,-1.0,0.0938351828237991
29154,2021-12-31,4,moderate_supply_growing,0.0,-1.0,0.0693257500549086
29161,2021-01-31,1,low_activity_cooling,0.0,0.0,0.1138483290477315
29161,2021-02-28,1,low_activity_cooling,0.0,0.0,0.0474093275059222
29161,2021-03-31,1,low_activity_cooling,0.0,-1.0,0.1478293638264172
29161,2021-04-30,1,low_activity_cooling,0.0,-1.0,0.228998365553613
29161,2021-05-31,1,low_activity_cooling,0.0,-1.0,0.2384387963871007
29161,2021-06-30,1,low_activity_cooling,0.0,0.0,0.4363474974270339
29161,2021-07-31,1,low_activity_cooling,0.0,0.0,0.4898528524036955
29161,2021-08-31,1,low_activity_cooling,0.0,0.0,0.4317174156071953
29161,2021-09-30,1,low_activity_cooling,0.0,0.0,0.231150659997506
29161,2021-10-31,1,low_activity_cooling,0.0,0.0,0.3666006467911526
29161,2021-11-30,1,low_activity_cooling,0.0,0.0,0.6042071782406894
29161,2021-12-31,1,low_activity_cooling,0.0,0.0,0.7736983529501239
29164,2021-01-31,4,moderate_supply_growing,0.0,0.0,0.0120646669949715
29164,2021-02-28,4,moderate_supply_growing,0.0,0.0,0.0290055129746286
29164,2021-03-31,4,moderate_supply_growing,0.0,0.0,0.1204088498401197
29164,2021-04-30,4,moderate_supply_growing,0.0,0.0,0.1189222836560733
29164,2021-05-31,4,moderate_supply_growing,0.0,0.0,0.4062289194460928
29164,2021-06-30,4,moderate_supply_growing,0.0,0.0,0.306271493506027
29164,2021-07-31,4,moderate_supply_growing,0.0,0.0,0.2042260656692901
29164,2021-08-31,4,moderate_supply_growing,0.0,0.0,0.2363006433138455
29164,2021-09-30,4,moderate_supply_growing,0.0,0.0,0.0505060239536113
29164,2021-10-31,4,moderate_supply_growing,0.0,0.0,0.1168183718920215
29164,2021-11-30,4,moderate_supply_growing,0.0,-1.0,0.0270518783236186
29164,2021-12-31,4,moderate_supply_growing,0.0,-1.0,0.0687016545025546
29301,2021-01-31,2,competitive_mid_market,0.0,0.0,0.2955949160451165
29301,2021-02-28,2,competitive_mid_market,0.0,0.0,0.2424402274232611
29301,2021-03-31,2,competitive_mid_market,0.0,0.0,0.2990892639088911
29301,2021-04-30,2,competitive_mid_market,0.0,0.0,0.4928717637906376
29301,2021-05-31,2,competitive_mid_market,0.0,0.0,0.3984225666400373
29301,2021-06-30,2,competitive_mid_market,0.0,0.0,0.6026854576230188
29301,2021-07-31,2,competitive_mid_market,0.0,0.0,0.5398917625648517
29301,2021-08-31,2,competitive_mid_market,0.0,-1.0,0.2444345751578399
29301,2021-09-30,2,competitive_mid_market,0.0,-1.0,0.0869865333192768
29301,2021-10-31,2,competitive_mid_market,0.0,-1.0,0.0536033319940198
29301,2021-11-30,2,competitive_mid_market,0.0,-1.0,0.0591879003319811
29301,2021-12-31,2,competitive_mid_market,0.0,-1.0,0.0370800089021129
29302,2021-01-31,2,competitive_mid_market,0.0,0.0,0.583343111636692
29302,2021-02-28,2,competitive_mid_market,0.0,0.0,0.3343188378574533
29302,2021-03-31,2,competitive_mid_market,0.0,0.0,0.3401617257711878
29302,2021-04-30,2,competitive_mid_market,0.0,0.0,0.4949612577979809
29302,2021-05-31,2,competitive_mid_market,0.0,0.0,0.6479699823645116
29302,2021-06-30,2,competitive_mid_market,0.0,0.0,0.6788732845712703
29302,2021-07-31,2,competitive_mid_market,0.0,0.0,0.6139715373786876
29302,2021-08-31,2,competitive_mid_market,0.0,-1.0,0.344344196347969
29302,2021-09-30,2,competitive_mid_market,0.0,-1.0,0.0998676916338768
29302,2021-10-31,2,competitive_mid_market,0.0,-1.0,0.1278817792269622
29302,2021-11-30,2,competitive_mid_market,0.0,-1.0,0.1077877379270776
29302,2021-12-31,2,competitive_mid_market,0.0,-1.0,0.0960394870878769
29303,2021-01-31,2,competitive_mid_market,0.0,0.0,0.1125531368891507
29303,2021-02-28,2,competitive_mid_market,0.0,0.0,0.1623385390706864
29303,2021-03-31,2,competitive_mid_market,0.0,-1.0,0.2569983473954055
29303,2021-04-30,2,competitive_mid_market,0.0,-1.0,0.4097653558995367
29303,2021-05-31,2,competitive_mid_market,0.0,-1.0,0.383011115846219
29303,2021-06-30,2,competitive_mid_market,0.0,-1.0,0.4974031233413746
29303,2021-07-31,2,competitive_mid_market,0.0,-1.0,0.3055152379679127
29303,2021-08-31,2,competitive_mid_market,0.0,-1.0,0.1208599755787821
29303,2021-09-30,2,competitive_mid_market,0.0,-1.0,0.0109498571953553
29303,2021-10-31,2,competitive_mid_market,0.0,-1.0,0.0107311567007879
29303,2021-11-30,2,competitive_mid_market,0.0,-1.0,0.0127033143898644
29303,2021-12-31,2,competitive_mid_market,0.0,-1.0,0.0180839115787799
29306,2021-01-31,2,competitive_mid_market,0.0,0.0,0.1075342359106863
29306,2021-02-28,2,competitive_mid_market,0.0,0.0,0.050131692940571
29306,2021-03-31,2,competitive_mid_market,0.0,0.0,0.0993419538516492
29306,2021-04-30,2,competitive_mid_market,0.0,-1.0,0.137243277303261
29306,2021-05-31,2,competitive_mid_market,0.0,-1.0,0.302520448466863
29306,2021-06-30,2,competitive_mid_market,0.0,-1.0,0.3161874385608857
29306,2021-07-31,2,competitive_mid_market,0.0,-1.0,0.0862564206906149
29306,2021-08-31,2,competitive_mid_market,0.0,-1.0,0.067250470633585
29306,2021-09-30,2,competitive_mid_market,0.0,-1.0,0.0961664900562939
29306,2021-10-31,2,competitive_mid_market,0.0,-1.0,0.0513577271752547
29306,2021-11-30,2,competitive_mid_market,0.0,-1.0,0.0342880181596712
29306,2021-12-31,2,competitive_mid_market,0.0,-1.0,0.0591461995287174
29307,2021-01-31,2,competitive_mid_market,0.0,0.0,0.0879265188728208
29307,2021-02-28,2,competitive_mid_market,0.0,0.0,0.0662864693692808
29307,2021-03-31,2,competitive_mid_market,0.0,0.0,0.077444389095974
29307,2021-04-30,2,competitive_mid_market,0.0,0.0,0.4639822670285949
29307,2021-05-31,2,competitive_mid_market,0.0,0.0,0.6966416802236727
29307,2021-06-30,2,competitive_mid_market,0.0,0.0,0.6195278968748943
29307,2021-07-31,2,competitive_mid_market,0.0,0.0,0.7340119264195345
29307,2021-08-31,2,competitive_mid_market,0.0,0.0,0.180636830338099
29307,2021-09-30,2,competitive_mid_market,0.0,-1.0,0.0654510428993135
29307,2021-10-31,2,competitive_mid_market,0.0,-1.0,0.0208014386528293
29307,2021-11-30,2,competitive_mid_market,0.0,-1.0,0.0354966439615249
29307,2021-12-31,2,competitive_mid_market,0.0,-1.0,0.0241136679648501
29316,2021-01-31,3,affordable_high_demand,1.0,1.0,0.7813811303545262
29316,2021-02-28,3,affordable_high_demand,1.0,1.0,0.6975341851831999
29316,2021-03-31,3,affordable_high_demand,1.0,1.0,0.7435587290352407
29316,2021-04-30,3,affordable_high_demand,0.0,0.0,0.867353973280384
29316,2021-05-31,3,affordable_high_demand,0.0,0.0,0.9137369352880934
29316,2021-06-30,3,affordable_high_demand,0.0,0.0,0.917120125091628
29316,2021-07-31,3,affordable_high_demand,0.0,0.0,0.901127472672872
29316,2021-08-31,3,affordable_high_demand,0.0,0.0,0.8535248849052611
29316,2021-09-30,3,affordable_high_demand,0.0,0.0,0.7370543203695672
29316,2021-10-31,3,affordable_high_demand,0.0,-1.0,0.7497486661812454
29316,2021-11-30,3,affordable_high_demand,0.0,-1.0,0.8444942302239868
29316,2021-12-31,3,affordable_high_demand,0.0,-1.0,0.7666373852213275
29322,2021-01-31,2,competitive_mid_market,1.0,1.0,0.4537827529819537
29322,2021-02-28,2,competitive_mid_market,1.0,1.0,0.0418040179811243
29322,2021-03-31,2,competitive_mid_market,0.0,0.0,0.154111701099082
29322,2021-04-30,2,competitive_mid_market,0.0,0.0,0.1770520863120399
29322,2021-05-31,2,competitive_mid_market,0.0,0.0,0.3538601361503348
29322,2021-06-30,2,competitive_mid_market,0.0,0.0,0.1297272171920648
29322,2021-07-31,2,competitive_mid_market,0.0,0.0,0.3057309131769643
29322,2021-08-31,2,competitive_mid_market,0.0,0.0,0.2472732444144358
29322,2021-09-30,2,competitive_mid_market,0.0,-1.0,0.053938931082083
29322,2021-10-31,2,competitive_mid_market,0.0,-1.0,0.0491893517377064
29322,2021-11-30,2,competitive_mid_market,0.0,-1.0,0.0904529386470559
29322,2021-12-31,2,competitive_mid_market,0.0,-1.0,0.2204603957203635
29323,2021-01-31,2,competitive_mid_market,0.0,0.0,0.8714542674416553
29323,2021-02-28,2,competitive_mid_market,0.0,0.0,0.6672719466969075
29323,2021-03-31,2,competitive_mid_market,0.0,0.0,0.1625091074582426
29323,2021-04-30,2,competitive_mid_market,0.0,-1.0,0.1558259864181539
29323,2021-05-31,2,competitive_mid_market,0.0,-1.0,0.4597419456957005
29323,2021-06-30,2,competitive_mid_market,0.0,-1.0,0.8008255765345904
29323,2021-07-31,2,competitive_mid_market,0.0,-1.0,0.7999553143522008
29323,2021-08-31,2,competitive_mid_market,0.0,-1.0,0.2658074701129164
29323,2021-09-30,2,competitive_mid_market,0.0,-1.0,0.1079275236917038
29323,2021-10-31,2,competitive_mid_market,0.0,-1.0,0.0356096518236197
29323,2021-11-30,2,competitive_mid_market,0.0,-1.0,0.0490317126796549
29323,2021-12-31,2,competitive_mid_market,0.0,-1.0,0.1827493479178187
29325,2021-01-31,4,moderate_supply_growing,0.0,0.0,0.0863118007725123
29325,2021-02-28,4,moderate_supply_growing,0.0,0.0,0.118006413032069
29325,2021-03-31,4,moderate_supply_growing,0.0,0.0,0.0991160636097082
29325,2021-04-30,4,moderate_supply_growing,0.0,0.0,0.0230961285145994
29325,2021-05-31,4,moderate_supply_growing,0.0,0.0,0.0703630122062002
29325,2021-06-30,4,moderate_supply_growing,0.0,-1.0,0.0286339491568954
29325,2021-07-31,4,moderate_supply_growing,0.0,-1.0,0.0805488044417351
29325,2021-08-31,4,moderate_supply_growing,0.0,-1.0,0.0410132447788842
29325,2021-09-30,4,moderate_supply_growing,0.0,-1.0,0.0310288409204159
29325,2021-10-31,4,moderate_supply_growing,0.0,-1.0,0.0113464534372728
29325,2021-11-30,4,moderate_supply_growing,0.0,-1.0,0.0186138655816277
29325,2021-12-31,4,moderate_supply_growing,0.0,-1.0,0.0973921985672259
29330,2021-01-31,4,moderate_supply_growing,0.0,-1.0,0.0784298247206792
29330,2021-02-28,4,moderate_supply_growing,0.0,-1.0,0.0833225249192781
29330,2021-03-31,4,moderate_supply_growing,0.0,-1.0,0.174499401073527
29330,2021-04-30,4,moderate_supply_growing,0.0,-1.0,0.0364388633729794
29330,2021-05-31,4,moderate_supply_growing,0.0,-1.0,0.1026424295058647
29330,2021-06-30,4,moderate_supply_growing,0.0,-1.0,0.104378598366413
29330,2021-07-31,4,moderate_supply_growing,0.0,-1.0,0.0903959392440779
29330,2021-08-31,4,moderate_supply_growing,0.0,-1.0,0.0149811085425647
29330,2021-09-30,4,moderate_supply_growing,0.0,-1.0,0.013038218012322
29330,2021-10-31,4,moderate_supply_growing,0.0,-1.0,0.006603790398697
29330,2021-11-30,4,moderate_supply_growing,0.0,-1.0,0.015214113621903
29330,2021-12-31,4,moderate_supply_growing,0.0,-1.0,0.0067550805429385
29332,2021-01-31,4,moderate_supply_growing,0.0,0.0,0.0556857066789064
29332,2021-02-28,4,moderate_supply_growing,0.0,0.0,0.0808098380011438
29332,2021-03-31,4,moderate_supply_growing,0.0,0.0,0.1241812875185919
29332,2021-04-30,4,moderate_supply_growing,0.0,0.0,0.1706782435970492
29332,2021-05-31,4,moderate_supply_growing,0.0,0.0,0.0801715544496712
29332,2021-06-30,4,moderate_supply_growing,0.0,-1.0,0.4328427195373247
29332,2021-07-31,4,moderate_supply_growing,0.0,0.0,0.2522326880447949
29332,2021-08-31,4,moderate_supply_growing,0.0,-1.0,0.0522225392594127
29332,2021-09-30,4,moderate_supply_growing,0.0,-1.0,0.0750704253947135
29332,2021-10-31,4,moderate_supply_growing,0.0,-1.0,0.2807276266873796
29332,2021-11-30,4,moderate_supply_growing,0.0,-1.0,0.1253833193121314
29332,2021-12-31,4,moderate_supply_growing,0.0,-1.0,0.1293798064917271
29334,2021-01-31,3,affordable_high_demand,1.0,1.0,0.7678361934062718
29334,2021-02-28,3,affordable_high_demand,1.0,1.0,0.8039348866813888
29334,2021-03-31,3,affordable_high_demand,1.0,1.0,0.8803242152931418
29334,2021-04-30,3,affordable_high_demand,1.0,1.0,0.9327405849224122
29334,2021-05-31,3,affordable_high_demand,1.0,1.0,0.9196549890007863
29334,2021-06-30,3,affordable_high_demand,1.0,1.0,0.9430266132282128
29334,2021-07-31,3,affordable_high_demand,0.0,0.0,0.8746467498904669
29334,2021-08-31,3,affordable_high_demand,0.0,0.0,0.7132956156703221
29334,2021-09-30,3,affordable_high_demand,0.0,-1.0,0.4662250356596338
29334,2021-10-31,3,affordable_high_demand,0.0,-1.0,0.567453039376388
29334,2021-11-30,3,affordable_high_demand,0.0,-1.0,0.5294323012004467
29334,2021-12-31,3,affordable_high_demand,0.0,-1.0,0.7091048192952824
29335,2021-01-31,1,low_activity_cooling,0.0,-1.0,0.0548638373845373
29335,2021-02-28,1,low_activity_cooling,0.0,-1.0,0.0627840774772938
29335,2021-03-31,1,low_activity_cooling,0.0,-1.0,0.1789916856322775
29335,2021-04-30,1,low_activity_cooling,0.0,-1.0,0.6350669486227626
29335,2021-05-31,1,low_activity_cooling,0.0,0.0,0.3994152061194008
29335,2021-06-30,1,low_activity_cooling,0.0,-1.0,0.1363282292790279
29335,2021-07-31,1,low_activity_cooling,0.0,-1.0,0.2181530177520453
29335,2021-08-31,1,low_activity_cooling,0.0,-1.0,0.0506817996067116
29335,2021-09-30,1,low_activity_cooling,0.0,-1.0,0.0099092267489378
29335,2021-10-31,1,low_activity_cooling,0.0,-1.0,0.1269675513107466
29335,2021-11-30,1,low_activity_cooling,0.0,-1.0,0.0873759944385141
29335,2021-12-31,1,low_activity_cooling,0.0,-1.0,0.0892527412393649
29340,2021-01-31,4,moderate_supply_growing,0.0,0.0,0.0163938023606407
29340,2021-02-28,4,moderate_supply_growing,0.0,-1.0,0.0587897596860465
29340,2021-03-31,4,moderate_supply_growing,0.0,-1.0,0.1229305646547695
29340,2021-04-30,4,moderate_supply_growing,0.0,-1.0,0.0954178257104805
29340,2021-05-31,4,moderate_supply_growing,0.0,-1.0,0.103726877755529
29340,2021-06-30,4,moderate_supply_growing,0.0,-1.0,0.1001914174592627
29340,2021-07-31,4,moderate_supply_growing,0.0,-1.0,0.0720681279551223
29340,2021-08-31,4,moderate_supply_growing,0.0,-1.0,0.0399861486128566
29340,2021-09-30,4,moderate_supply_growing,0.0,-1.0,0.0226243444694642
29340,2021-10-31,4,moderate_supply_growing,0.0,-1.0,0.0395318419438684
29340,2021-11-30,4,moderate_supply_growing,0.0,-1.0,0.0159657914453551
29340,2021-12-31,4,moderate_supply_growing,0.0,-1.0,0.0400897638357315
29341,2021-01-31,4,moderate_supply_growing,0.0,-1.0,0.0134307566386495
29341,2021-02-28,4,moderate_supply_growing,0.0,-1.0,0.0427950027664857
29341,2021-03-31,4,moderate_supply_growing,0.0,-1.0,0.0582420164074645
29341,2021-04-30,4,moderate_supply_growing,0.0,-1.0,0.0639404308438536
29341,2021-05-31,4,moderate_supply_growing,0.0,-1.0,0.3101965059971376
29341,2021-06-30,4,moderate_supply_growing,0.0,-1.0,0.4316093295699879
29341,2021-07-31,4,moderate_supply_growing,0.0,-1.0,0.3571508170913092
29341,2021-08-31,4,moderate_supply_growing,0.0,-1.0,0.2820578670326987
29341,2021-09-30,4,moderate_supply_growing,0.0,-1.0,0.1921758575351601
29341,2021-10-31,4,moderate_supply_growing,0.0,-1.0,0.0911165822615419
29341,2021-11-30,4,moderate_supply_growing,0.0,-1.0,0.1635485317327284
29341,2021-12-31,4,moderate_supply_growing,0.0,-1.0,0.281456408357262
29349,2021-01-31,3,affordable_high_demand,0.0,0.0,0.9084761767413464
29349,2021-02-28,3,affordable_high_demand,0.0,0.0,0.8019814395483267
29349,2021-03-31,3,affordable_high_demand,0.0,0.0,0.7032873156727616
29349,2021-04-30,3,affordable_high_demand,0.0,0.0,0.7476025215763157
29349,2021-05-31,3,affordable_high_demand,0.0,0.0,0.8445397731986115
29349,2021-06-30,3,affordable_high_demand,0.0,0.0,0.9418784677544044
29349,2021-07-31,3,affordable_high_demand,0.0,0.0,0.9038460522789088
29349,2021-08-31,3,affordable_high_demand,0.0,0.0,0.7874998761794987
29349,2021-09-30,3,affordable_high_demand,0.0,0.0,0.3784505834152226
29349,2021-10-31,3,affordable_high_demand,0.0,0.0,0.2471266843017262
29349,2021-11-30,3,affordable_high_demand,0.0,-1.0,0.4883194744385175
29349,2021-12-31,3,affordable_high_demand,0.0,-1.0,0.8108670464603108
29356,2021-01-31,4,moderate_supply_growing,0.0,0.0,0.2957355205790011
29356,2021-02-28,4,moderate_supply_growing,0.0,0.0,0.4028303536272071
29356,2021-03-31,4,moderate_supply_growing,0.0,0.0,0.5392934881437452
29356,2021-04-30,4,moderate_supply_growing,0.0,0.0,0.7199822838506406
29356,2021-05-31,4,moderate_supply_growing,0.0,0.0,0.5681487347133806
29356,2021-06-30,4,moderate_supply_growing,0.0,0.0,0.6530194055315993
29356,2021-07-31,4,moderate_supply_growing,0.0,0.0,0.4370290077958687
29356,2021-08-31,4,moderate_supply_growing,0.0,0.0,0.0754512783099907
29356,2021-09-30,4,moderate_supply_growing,0.0,0.0,0.0277841541423033
29356,2021-10-31,4,moderate_supply_growing,0.0,0.0,0.0136377068005564
29356,2021-11-30,4,moderate_supply_growing,0.0,0.0,0.0455222414942795
29356,2021-12-31,4,moderate_supply_growing,0.0,0.0,0.0743629137675696
29360,2021-01-31,4,moderate_supply_growing,0.0,0.0,0.0352129532805207
29360,2021-02-28,4,moderate_supply_growing,0.0,0.0,0.0400331483172008
29360,2021-03-31,4,moderate_supply_growing,0.0,0.0,0.0769944755238219
29360,2021-04-30,4,moderate_supply_growing,0.0,0.0,0.0862373471619159
29360,2021-05-31,4,moderate_supply_growing,0.0,0.0,0.0827649673175434
29360,2021-06-30,4,moderate_supply_growing,0.0,-1.0,0.1603576129517316
29360,2021-07-31,4,moderate_supply_growing,0.0,-1.0,0.2289907929941668
29360,2021-08-31,4,moderate_supply_growing,0.0,-1.0,0.095933305785314
29360,2021-09-30,4,moderate_supply_growing,0.0,-1.0,0.0227554789331579
29360,2021-10-31,4,moderate_supply_growing,0.0,-1.0,0.0122219878137751
29360,2021-11-30,4,moderate_supply_growing,0.0,-1.0,0.0282583816839619
29360,2021-12-31,4,moderate_supply_growing,0.0,0.0,0.068071504894652
29365,2021-01-31,3,affordable_high_demand,0.0,0.0,0.938091299621626
29365,2021-02-28,3,affordable_high_demand,0.0,0.0,0.9268946703217932
29365,2021-03-31,3,affordable_high_demand,0.0,0.0,0.9557891918394862
29365,2021-04-30,3,affordable_high_demand,0.0,0.0,0.9427852633760668
29365,2021-05-31,3,affordable_high_demand,0.0,0.0,0.9699134208524224
29365,2021-06-30,3,affordable_high_demand,0.0,0.0,0.9144692565230343
29365,2021-07-31,3,affordable_high_demand,0.0,0.0,0.8895300849669203
29365,2021-08-31,3,affordable_high_demand,0.0,0.0,0.8597706060171456
29365,2021-09-30,3,affordable_high_demand,0.0,0.0,0.8577972838230058
29365,2021-10-31,3,affordable_high_demand,0.0,-1.0,0.8825532729676685
29365,2021-11-30,3,affordable_high_demand,0.0,-1.0,0.8531305087063586
29365,2021-12-31,3,affordable_high_demand,0.0,-1.0,0.7688938385331949
29369,2021-01-31,3,affordable_high_demand,1.0,1.0,0.9754467993970228
29369,2021-02-28,3,affordable_high_demand,1.0,1.0,0.950639018633048
29369,2021-03-31,3,affordable_high_demand,0.0,0.0,0.879795445837778
29369,2021-04-30,3,affordable_high_demand,0.0,0.0,0.9371122685146632
29369,2021-05-31,3,affordable_high_demand,0.0,0.0,0.945460852597893
29369,2021-06-30,3,affordable_high_demand,0.0,-1.0,0.8383972298455226
29369,2021-07-31,3,affordable_high_demand,0.0,-1.0,0.7890430486905681
29369,2021-08-31,3,affordable_high_demand,0.0,-1.0,0.8051939884071508
29369,2021-09-30,3,affordable_high_demand,0.0,-1.0,0.8320178620606827
29369,2021-10-31,3,affordable_high_demand,0.0,-1.0,0.556651669134108
29369,2021-11-30,3,affordable_high_demand,0.0,-1.0,0.4061855149382845
29369,2021-12-31,3,affordable_high_demand,0.0,-1.0,0.5262673567629513
29372,2021-01-31,2,competitive_mid_market,1.0,1.0,0.126082119407143
29372,2021-02-28,2,competitive_mid_market,1.0,1.0,0.1537194686392285
29372,2021-03-31,2,competitive_mid_market,1.0,1.0,0.39550974639844
29372,2021-04-30,2,competitive_mid_market,0.0,-1.0,0.3203937862428346
29372,2021-05-31,2,competitive_mid_market,0.0,-1.0,0.3506850373699816
29372,2021-06-30,2,competitive_mid_market,0.0,-1.0,0.1858719591561536
29372,2021-07-31,2,competitive_mid_market,0.0,-1.0,0.2041673511128043
29372,2021-08-31,2,competitive_mid_market,0.0,-1.0,0.1391288457842447
29372,2021-09-30,2,competitive_mid_market,0.0,-1.0,0.0420717656232685
29372,2021-10-31,2,competitive_mid_market,0.0,-1.0,0.0704255523738143
29372,2021-11-30,2,competitive_mid_market,0.0,-1.0,0.0557112744889038
29372,2021-12-31,2,competitive_mid_market,0.0,-1.0,0.0476652260668165
29376,2021-01-31,3,affordable_high_demand,1.0,1.0,0.3381827994526352
29376,2021-02-28,3,affordable_high_demand,0.0,0.0,0.1614410805086245
29376,2021-03-31,3,affordable_high_demand,0.0,0.0,0.1021676629310942
29376,2021-04-30,3,affordable_high_demand,0.0,0.0,0.3020324689438056
29376,2021-05-31,3,affordable_high_demand,0.0,0.0,0.0561526558831525
29376,2021-06-30,3,affordable_high_demand,0.0,0.0,0.4262264332091278
29376,2021-07-31,3,affordable_high_demand,0.0,0.0,0.2794682353333743
29376,2021-08-31,3,affordable_high_demand,0.0,-1.0,0.4470629070096796
29376,2021-09-30,3,affordable_high_demand,0.0,-1.0,0.1302851828118786
29376,2021-10-31,3,affordable_high_demand,0.0,-1.0,0.0881386296765052
29376,2021-11-30,3,affordable_high_demand,0.0,-1.0,0.1718640776342042
29376,2021-12-31,3,affordable_high_demand,0.0,-1.0,0.0779097806023956
29379,2021-01-31,2,competitive_mid_market,0.0,0.0,0.0204404413742168
29379,2021-02-28,2,competitive_mid_market,0.0,0.0,0.0319335650542682
29379,2021-03-31,2,competitive_mid_market,0.0,0.0,0.0367693402316981
29379,2021-04-30,2,competitive_mid_market,0.0,-1.0,0.0521963813422769
29379,2021-05-31,2,competitive_mid_market,0.0,-1.0,0.039843414717058
29379,2021-06-30,2,competitive_mid_market,0.0,-1.0,0.1212425173828392
29379,2021-07-31,2,competitive_mid_market,0.0,-1.0,0.181745869103217
29379,2021-08-31,2,competitive_mid_market,0.0,-1.0,0.0965835955529386
29379,2021-09-30,2,competitive_mid_market,0.0,-1.0,0.0200237406789074
29379,2021-10-31,2,competitive_mid_market,0.0,-1.0,0.0139412508676567
29379,2021-11-30,2,competitive_mid_market,0.0,-1.0,0.0310014658804315
29379,2021-12-31,2,competitive_mid_market,0.0,-1.0,0.0129740581340886
29384,2021-01-31,4,moderate_supply_growing,0.0,0.0,0.1163822711651331
29384,2021-02-28,4,moderate_supply_growing,0.0,0.0,0.1291215557189394
29384,2021-03-31,4,moderate_supply_growing,0.0,0.0,0.1979350890005727
29384,2021-04-30,4,moderate_supply_growing,0.0,0.0,0.1070111625767453
29384,2021-05-31,4,moderate_supply_growing,0.0,0.0,0.2757016068234757
29384,2021-06-30,4,moderate_supply_growing,0.0,0.0,0.3400329427337973
29384,2021-07-31,4,moderate_supply_growing,0.0,0.0,0.5461440264374756
29384,2021-08-31,4,moderate_supply_growing,0.0,0.0,0.0558253096755418
29384,2021-09-30,4,moderate_supply_growing,0.0,-1.0,0.0429372992391194
29384,2021-10-31,4,moderate_supply_growing,0.0,0.0,0.0387851645878174
29384,2021-11-30,4,moderate_supply_growing,0.0,0.0,0.5575016488311092
29384,2021-12-31,4,moderate_supply_growing,0.0,0.0,0.4927441263969437
29385,2021-01-31,2,competitive_mid_market,1.0,1.0,0.4895873250919112
29385,2021-02-28,2,competitive_mid_market,0.0,0.0,0.5634674448505945
29385,2021-03-31,2,competitive_mid_market,0.0,0.0,0.3494541229355877
29385,2021-04-30,2,competitive_mid_market,0.0,0.0,0.3085794112881331
29385,2021-05-31,2,competitive_mid_market,0.0,0.0,0.3102925647452607
29385,2021-06-30,2,competitive_mid_market,0.0,0.0,0.1574678205753011
29385,2021-07-31,2,competitive_mid_market,0.0,-1.0,0.3754316039495448
29385,2021-08-31,2,competitive_mid_market,0.0,-1.0,0.0716399417587168
29385,2021-09-30,2,competitive_mid_market,0.0,-1.0,0.0656051749947755
29385,2021-10-31,2,competitive_mid_market,0.0,-1.0,0.1013174711655165
29385,2021-11-30,2,competitive_mid_market,0.0,-1.0,0.1795485724905049
29385,2021-12-31,2,competitive_mid_market,0.0,-1.0,0.2223761407128689
29388,2021-01-31,2,competitive_mid_market,1.0,1.0,0.5623281623935655
29388,2021-02-28,2,competitive_mid_market,1.0,1.0,0.6903642805149269
29388,2021-03-31,2,competitive_mid_market,0.0,0.0,0.6130591943278528
29388,2021-04-30,2,competitive_mid_market,0.0,-1.0,0.7972829440801337
29388,2021-05-31,2,competitive_mid_market,0.0,-1.0,0.8586861433197849
29388,2021-06-30,2,competitive_mid_market,0.0,-1.0,0.7850786793805136
29388,2021-07-31,2,competitive_mid_market,0.0,-1.0,0.7364491203791592
29388,2021-08-31,2,competitive_mid_market,0.0,-1.0,0.2764558160567471
29388,2021-09-30,2,competitive_mid_market,0.0,-1.0,0.0552873439206566
29388,2021-10-31,2,competitive_mid_market,0.0,-1.0,0.1165368162187632
29388,2021-11-30,2,competitive_mid_market,0.0,-1.0,0.0759232526067341
29388,2021-12-31,2,competitive_mid_market,0.0,-1.0,0.1908503933145283
29401,2021-01-31,0,high_value_appreciating,1.0,1.0,0.9377116520171632
29401,2021-02-28,0,high_value_appreciating,1.0,1.0,0.9798707223444444
29401,2021-03-31,0,high_value_appreciating,1.0,1.0,0.9883614873884904
29401,2021-04-30,0,high_value_appreciating,1.0,1.0,0.9905666325143312
29401,2021-05-31,0,high_value_appreciating,1.0,1.0,0.9901513937719671
29401,2021-06-30,0,high_value_appreciating,1.0,1.0,0.9725569219682996
29401,2021-07-31,0,high_value_appreciating,1.0,1.0,0.901511485418018
29401,2021-08-31,0,high_value_appreciating,1.0,1.0,0.8269245693494122
29401,2021-09-30,0,high_value_appreciating,0.0,0.0,0.7169309564685348
29401,2021-10-31,0,high_value_appreciating,0.0,0.0,0.7564102384129845
29401,2021-11-30,0,high_value_appreciating,0.0,0.0,0.7584871661487399
29401,2021-12-31,0,high_value_appreciating,0.0,0.0,0.8016113841947923
29403,2021-01-31,0,high_value_appreciating,0.0,0.0,0.8549877913168648
29403,2021-02-28,0,high_value_appreciating,0.0,0.0,0.9406742676110482
29403,2021-03-31,0,high_value_appreciating,1.0,1.0,0.958401000149729
29403,2021-04-30,0,high_value_appreciating,0.0,0.0,0.9752584853254236
29403,2021-05-31,0,high_value_appreciating,0.0,0.0,0.960091944289526
29403,2021-06-30,0,high_value_appreciating,0.0,0.0,0.855790824405043
29403,2021-07-31,0,high_value_appreciating,0.0,0.0,0.5290609013398324
29403,2021-08-31,0,high_value_appreciating,0.0,0.0,0.4800083274434952
29403,2021-09-30,0,high_value_appreciating,0.0,0.0,0.2158352311726207
29403,2021-10-31,0,high_value_appreciating,0.0,0.0,0.0617021098746411
29403,2021-11-30,0,high_value_appreciating,0.0,0.0,0.0972956364424541
29403,2021-12-31,0,high_value_appreciating,0.0,0.0,0.0938644703134463
29405,2021-01-31,2,competitive_mid_market,0.0,0.0,0.4780232227384295
29405,2021-02-28,2,competitive_mid_market,0.0,0.0,0.8316164737603553
29405,2021-03-31,2,competitive_mid_market,0.0,0.0,0.8992140997733048
29405,2021-04-30,2,competitive_mid_market,0.0,0.0,0.8709319133216022
29405,2021-05-31,2,competitive_mid_market,0.0,0.0,0.8541865989156356
29405,2021-06-30,2,competitive_mid_market,0.0,0.0,0.8511396104737668
29405,2021-07-31,2,competitive_mid_market,0.0,0.0,0.6333770232521791
29405,2021-08-31,2,competitive_mid_market,0.0,0.0,0.3453078336308474
29405,2021-09-30,2,competitive_mid_market,0.0,0.0,0.036456827077544
29405,2021-10-31,2,competitive_mid_market,0.0,0.0,0.0486586955575363
29405,2021-11-30,2,competitive_mid_market,0.0,0.0,0.1637350820658867
29405,2021-12-31,2,competitive_mid_market,0.0,-1.0,0.1560769881379884
29406,2021-01-31,2,competitive_mid_market,1.0,1.0,0.8576727433774113
29406,2021-02-28,2,competitive_mid_market,1.0,1.0,0.8837808793003726
29406,2021-03-31,2,competitive_mid_market,0.0,0.0,0.8407017041319935
29406,2021-04-30,2,competitive_mid_market,0.0,0.0,0.7685384357937927
29406,2021-05-31,2,competitive_mid_market,0.0,0.0,0.8352474855175775
29406,2021-06-30,2,competitive_mid_market,0.0,0.0,0.6447208619982607
29406,2021-07-31,2,competitive_mid_market,0.0,0.0,0.5877177045230448
29406,2021-08-31,2,competitive_mid_market,0.0,0.0,0.5765431988965498
29406,2021-09-30,2,competitive_mid_market,0.0,0.0,0.5722916644917522
29406,2021-10-31,2,competitive_mid_market,0.0,0.0,0.5404344767587964
29406,2021-11-30,2,competitive_mid_market,0.0,0.0,0.4153187822210181
29406,2021-12-31,2,competitive_mid_market,0.0,-1.0,0.3148712745492522
29407,2021-01-31,3,affordable_high_demand,1.0,1.0,0.9570810482769024
29407,2021-02-28,3,affordable_high_demand,1.0,1.0,0.9880071778098426
29407,2021-03-31,3,affordable_high_demand,1.0,1.0,0.9771205268992372
29407,2021-04-30,3,affordable_high_demand,1.0,1.0,0.9772046400294648
29407,2021-05-31,3,affordable_high_demand,1.0,1.0,0.9683840407395397
29407,2021-06-30,3,affordable_high_demand,1.0,1.0,0.9491151439200682
29407,2021-07-31,3,affordable_high_demand,1.0,1.0,0.8531441482335179
29407,2021-08-31,3,affordable_high_demand,0.0,0.0,0.6711504468407344
29407,2021-09-30,3,affordable_high_demand,0.0,0.0,0.1531573825849175
29407,2021-10-31,3,affordable_high_demand,0.0,0.0,0.083465357851297
29407,2021-11-30,3,affordable_high_demand,0.0,0.0,0.0904587949849862
29407,2021-12-31,3,affordable_high_demand,0.0,0.0,0.4329284530998413
29410,2021-01-31,3,affordable_high_demand,0.0,0.0,0.9029541659840332
29410,2021-02-28,3,affordable_high_demand,1.0,1.0,0.9528458442782338
29410,2021-03-31,3,affordable_high_demand,1.0,1.0,0.976483581401078
29410,2021-04-30,3,affordable_high_demand,1.0,1.0,0.9918649476219604
29410,2021-05-31,3,affordable_high_demand,0.0,0.0,0.982879292547058
29410,2021-06-30,3,affordable_high_demand,0.0,0.0,0.9728304197523732
29410,2021-07-31,3,affordable_high_demand,0.0,0.0,0.936120536352485
29410,2021-08-31,3,affordable_high_demand,0.0,0.0,0.9250853768115964
29410,2021-09-30,3,affordable_high_demand,0.0,0.0,0.858324394822156
29410,2021-10-31,3,affordable_high_demand,0.0,-1.0,0.8153588372242313
29410,2021-11-30,3,affordable_high_demand,0.0,-1.0,0.8107857330545832
29410,2021-12-31,3,affordable_high_demand,0.0,-1.0,0.8264542645841408
29412,2021-01-31,3,affordable_high_demand,1.0,1.0,0.9872976833547388
29412,2021-02-28,3,affordable_high_demand,1.0,1.0,0.9869652111966016
29412,2021-03-31,3,affordable_high_demand,1.0,1.0,0.9881566169027464
29412,2021-04-30,3,affordable_high_demand,1.0,1.0,0.9843555289754368
29412,2021-05-31,3,affordable_high_demand,1.0,1.0,0.9722243280809232
29412,2021-06-30,3,affordable_high_demand,1.0,1.0,0.9785728833577516
29412,2021-07-31,3,affordable_high_demand,1.0,1.0,0.8690181113672661
29412,2021-08-31,3,affordable_high_demand,0.0,0.0,0.8372281504945024
29412,2021-09-30,3,affordable_high_demand,0.0,0.0,0.7537365611113289
29412,2021-10-31,3,affordable_high_demand,0.0,0.0,0.3585783655875263
29412,2021-11-30,3,affordable_high_demand,0.0,0.0,0.7208423210130769
29412,2021-12-31,3,affordable_high_demand,0.0,-1.0,0.8477005363145995
29414,2021-01-31,3,affordable_high_demand,1.0,1.0,0.980226540741791
29414,2021-02-28,3,affordable_high_demand,1.0,1.0,0.9895485170144817
29414,2021-03-31,3,affordable_high_demand,1.0,1.0,0.9912506698112612
29414,2021-04-30,3,affordable_high_demand,1.0,1.0,0.9862374747499368
29414,2021-05-31,3,affordable_high_demand,1.0,1.0,0.9754284581884326
29414,2021-06-30,3,affordable_high_demand,1.0,1.0,0.9641785085000216
29414,2021-07-31,3,affordable_high_demand,1.0,1.0,0.9805009110828572
29414,2021-08-31,3,affordable_high_demand,0.0,0.0,0.8471313111079911
29414,2021-09-30,3,affordable_high_demand,0.0,0.0,0.8780726328881099
29414,2021-10-31,3,affordable_high_demand,0.0,0.0,0.8370996183306789
29414,2021-11-30,3,affordable_high_demand,0.0,0.0,0.9064597671403556
29414,2021-12-31,3,affordable_high_demand,0.0,0.0,0.8927704001456198
29418,2021-01-31,3,affordable_high_demand,1.0,1.0,0.5725053079351732
29418,2021-02-28,3,affordable_high_demand,1.0,1.0,0.9158137595739364
29418,2021-03-31,3,affordable_high_demand,1.0,1.0,0.9484779807779802
29418,2021-04-30,3,affordable_high_demand,1.0,1.0,0.914726256809118
29418,2021-05-31,3,affordable_high_demand,1.0,1.0,0.877740927904164
29418,2021-06-30,3,affordable_high_demand,0.0,0.0,0.8857487088180497
29418,2021-07-31,3,affordable_high_demand,0.0,0.0,0.7214497935028422
29418,2021-08-31,3,affordable_high_demand,0.0,0.0,0.7190362380542402
29418,2021-09-30,3,affordable_high_demand,0.0,0.0,0.6860294651889635
29418,2021-10-31,3,affordable_high_demand,0.0,0.0,0.6024571897337629
29418,2021-11-30,3,affordable_high_demand,0.0,-1.0,0.5873486552498052
29418,2021-12-31,3,affordable_high_demand,0.0,-1.0,0.3440036887447982
29420,2021-01-31,3,affordable_high_demand,1.0,1.0,0.8580568325995912
29420,2021-02-28,3,affordable_high_demand,1.0,1.0,0.9450575091662072
29420,2021-03-31,3,affordable_high_demand,1.0,1.0,0.9680671288256016
29420,2021-04-30,3,affordable_high_demand,1.0,1.0,0.9444526808618736
29420,2021-05-31,3,affordable_high_demand,1.0,1.0,0.9330519828714228
29420,2021-06-30,3,affordable_high_demand,1.0,1.0,0.915207548524391
29420,2021-07-31,3,affordable_high_demand,0.0,0.0,0.9265415886046878
29420,2021-08-31,3,affordable_high_demand,0.0,0.0,0.8988579190271253
29420,2021-09-30,3,affordable_high_demand,0.0,0.0,0.8010096769455067
29420,2021-10-31,3,affordable_high_demand,0.0,0.0,0.7813917773452116
29420,2021-11-30,3,affordable_high_demand,0.0,-1.0,0.7502098775927172
29420,2021-12-31,3,affordable_high_demand,0.0,-1.0,0.6673347130006534
29429,2021-01-31,0,high_value_appreciating,1.0,1.0,0.8360743184389464
29429,2021-02-28,0,high_value_appreciating,1.0,1.0,0.8576144148869829
29429,2021-03-31,0,high_value_appreciating,1.0,1.0,0.7621120506674322
29429,2021-04-30,0,high_value_appreciating,0.0,0.0,0.5700842911864396
29429,2021-05-31,0,high_value_appreciating,0.0,0.0,0.2871000735309625
29429,2021-06-30,0,high_value_appreciating,0.0,0.0,0.3848218122345277
29429,2021-07-31,0,high_value_appreciating,0.0,0.0,0.630398979262745
29429,2021-08-31,0,high_value_appreciating,0.0,0.0,0.2171412902761255
29429,2021-09-30,0,high_value_appreciating,0.0,-1.0,0.10944434985049
29429,2021-10-31,0,high_value_appreciating,0.0,-1.0,0.0334408481173135
29429,2021-11-30,0,high_value_appreciating,0.0,-1.0,0.018620561486716
29429,2021-12-31,0,high_value_appreciating,0.0,-1.0,0.049422587738433
29431,2021-01-31,4,moderate_supply_growing,0.0,0.0,0.2633342625678089
29431,2021-02-28,4,moderate_supply_growing,0.0,0.0,0.7763786030969494
29431,2021-03-31,4,moderate_supply_growing,0.0,0.0,0.5391745563141656
29431,2021-04-30,4,moderate_supply_growing,0.0,-1.0,0.4400297722576763
29431,2021-05-31,4,moderate_supply_growing,0.0,-1.0,0.1306699197837136
29431,2021-06-30,4,moderate_supply_growing,0.0,-1.0,0.7859644413598799
29431,2021-07-31,4,moderate_supply_growing,0.0,-1.0,0.4997436313204736
29431,2021-08-31,4,moderate_supply_growing,0.0,-1.0,0.3771760927512893
29431,2021-09-30,4,moderate_supply_growing,0.0,-1.0,0.0622522091534118
29431,2021-10-31,4,moderate_supply_growing,0.0,-1.0,0.1176592539635074
29431,2021-11-30,4,moderate_supply_growing,0.0,-1.0,0.1854422241352628
29431,2021-12-31,4,moderate_supply_growing,0.0,-1.0,0.1595795684906369
29436,2021-01-31,4,moderate_supply_growing,1.0,1.0,0.8338953612948017
29436,2021-02-28,4,moderate_supply_growing,1.0,1.0,0.7531490120517451
29436,2021-03-31,4,moderate_supply_growing,1.0,1.0,0.8620939675961161
29436,2021-04-30,4,moderate_supply_growing,1.0,1.0,0.6379368207525888
29436,2021-05-31,4,moderate_supply_growing,1.0,1.0,0.6753563301880874
29436,2021-06-30,4,moderate_supply_growing,1.0,1.0,0.647753795704474
29436,2021-07-31,4,moderate_supply_growing,1.0,1.0,0.6546211575514161
29436,2021-08-31,4,moderate_supply_growing,1.0,1.0,0.686722099869827
29436,2021-09-30,4,moderate_supply_growing,0.0,0.0,0.2953165653759715
29436,2021-10-31,4,moderate_supply_growing,0.0,0.0,0.1384339302105752
29436,2021-11-30,4,moderate_supply_growing,0.0,-1.0,0.0461658587739999
29436,2021-12-31,4,moderate_supply_growing,0.0,-1.0,0.0461036840393869
29438,2021-01-31,0,high_value_appreciating,1.0,1.0,0.9539095745502086
29438,2021-02-28,0,high_value_appreciating,1.0,1.0,0.9628573065869068
29438,2021-03-31,0,high_value_appreciating,1.0,1.0,0.9579143267228714
29438,2021-04-30,0,high_value_appreciating,1.0,1.0,0.8169029804833425
29438,2021-05-31,0,high_value_appreciating,1.0,1.0,0.6359957167508856
29438,2021-06-30,0,high_value_appreciating,1.0,1.0,0.7586625672281783
29438,2021-07-31,0,high_value_appreciating,1.0,1.0,0.7355043666768457
29438,2021-08-31,0,high_value_appreciating,0.0,0.0,0.6088354171203735
29438,2021-09-30,0,high_value_appreciating,0.0,0.0,0.4005137198300589
29438,2021-10-31,0,high_value_appreciating,0.0,0.0,0.0330979807201733
29438,2021-11-30,0,high_value_appreciating,0.0,-1.0,0.0573487974398077
29438,2021-12-31,0,high_value_appreciating,0.0,-1.0,0.0558468527259893
29440,2021-01-31,4,moderate_supply_growing,0.0,0.0,0.3828958855212037
29440,2021-02-28,4,moderate_supply_growing,0.0,0.0,0.61073369429914
29440,2021-03-31,4,moderate_supply_growing,0.0,0.0,0.1594467742294448
29440,2021-04-30,4,moderate_supply_growing,0.0,0.0,0.2419861541584597
29440,2021-05-31,4,moderate_supply_growing,0.0,0.0,0.2676104381156122
29440,2021-06-30,4,moderate_supply_growing,0.0,0.0,0.6009328074563669
29440,2021-07-31,4,moderate_supply_growing,0.0,0.0,0.4206712041145691
29440,2021-08-31,4,moderate_supply_growing,0.0,0.0,0.2359848183202161
29440,2021-09-30,4,moderate_supply_growing,0.0,0.0,0.0504947975125841
29440,2021-10-31,4,moderate_supply_growing,0.0,0.0,0.0421376614697051
29440,2021-11-30,4,moderate_supply_growing,0.0,0.0,0.1031538266135632
29440,2021-12-31,4,moderate_supply_growing,0.0,0.0,0.0573937392169679
29445,2021-01-31,3,affordable_high_demand,1.0,1.0,0.9492430932556788
29445,2021-02-28,3,affordable_high_demand,1.0,1.0,0.9705554974502488
29445,2021-03-31,3,affordable_high_demand,1.0,1.0,0.984883194712214
29445,2021-04-30,3,affordable_high_demand,1.0,1.0,0.9740087009413916
29445,2021-05-31,3,affordable_high_demand,1.0,1.0,0.9706387129782348
29445,2021-06-30,3,affordable_high_demand,1.0,1.0,0.9830428897299792
29445,2021-07-31,3,affordable_high_demand,0.0,0.0,0.9653139804312656
29445,2021-08-31,3,affordable_high_demand,0.0,0.0,0.9547639394887012
29445,2021-09-30,3,affordable_high_demand,0.0,0.0,0.9594126806215852
29445,2021-10-31,3,affordable_high_demand,0.0,0.0,0.9584070425290754
29445,2021-11-30,3,affordable_high_demand,0.0,0.0,0.9296864721664388
29445,2021-12-31,3,affordable_high_demand,0.0,0.0,0.8931904282227309
29449,2021-01-31,0,high_value_appreciating,0.0,0.0,0.4727087121253132
29449,2021-02-28,0,high_value_appreciating,0.0,0.0,0.4078296614918317
29449,2021-03-31,0,high_value_appreciating,0.0,0.0,0.5937695436211494
29449,2021-04-30,0,high_value_appreciating,0.0,0.0,0.6506515927558579
29449,2021-05-31,0,high_value_appreciating,0.0,0.0,0.606938088022983
29449,2021-06-30,0,high_value_appreciating,0.0,0.0,0.6726579171764625
29449,2021-07-31,0,high_value_appreciating,0.0,0.0,0.5787575838120608
29449,2021-08-31,0,high_value_appreciating,0.0,0.0,0.4384593826084454
29449,2021-09-30,0,high_value_appreciating,0.0,0.0,0.1104000589624162
29449,2021-10-31,0,high_value_appreciating,0.0,0.0,0.1156794138565933
29449,2021-11-30,0,high_value_appreciating,0.0,0.0,0.219133904203144
29449,2021-12-31,0,high_value_appreciating,0.0,0.0,0.2599522003705417
29450,2021-01-31,0,high_value_appreciating,1.0,1.0,0.9180357556226286
29450,2021-02-28,0,high_value_appreciating,1.0,1.0,0.684223438115131
29450,2021-03-31,0,high_value_appreciating,0.0,0.0,0.7131966364766174
29450,2021-04-30,0,high_value_appreciating,0.0,0.0,0.6846106208377274
29450,2021-05-31,0,high_value_appreciating,0.0,-1.0,0.490881881441699
29450,2021-06-30,0,high_value_appreciating,0.0,-1.0,0.3970816165774021
29450,2021-07-31,0,high_value_appreciating,0.0,-1.0,0.2943761433154298
29450,2021-08-31,0,high_value_appreciating,0.0,-1.0,0.4324911711560124
29450,2021-09-30,0,high_value_appreciating,0.0,-1.0,0.2178764888604181
29450,2021-10-31,0,high_value_appreciating,0.0,-1.0,0.1081511599558917
29450,2021-11-30,0,high_value_appreciating,0.0,-1.0,0.168394672362224
29450,2021-12-31,0,high_value_appreciating,0.0,-1.0,0.2668069751998988
29451,2021-01-31,0,high_value_appreciating,1.0,1.0,0.9926279178495824
29451,2021-02-28,0,high_value_appreciating,1.0,1.0,0.9937972381693464
29451,2021-03-31,0,high_value_appreciating,1.0,1.0,0.9963579248793828
29451,2021-04-30,0,high_value_appreciating,1.0,1.0,0.9782678474675788
29451,2021-05-31,0,high_value_appreciating,1.0,1.0,0.9333459832918796
29451,2021-06-30,0,high_value_appreciating,1.0,1.0,0.8951148342101962
29451,2021-07-31,0,high_value_appreciating,1.0,1.0,0.9093646769726578
29451,2021-08-31,0,high_value_appreciating,1.0,1.0,0.8828329777991115
29451,2021-09-30,0,high_value_appreciating,0.0,0.0,0.4878072886526216
29451,2021-10-31,0,high_value_appreciating,0.0,0.0,0.3656868521607092
29451,2021-11-30,0,high_value_appreciating,0.0,0.0,0.3014351772187081
29451,2021-12-31,0,high_value_appreciating,0.0,-1.0,0.3900574858521907
29455,2021-01-31,3,affordable_high_demand,1.0,1.0,0.994014485434871
29455,2021-02-28,3,affordable_high_demand,1.0,1.0,0.9957806908178332
29455,2021-03-31,3,affordable_high_demand,1.0,1.0,0.992696330089796
29455,2021-04-30,3,affordable_high_demand,1.0,1.0,0.9929889329250392
29455,2021-05-31,3,affordable_high_demand,1.0,1.0,0.987846067897836
29455,2021-06-30,3,affordable_high_demand,1.0,1.0,0.9801131055813048
29455,2021-07-31,3,affordable_high_demand,1.0,1.0,0.9565805976006174
29455,2021-08-31,3,affordable_high_demand,1.0,1.0,0.8615790996956716
29455,2021-09-30,3,affordable_high_demand,0.0,0.0,0.8228889530030324
29455,2021-10-31,3,affordable_high_demand,0.0,0.0,0.8437913491204629
29455,2021-11-30,3,affordable_high_demand,0.0,0.0,0.8677984218541317
29455,2021-12-31,3,affordable_high_demand,0.0,-1.0,0.8072915773022336
29456,2021-01-31,3,affordable_high_demand,1.0,1.0,0.9482940634265168
29456,2021-02-28,3,affordable_high_demand,1.0,1.0,0.960506467847169
29456,2021-03-31,3,affordable_high_demand,1.0,1.0,0.9762760280882248
29456,2021-04-30,3,affordable_high_demand,1.0,1.0,0.9617514246752424
29456,2021-05-31,3,affordable_high_demand,1.0,1.0,0.9672824198412334
29456,2021-06-30,3,affordable_high_demand,1.0,1.0,0.9748199046411106
29456,2021-07-31,3,affordable_high_demand,1.0,1.0,0.9531475982147212
29456,2021-08-31,3,affordable_high_demand,0.0,0.0,0.8506515693983497
29456,2021-09-30,3,affordable_high_demand,0.0,0.0,0.8347185586567569
29456,2021-10-31,3,affordable_high_demand,0.0,0.0,0.8908125940084723
29456,2021-11-30,3,affordable_high_demand,0.0,-1.0,0.7672037275883962
29456,2021-12-31,3,affordable_high_demand,0.0,-1.0,0.8804801601895224
29458,2021-01-31,0,high_value_appreciating,0.0,0.0,0.1002780627157359
29458,2021-02-28,0,high_value_appreciating,0.0,-1.0,0.0764813856760189
29458,2021-03-31,0,high_value_appreciating,0.0,-1.0,0.0466651920729107
29458,2021-04-30,0,high_value_appreciating,0.0,-1.0,0.0334707397921048
29458,2021-05-31,0,high_value_appreciating,0.0,-1.0,0.0802599625278671
29458,2021-06-30,0,high_value_appreciating,0.0,-1.0,0.1872533774806109
29458,2021-07-31,0,high_value_appreciating,0.0,-1.0,0.1189473034519819
29458,2021-08-31,0,high_value_appreciating,0.0,-1.0,0.074583148927924
29458,2021-09-30,0,high_value_appreciating,0.0,-1.0,0.0961739603746443
29458,2021-10-31,0,high_value_appreciating,0.0,-1.0,0.0640385244178671
29458,2021-11-30,0,high_value_appreciating,0.0,-1.0,0.0897270128214196
29458,2021-12-31,0,high_value_appreciating,0.0,-1.0,0.0899929126518966
29461,2021-01-31,3,affordable_high_demand,1.0,1.0,0.944090713377614
29461,2021-02-28,3,affordable_high_demand,0.0,0.0,0.977217801256892
29461,2021-03-31,3,affordable_high_demand,0.0,0.0,0.9680274103133972
29461,2021-04-30,3,affordable_high_demand,0.0,0.0,0.9793531742320988
29461,2021-05-31,3,affordable_high_demand,0.0,0.0,0.9791619878010358
29461,2021-06-30,3,affordable_high_demand,0.0,0.0,0.9610363456909612
29461,2021-07-31,3,affordable_high_demand,0.0,0.0,0.9704584633507748
29461,2021-08-31,3,affordable_high_demand,0.0,0.0,0.950065299142302
29461,2021-09-30,3,affordable_high_demand,0.0,0.0,0.8853456429654734
29461,2021-10-31,3,affordable_high_demand,0.0,0.0,0.898096451432449
29461,2021-11-30,3,affordable_high_demand,0.0,-1.0,0.8062553530114248
29461,2021-12-31,3,affordable_high_demand,0.0,-1.0,0.7926981007789666
29464,2021-01-31,3,affordable_high_demand,1.0,1.0,0.977994010136974
29464,2021-02-28,3,affordable_high_demand,1.0,1.0,0.9900888851057188
29464,2021-03-31,3,affordable_high_demand,1.0,1.0,0.9956281461222304
29464,2021-04-30,3,affordable_high_demand,1.0,1.0,0.994022552667138
29464,2021-05-31,3,affordable_high_demand,1.0,1.0,0.9763005362777742
29464,2021-06-30,3,affordable_high_demand,1.0,1.0,0.9772264980498888
29464,2021-07-31,3,affordable_high_demand,1.0,1.0,0.8902655725441433
29464,2021-08-31,3,affordable_high_demand,1.0,1.0,0.8055240680667632
29464,2021-09-30,3,affordable_high_demand,0.0,0.0,0.6325043267823771
29464,2021-10-31,3,affordable_high_demand,0.0,0.0,0.7118218708155122
29464,2021-11-30,3,affordable_high_demand,0.0,0.0,0.7344112784609335
29464,2021-12-31,3,affordable_high_demand,0.0,0.0,0.7869083586617679
29466,2021-01-31,3,affordable_high_demand,1.0,1.0,0.9775658515673988
29466,2021-02-28,3,affordable_high_demand,1.0,1.0,0.9923664863550272
29466,2021-03-31,3,affordable_high_demand,1.0,1.0,0.9901943360108736
29466,2021-04-30,3,affordable_high_demand,1.0,1.0,0.9870230693047684
29466,2021-05-31,3,affordable_high_demand,1.0,1.0,0.9852289226981584
29466,2021-06-30,3,affordable_high_demand,1.0,1.0,0.977760986590352
29466,2021-07-31,3,affordable_high_demand,1.0,1.0,0.9227054830423064
29466,2021-08-31,3,affordable_high_demand,0.0,0.0,0.9004259862452062
29466,2021-09-30,3,affordable_high_demand,0.0,0.0,0.8422750509632823
29466,2021-10-31,3,affordable_high_demand,0.0,0.0,0.8581855512027602
29466,2021-11-30,3,affordable_high_demand,0.0,-1.0,0.713786259624556
29466,2021-12-31,3,affordable_high_demand,0.0,-1.0,0.6648896185882744
29470,2021-01-31,0,high_value_appreciating,0.0,0.0,0.5912008537002911
29470,2021-02-28,0,high_value_appreciating,0.0,0.0,0.455275677502369
29470,2021-03-31,0,high_value_appreciating,0.0,0.0,0.393927604633574
29470,2021-04-30,0,high_value_appreciating,0.0,-1.0,0.2749824090835787
29470,2021-05-31,0,high_value_appreciating,0.0,-1.0,0.1424907388264206
29470,2021-06-30,0,high_value_appreciating,0.0,-1.0,0.211563402618976
29470,2021-07-31,0,high_value_appreciating,0.0,-1.0,0.204179592078712
29470,2021-08-31,0,high_value_appreciating,0.0,-1.0,0.0678072104107019
29470,2021-09-30,0,high_value_appreciating,0.0,-1.0,0.0405165850643285
29470,2021-10-31,0,high_value_appreciating,0.0,-1.0,0.0729078736294048
29470,2021-11-30,0,high_value_appreciating,0.0,-1.0,0.034923233613526
29470,2021-12-31,0,high_value_appreciating,0.0,-1.0,0.048778766430416
29472,2021-01-31,4,moderate_supply_growing,0.0,-1.0,0.584290779421272
29472,2021-02-28,4,moderate_supply_growing,0.0,-1.0,0.4959826531204714
29472,2021-03-31,4,moderate_supply_growing,0.0,-1.0,0.1794179065214274
29472,2021-04-30,4,moderate_supply_growing,0.0,-1.0,0.1254844478039488
29472,2021-05-31,4,moderate_supply_growing,0.0,-1.0,0.0896835455722558
29472,2021-06-30,4,moderate_supply_growing,0.0,-1.0,0.217430760998025
29472,2021-07-31,4,moderate_supply_growing,0.0,-1.0,0.1750962989274213
29472,2021-08-31,4,moderate_supply_growing,0.0,-1.0,0.0783151059418556
29472,2021-09-30,4,moderate_supply_growing,0.0,-1.0,0.024281798757856
29472,2021-10-31,4,moderate_supply_growing,0.0,-1.0,0.0401729402696372
29472,2021-11-30,4,moderate_supply_growing,0.0,-1.0,0.1206441061853228
29472,2021-12-31,4,moderate_supply_growing,0.0,-1.0,0.1048436496146
29477,2021-01-31,4,moderate_supply_growing,0.0,-1.0,0.1387257587677828
29477,2021-02-28,4,moderate_supply_growing,0.0,-1.0,0.31967853840528
29477,2021-03-31,4,moderate_supply_growing,0.0,-1.0,0.2128175186621052
29477,2021-04-30,4,moderate_supply_growing,0.0,0.0,0.3253183034619476
29477,2021-05-31,4,moderate_supply_growing,0.0,0.0,0.1536274923104668
29477,2021-06-30,4,moderate_supply_growing,0.0,0.0,0.2984368770984513
29477,2021-07-31,4,moderate_supply_growing,0.0,0.0,0.0783364903573957
29477,2021-08-31,4,moderate_supply_growing,0.0,0.0,0.0574386940254621
29477,2021-09-30,4,moderate_supply_growing,0.0,0.0,0.0338482733807299
29477,2021-10-31,4,moderate_supply_growing,0.0,0.0,0.1433575447699261
29477,2021-11-30,4,moderate_supply_growing,0.0,0.0,0.1175555857916433
29477,2021-12-31,4,moderate_supply_growing,0.0,0.0,0.1840443959211789
29479,2021-01-31,1,low_activity_cooling,0.0,-1.0,0.0647081676140225
29479,2021-02-28,1,low_activity_cooling,0.0,-1.0,0.0691617105082839
29479,2021-03-31,1,low_activity_cooling,0.0,-1.0,0.0390436235328761
29479,2021-04-30,1,low_activity_cooling,0.0,-1.0,0.4330297155800195
29479,2021-05-31,1,low_activity_cooling,0.0,-1.0,0.6201548138544474
29479,2021-06-30,1,low_activity_cooling,0.0,-1.0,0.6059467520006213
29479,2021-07-31,1,low_activity_cooling,0.0,-1.0,0.4693762248277944
29479,2021-08-31,1,low_activity_cooling,0.0,-1.0,0.2520379579422617
29479,2021-09-30,1,low_activity_cooling,0.0,-1.0,0.2486516400973546
29479,2021-10-31,1,low_activity_cooling,0.0,-1.0,0.0778268395343073
29479,2021-11-30,1,low_activity_cooling,0.0,-1.0,0.6206742979721211
29479,2021-12-31,1,low_activity_cooling,0.0,-1.0,0.3864289327049477
29482,2021-01-31,0,high_value_appreciating,1.0,1.0,0.8742140431526035
29482,2021-02-28,0,high_value_appreciating,1.0,1.0,0.9732371614064173
29482,2021-03-31,0,high_value_appreciating,1.0,1.0,0.94573360559181
29482,2021-04-30,0,high_value_appreciating,1.0,1.0,0.8271693553507915
29482,2021-05-31,0,high_value_appreciating,1.0,1.0,0.7034707745202751
29482,2021-06-30,0,high_value_appreciating,1.0,1.0,0.6000283037668769
29482,2021-07-31,0,high_value_appreciating,1.0,1.0,0.457261782678581
29482,2021-08-31,0,high_value_appreciating,0.0,0.0,0.4076408151891971
29482,2021-09-30,0,high_value_appreciating,0.0,0.0,0.2129789226993998
29482,2021-10-31,0,high_value_appreciating,0.0,0.0,0.1785672234214553
29482,2021-11-30,0,high_value_appreciating,0.0,-1.0,0.2344718148661389
29482,2021-12-31,0,high_value_appreciating,0.0,-1.0,0.4734950550426119
29483,2021-01-31,3,affordable_high_demand,0.0,0.0,0.8240394630844506
29483,2021-02-28,3,affordable_high_demand,0.0,0.0,0.7530057888330042
29483,2021-03-31,3,affordable_high_demand,0.0,0.0,0.8808815791819128
29483,2021-04-30,3,affordable_high_demand,0.0,0.0,0.9437905396832144
29483,2021-05-31,3,affordable_high_demand,0.0,0.0,0.959781140429542
29483,2021-06-30,3,affordable_high_demand,0.0,0.0,0.9580859232416882
29483,2021-07-31,3,affordable_high_demand,0.0,0.0,0.94825566504369
29483,2021-08-31,3,affordable_high_demand,0.0,0.0,0.8203367376886301
29483,2021-09-30,3,affordable_high_demand,0.0,0.0,0.7266597269706754
29483,2021-10-31,3,affordable_high_demand,0.0,0.0,0.7778818602573807
29483,2021-11-30,3,affordable_high_demand,0.0,-1.0,0.7065205434791094
29483,2021-12-31,3,affordable_high_demand,0.0,-1.0,0.7161353011704348
29485,2021-01-31,3,affordable_high_demand,1.0,1.0,0.963631037451441
29485,2021-02-28,3,affordable_high_demand,1.0,1.0,0.983487816701671
29485,2021-03-31,3,affordable_high_demand,1.0,1.0,0.9911516821621292
29485,2021-04-30,3,affordable_high_demand,1.0,1.0,0.9855860699098558
29485,2021-05-31,3,affordable_high_demand,1.0,1.0,0.985841285698322
29485,2021-06-30,3,affordable_high_demand,1.0,1.0,0.9833851578307724
29485,2021-07-31,3,affordable_high_demand,1.0,1.0,0.9829814707408164
29485,2021-08-31,3,affordable_high_demand,0.0,0.0,0.9857712266315676
29485,2021-09-30,3,affordable_high_demand,0.0,0.0,0.9725140546349338
29485,2021-10-31,3,affordable_high_demand,0.0,0.0,0.9772165004890214
29485,2021-11-30,3,affordable_high_demand,0.0,-1.0,0.944973335520714
29485,2021-12-31,3,affordable_high_demand,0.0,-1.0,0.9656006492548505
29487,2021-01-31,0,high_value_appreciating,1.0,1.0,0.5620249991864049
29487,2021-02-28,0,high_value_appreciating,1.0,1.0,0.5708955978741701
29487,2021-03-31,0,high_value_appreciating,1.0,1.0,0.3409183648626402
29487,2021-04-30,0,high_value_appreciating,0.0,0.0,0.30319067628692
29487,2021-05-31,0,high_value_appreciating,0.0,-1.0,0.0965955404905975
29487,2021-06-30,0,high_value_appreciating,0.0,-1.0,0.5725335191965791
29487,2021-07-31,0,high_value_appreciating,0.0,-1.0,0.3385061037887577
29487,2021-08-31,0,high_value_appreciating,0.0,-1.0,0.0760638937802818
29487,2021-09-30,0,high_value_appreciating,0.0,-1.0,0.0226633372866874
29487,2021-10-31,0,high_value_appreciating,0.0,-1.0,0.0470418244953853
29487,2021-11-30,0,high_value_appreciating,0.0,-1.0,0.0709153153906808
29487,2021-12-31,0,high_value_appreciating,0.0,-1.0,0.3061208107293899
29492,2021-01-31,3,affordable_high_demand,1.0,1.0,0.946100761107207
29492,2021-02-28,3,affordable_high_demand,1.0,1.0,0.9771779479834112
29492,2021-03-31,3,affordable_high_demand,1.0,1.0,0.9799234224166536
29492,2021-04-30,3,affordable_high_demand,1.0,1.0,0.9904119101370504
29492,2021-05-31,3,affordable_high_demand,1.0,1.0,0.983525784226576
29492,2021-06-30,3,affordable_high_demand,1.0,1.0,0.9782262989252978
29492,2021-07-31,3,affordable_high_demand,1.0,1.0,0.9441725731748856
29492,2021-08-31,3,affordable_high_demand,1.0,1.0,0.8904705343344673
29492,2021-09-30,3,affordable_high_demand,0.0,0.0,0.671799295576944
29492,2021-10-31,3,affordable_high_demand,0.0,0.0,0.6070309929457115
29492,2021-11-30,3,affordable_high_demand,0.0,0.0,0.6182738813034471
29492,2021-12-31,3,affordable_high_demand,0.0,-1.0,0.6406762750894893
29501,2021-01-31,4,moderate_supply_growing,0.0,0.0,0.144535135035818
29501,2021-02-28,4,moderate_supply_growing,1.0,1.0,0.0729060210422463
29501,2021-03-31,4,moderate_supply_growing,1.0,1.0,0.1625340612391074
29501,2021-04-30,4,moderate_supply_growing,0.0,0.0,0.1764623908158719
29501,2021-05-31,4,moderate_supply_growing,0.0,0.0,0.4822662048604356
29501,2021-06-30,4,moderate_supply_growing,0.0,0.0,0.5743483760041469
29501,2021-07-31,4,moderate_supply_growing,0.0,0.0,0.6267194339451252
29501,2021-08-31,4,moderate_supply_growing,0.0,0.0,0.4388474686400962
29501,2021-09-30,4,moderate_supply_growing,0.0,0.0,0.0700782878944887
29501,2021-10-31,4,moderate_supply_growing,0.0,0.0,0.0601471662338595
29501,2021-11-30,4,moderate_supply_growing,0.0,0.0,0.2047661191297208
29501,2021-12-31,4,moderate_supply_growing,0.0,0.0,0.1810373371980703
29505,2021-01-31,4,moderate_supply_growing,0.0,0.0,0.1013990412358938
29505,2021-02-28,4,moderate_supply_growing,0.0,0.0,0.1286992848848823
29505,2021-03-31,4,moderate_supply_growing,0.0,0.0,0.1212701635807118
29505,2021-04-30,4,moderate_supply_growing,0.0,0.0,0.1519608535308654
29505,2021-05-31,4,moderate_supply_growing,0.0,0.0,0.3063226000452238
29505,2021-06-30,4,moderate_supply_growing,0.0,0.0,0.3047047000305715
29505,2021-07-31,4,moderate_supply_growing,0.0,0.0,0.4703778712805808
29505,2021-08-31,4,moderate_supply_growing,0.0,0.0,0.5680412822893783
29505,2021-09-30,4,moderate_supply_growing,0.0,0.0,0.3782270447197144
29505,2021-10-31,4,moderate_supply_growing,0.0,0.0,0.2281715668294439
29505,2021-11-30,4,moderate_supply_growing,0.0,0.0,0.1023653224746826
29505,2021-12-31,4,moderate_supply_growing,0.0,0.0,0.0547757204908198
29506,2021-01-31,4,moderate_supply_growing,0.0,0.0,0.1342049077714136
29506,2021-02-28,4,moderate_supply_growing,0.0,0.0,0.1003972245556645
29506,2021-03-31,4,moderate_supply_growing,0.0,0.0,0.1783188903648117
29506,2021-04-30,4,moderate_supply_growing,0.0,0.0,0.0475108549685632
29506,2021-05-31,4,moderate_supply_growing,0.0,0.0,0.0345956404118423
29506,2021-06-30,4,moderate_supply_growing,0.0,-1.0,0.0271121031866422
29506,2021-07-31,4,moderate_supply_growing,0.0,-1.0,0.0244162616857981
29506,2021-08-31,4,moderate_supply_growing,0.0,-1.0,0.01434143118214
29506,2021-09-30,4,moderate_supply_growing,0.0,-1.0,0.00825985810506
29506,2021-10-31,4,moderate_supply_growing,0.0,-1.0,0.0176437563531011
29506,2021-11-30,4,moderate_supply_growing,0.0,-1.0,0.0191684653559395
29506,2021-12-31,4,moderate_supply_growing,0.0,-1.0,0.0260763176810297
29511,2021-01-31,0,high_value_appreciating,1.0,1.0,0.6545939345560057
29511,2021-02-28,0,high_value_appreciating,0.0,0.0,0.6072017448429787
29511,2021-03-31,0,high_value_appreciating,0.0,0.0,0.3909786532475494
29511,2021-04-30,0,high_value_appreciating,0.0,0.0,0.4271812384460923
29511,2021-05-31,0,high_value_appreciating,0.0,0.0,0.5656500098306488
29511,2021-06-30,0,high_value_appreciating,0.0,0.0,0.6823131634208014
29511,2021-07-31,0,high_value_appreciating,0.0,0.0,0.6600013300255698
29511,2021-08-31,0,high_value_appreciating,0.0,-1.0,0.4460912003801344
29511,2021-09-30,0,high_value_appreciating,0.0,-1.0,0.0597768954848599
29511,2021-10-31,0,high_value_appreciating,0.0,-1.0,0.0378359385615051
29511,2021-11-30,0,high_value_appreciating,0.0,-1.0,0.2354917051531416
29511,2021-12-31,0,high_value_appreciating,0.0,-1.0,0.1713496385196542
29512,2021-01-31,4,moderate_supply_growing,0.0,0.0,0.0235047294715667
29512,2021-02-28,4,moderate_supply_growing,0.0,-1.0,0.0306592563862687
29512,2021-03-31,4,moderate_supply_growing,0.0,-1.0,0.0113020649879979
29512,2021-04-30,4,moderate_supply_growing,0.0,0.0,0.0103748922811989
29512,2021-05-31,4,moderate_supply_growing,0.0,0.0,0.0273552769618031
29512,2021-06-30,4,moderate_supply_growing,0.0,0.0,0.0390906587448346
29512,2021-07-31,4,moderate_supply_growing,0.0,0.0,0.0647517304929907
29512,2021-08-31,4,moderate_supply_growing,0.0,0.0,0.0716524885462995
29512,2021-09-30,4,moderate_supply_growing,0.0,0.0,0.0522440101533318
29512,2021-10-31,4,moderate_supply_growing,0.0,0.0,0.0655831528627407
29512,2021-11-30,4,moderate_supply_growing,0.0,0.0,0.4294094789029578
29512,2021-12-31,4,moderate_supply_growing,0.0,0.0,0.5892199586310826
29526,2021-01-31,3,affordable_high_demand,1.0,1.0,0.662745212242896
29526,2021-02-28,3,affordable_high_demand,1.0,1.0,0.4936482901304974
29526,2021-03-31,3,affordable_high_demand,1.0,1.0,0.6145338899072125
29526,2021-04-30,3,affordable_high_demand,1.0,1.0,0.8438562437188819
29526,2021-05-31,3,affordable_high_demand,1.0,1.0,0.9238285529095732
29526,2021-06-30,3,affordable_high_demand,1.0,1.0,0.941850547903726
29526,2021-07-31,3,affordable_high_demand,1.0,1.0,0.9147666241814906
29526,2021-08-31,3,affordable_high_demand,1.0,1.0,0.8814752586588116
29526,2021-09-30,3,affordable_high_demand,1.0,1.0,0.8084109756581376
29526,2021-10-31,3,affordable_high_demand,0.0,0.0,0.6268635618697895
29526,2021-11-30,3,affordable_high_demand,0.0,0.0,0.5370505946338159
29526,2021-12-31,3,affordable_high_demand,0.0,0.0,0.4495595103220385
29527,2021-01-31,0,high_value_appreciating,0.0,0.0,0.5372292423539419
29527,2021-02-28,0,high_value_appreciating,0.0,0.0,0.2590159699316238
29527,2021-03-31,0,high_value_appreciating,0.0,0.0,0.3581174209563019
29527,2021-04-30,0,high_value_appreciating,1.0,1.0,0.6964978475406791
29527,2021-05-31,0,high_value_appreciating,1.0,1.0,0.869309853905257
29527,2021-06-30,0,high_value_appreciating,1.0,1.0,0.8570293977681485
29527,2021-07-31,0,high_value_appreciating,0.0,0.0,0.9310812774853088
29527,2021-08-31,0,high_value_appreciating,0.0,0.0,0.8494307992424901
29527,2021-09-30,0,high_value_appreciating,0.0,0.0,0.631691422512231
29527,2021-10-31,0,high_value_appreciating,0.0,0.0,0.4168218973446979
29527,2021-11-30,0,high_value_appreciating,0.0,0.0,0.4055244047780666
29527,2021-12-31,0,high_value_appreciating,0.0,0.0,0.3816618285030988
29532,2021-01-31,4,moderate_supply_growing,0.0,0.0,0.126552747364055
29532,2021-02-28,4,moderate_supply_growing,0.0,0.0,0.0921371467476823
29532,2021-03-31,4,moderate_supply_growing,0.0,0.0,0.310705556035793
29532,2021-04-30,4,moderate_supply_growing,0.0,0.0,0.1223108985062274
29532,2021-05-31,4,moderate_supply_growing,0.0,0.0,0.04776666497062
29532,2021-06-30,4,moderate_supply_growing,0.0,0.0,0.0815854710170239
29532,2021-07-31,4,moderate_supply_growing,0.0,0.0,0.0571598895407707
29532,2021-08-31,4,moderate_supply_growing,0.0,0.0,0.083297035717996
29532,2021-09-30,4,moderate_supply_growing,0.0,-1.0,0.0300686456398749
29532,2021-10-31,4,moderate_supply_growing,0.0,-1.0,0.1039482403697014
29532,2021-11-30,4,moderate_supply_growing,0.0,-1.0,0.104379410961891
29532,2021-12-31,4,moderate_supply_growing,0.0,-1.0,0.0254928098727608
29541,2021-01-31,4,moderate_supply_growing,1.0,1.0,0.2960604179204466
29541,2021-02-28,4,moderate_supply_growing,1.0,1.0,0.3761610815807993
29541,2021-03-31,4,moderate_supply_growing,1.0,1.0,0.3620765604883383
29541,2021-04-30,4,moderate_supply_growing,0.0,0.0,0.3378130077880981
29541,2021-05-31,4,moderate_supply_growing,0.0,0.0,0.4524981524911572
29541,2021-06-30,4,moderate_supply_growing,0.0,0.0,0.2022603779800755
29541,2021-07-31,4,moderate_supply_growing,0.0,0.0,0.1926195297341593
29541,2021-08-31,4,moderate_supply_growing,0.0,-1.0,0.0965942099321487
29541,2021-09-30,4,moderate_supply_growing,0.0,-1.0,0.1058313821348407
29541,2021-10-31,4,moderate_supply_growing,0.0,-1.0,0.1202264209118934
29541,2021-11-30,4,moderate_supply_growing,0.0,-1.0,0.0355426444181312
29541,2021-12-31,4,moderate_supply_growing,0.0,-1.0,0.0181723142754071
29544,2021-01-31,0,high_value_appreciating,0.0,0.0,0.5741380801302216
29544,2021-02-28,0,high_value_appreciating,0.0,0.0,0.5278535481422535
29544,2021-03-31,0,high_value_appreciating,0.0,0.0,0.5544749025370567
29544,2021-04-30,0,high_value_appreciating,0.0,0.0,0.6701639899434456
29544,2021-05-31,0,high_value_appreciating,0.0,0.0,0.8209842364297967
29544,2021-06-30,0,high_value_appreciating,0.0,0.0,0.6398142281139234
29544,2021-07-31,0,high_value_appreciating,0.0,0.0,0.665409009731353
29544,2021-08-31,0,high_value_appreciating,0.0,0.0,0.3360861293649275
29544,2021-09-30,0,high_value_appreciating,0.0,0.0,0.2329203330365344
29544,2021-10-31,0,high_value_appreciating,0.0,0.0,0.5601773959923028
29544,2021-11-30,0,high_value_appreciating,0.0,-1.0,0.7163477076690875
29544,2021-12-31,0,high_value_appreciating,0.0,-1.0,0.5822567666449856
29550,2021-01-31,4,moderate_supply_growing,0.0,0.0,0.2374532451573454
29550,2021-02-28,4,moderate_supply_growing,0.0,0.0,0.3839608291340403
29550,2021-03-31,4,moderate_supply_growing,0.0,0.0,0.5743971784240747
29550,2021-04-30,4,moderate_supply_growing,0.0,0.0,0.4960449496146759
29550,2021-05-31,4,moderate_supply_growing,0.0,0.0,0.2211319826603697
29550,2021-06-30,4,moderate_supply_growing,0.0,0.0,0.266412450785619
29550,2021-07-31,4,moderate_supply_growing,0.0,0.0,0.2296316184770374
29550,2021-08-31,4,moderate_supply_growing,0.0,0.0,0.1475597463272377
29550,2021-09-30,4,moderate_supply_growing,0.0,0.0,0.0163712507035344
29550,2021-10-31,4,moderate_supply_growing,0.0,-1.0,0.0485194394725364
29550,2021-11-30,4,moderate_supply_growing,0.0,-1.0,0.0393005813647929
29550,2021-12-31,4,moderate_supply_growing,0.0,-1.0,0.0200998223492714
29554,2021-01-31,4,moderate_supply_growing,0.0,0.0,0.0709553079238691
29554,2021-02-28,4,moderate_supply_growing,0.0,0.0,0.0362248540177624
29554,2021-03-31,4,moderate_supply_growing,0.0,0.0,0.035196974157704
29554,2021-04-30,4,moderate_supply_growing,0.0,0.0,0.0641496328715964
29554,2021-05-31,4,moderate_supply_growing,0.0,0.0,0.0420863675307969
29554,2021-06-30,4,moderate_supply_growing,0.0,-1.0,0.0313301175226122
29554,2021-07-31,4,moderate_supply_growing,0.0,-1.0,0.0434716983104969
29554,2021-08-31,4,moderate_supply_growing,0.0,-1.0,0.0437557116235742
29554,2021-09-30,4,moderate_supply_growing,0.0,-1.0,0.0438229058895889
29554,2021-10-31,4,moderate_supply_growing,0.0,-1.0,0.021797017700416
29554,2021-11-30,4,moderate_supply_growing,0.0,-1.0,0.1205251514631981
29554,2021-12-31,4,moderate_supply_growing,0.0,-1.0,0.2382292385306231
29555,2021-01-31,4,moderate_supply_growing,1.0,1.0,0.6863999675955149
29555,2021-02-28,4,moderate_supply_growing,1.0,1.0,0.4850889137448873
29555,2021-03-31,4,moderate_supply_growing,1.0,1.0,0.4922265912297928
29555,2021-04-30,4,moderate_supply_growing,1.0,1.0,0.2964953810418775
29555,2021-05-31,4,moderate_supply_growing,0.0,0.0,0.4155850621481958
29555,2021-06-30,4,moderate_supply_growing,0.0,0.0,0.4970476321811762
29555,2021-07-31,4,moderate_supply_growing,0.0,0.0,0.1939316514733666
29555,2021-08-31,4,moderate_supply_growing,0.0,0.0,0.115589870169791
29555,2021-09-30,4,moderate_supply_growing,0.0,0.0,0.077571532950354
29555,2021-10-31,4,moderate_supply_growing,0.0,-1.0,0.0495445954549464
29555,2021-11-30,4,moderate_supply_growing,0.0,-1.0,0.0707200108014386
29555,2021-12-31,4,moderate_supply_growing,0.0,-1.0,0.0702551389113909
29560,2021-01-31,4,moderate_supply_growing,0.0,0.0,0.5056784179763463
29560,2021-02-28,4,moderate_supply_growing,0.0,0.0,0.4047957127967275
29560,2021-03-31,4,moderate_supply_growing,0.0,0.0,0.4003228313259447
29560,2021-04-30,4,moderate_supply_growing,0.0,0.0,0.2440143921828284
29560,2021-05-31,4,moderate_supply_growing,0.0,0.0,0.1884770822765222
29560,2021-06-30,4,moderate_supply_growing,0.0,0.0,0.1756004331668116
29560,2021-07-31,4,moderate_supply_growing,0.0,0.0,0.1218364858119011
29560,2021-08-31,4,moderate_supply_growing,0.0,0.0,0.0907466901915452
29560,2021-09-30,4,moderate_supply_growing,0.0,0.0,0.0531156290782877
29560,2021-10-31,4,moderate_supply_growing,0.0,0.0,0.0149705394428699
29560,2021-11-30,4,moderate_supply_growing,0.0,-1.0,0.0559099040015
29560,2021-12-31,4,moderate_supply_growing,0.0,-1.0,0.0730740654956941
29566,2021-01-31,0,high_value_appreciating,1.0,1.0,0.7812103165072508
29566,2021-02-28,0,high_value_appreciating,1.0,1.0,0.6578942167860166
29566,2021-03-31,0,high_value_appreciating,1.0,1.0,0.7025884285621017
29566,2021-04-30,0,high_value_appreciating,1.0,1.0,0.7903659829849309
29566,2021-05-31,0,high_value_appreciating,1.0,1.0,0.8632909463398513
29566,2021-06-30,0,high_value_appreciating,1.0,1.0,0.923763813869937
29566,2021-07-31,0,high_value_appreciating,1.0,1.0,0.9067256583150336
29566,2021-08-31,0,high_value_appreciating,1.0,1.0,0.8812251640030571
29566,2021-09-30,0,high_value_appreciating,1.0,1.0,0.7546628683194622
29566,2021-10-31,0,high_value_appreciating,0.0,0.0,0.694772271012513
29566,2021-11-30,0,high_value_appreciating,0.0,0.0,0.3734905075288262
29566,2021-12-31,0,high_value_appreciating,0.0,0.0,0.3138883203179209
29568,2021-01-31,0,high_value_appreciating,1.0,1.0,0.4459710767944954
29568,2021-02-28,0,high_value_appreciating,1.0,1.0,0.4934923762744647
29568,2021-03-31,0,high_value_appreciating,1.0,1.0,0.5770220908346593
29568,2021-04-30,0,high_value_appreciating,1.0,1.0,0.8005965632701125
29568,2021-05-31,0,high_value_appreciating,1.0,1.0,0.9318294050804246
29568,2021-06-30,0,high_value_appreciating,1.0,1.0,0.9519714792817736
29568,2021-07-31,0,high_value_appreciating,1.0,1.0,0.9580833877648128
29568,2021-08-31,0,high_value_appreciating,1.0,1.0,0.9217259853550712
29568,2021-09-30,0,high_value_appreciating,1.0,1.0,0.7689562386583427
29568,2021-10-31,0,high_value_appreciating,0.0,0.0,0.6523460741903572
29568,2021-11-30,0,high_value_appreciating,0.0,0.0,0.4037528832297022
29568,2021-12-31,0,high_value_appreciating,0.0,0.0,0.3847089474060809
29569,2021-01-31,0,high_value_appreciating,0.0,0.0,0.2330012811418093
29569,2021-02-28,0,high_value_appreciating,1.0,1.0,0.3247097542763697
29569,2021-03-31,0,high_value_appreciating,0.0,0.0,0.4107186435155536
29569,2021-04-30,0,high_value_appreciating,1.0,1.0,0.531081310205045
29569,2021-05-31,0,high_value_appreciating,0.0,0.0,0.5004219784737982
29569,2021-06-30,0,high_value_appreciating,0.0,0.0,0.6632549924474345
29569,2021-07-31,0,high_value_appreciating,0.0,0.0,0.715641524137529
29569,2021-08-31,0,high_value_appreciating,0.0,0.0,0.4723873389964524
29569,2021-09-30,0,high_value_appreciating,0.0,0.0,0.2419451799387311
29569,2021-10-31,0,high_value_appreciating,0.0,0.0,0.3331942592291175
29569,2021-11-30,0,high_value_appreciating,0.0,0.0,0.4051172340094965
29569,2021-12-31,0,high_value_appreciating,0.0,0.0,0.2963321580815989
29572,2021-01-31,3,affordable_high_demand,1.0,1.0,0.2987760723613798
29572,2021-02-28,3,affordable_high_demand,1.0,1.0,0.5197488949026797
29572,2021-03-31,3,affordable_high_demand,1.0,1.0,0.2969149167392156
29572,2021-04-30,3,affordable_high_demand,1.0,1.0,0.854695597438517
29572,2021-05-31,3,affordable_high_demand,1.0,1.0,0.8839586721562266
29572,2021-06-30,3,affordable_high_demand,1.0,1.0,0.9201652045829618
29572,2021-07-31,3,affordable_high_demand,1.0,1.0,0.9422080959381276
29572,2021-08-31,3,affordable_high_demand,1.0,1.0,0.9465608572562536
29572,2021-09-30,3,affordable_high_demand,1.0,1.0,0.9180059138821568
29572,2021-10-31,3,affordable_high_demand,1.0,1.0,0.8478837540441578
29572,2021-11-30,3,affordable_high_demand,1.0,1.0,0.6825397380351893
29572,2021-12-31,3,affordable_high_demand,0.0,0.0,0.6411980157141519
29575,2021-01-31,0,high_value_appreciating,1.0,1.0,0.9230399983770172
29575,2021-02-28,0,high_value_appreciating,1.0,1.0,0.9609266070167384
29575,2021-03-31,0,high_value_appreciating,1.0,1.0,0.9504611664312252
29575,2021-04-30,0,high_value_appreciating,1.0,1.0,0.9621251850236407
29575,2021-05-31,0,high_value_appreciating,1.0,1.0,0.9559947657225422
29575,2021-06-30,0,high_value_appreciating,1.0,1.0,0.9273475367276036
29575,2021-07-31,0,high_value_appreciating,1.0,1.0,0.931278719643187
29575,2021-08-31,0,high_value_appreciating,1.0,1.0,0.930209409941455
29575,2021-09-30,0,high_value_appreciating,0.0,0.0,0.8881004179740625
29575,2021-10-31,0,high_value_appreciating,0.0,0.0,0.6971091849634642
29575,2021-11-30,0,high_value_appreciating,0.0,0.0,0.5958572029079975
29575,2021-12-31,0,high_value_appreciating,0.0,0.0,0.6062044239169926
29576,2021-01-31,3,affordable_high_demand,1.0,1.0,0.9082849635926218
29576,2021-02-28,3,affordable_high_demand,1.0,1.0,0.8969676445704837
29576,2021-03-31,3,affordable_high_demand,1.0,1.0,0.8915728635217621
29576,2021-04-30,3,affordable_high_demand,1.0,1.0,0.9443176636251038
29576,2021-05-31,3,affordable_high_demand,1.0,1.0,0.9465672828709945
29576,2021-06-30,3,affordable_high_demand,1.0,1.0,0.9725950293128244
29576,2021-07-31,3,affordable_high_demand,1.0,1.0,0.9672952393021292
29576,2021-08-31,3,affordable_high_demand,1.0,1.0,0.969969139196582
29576,2021-09-30,3,affordable_high_demand,1.0,1.0,0.9233248255091918
29576,2021-10-31,3,affordable_high_demand,0.0,0.0,0.7762427719645167
29576,2021-11-30,3,affordable_high_demand,0.0,0.0,0.7008494516378061
29576,2021-12-31,3,affordable_high_demand,0.0,0.0,0.7148336894887094
29577,2021-01-31,3,affordable_high_demand,1.0,1.0,0.1454960299029567
29577,2021-02-28,3,affordable_high_demand,1.0,1.0,0.1108908707779815
29577,2021-03-31,3,affordable_high_demand,1.0,1.0,0.1716667374350828
29577,2021-04-30,3,affordable_high_demand,1.0,1.0,0.1767614451971937
29577,2021-05-31,3,affordable_high_demand,1.0,1.0,0.6176254855139516
29577,2021-06-30,3,affordable_high_demand,1.0,1.0,0.657124416203269
29577,2021-07-31,3,affordable_high_demand,1.0,1.0,0.7724703148385061
29577,2021-08-31,3,affordable_high_demand,1.0,1.0,0.7406411191846444
29577,2021-09-30,3,affordable_high_demand,1.0,1.0,0.7606518445301678
29577,2021-10-31,3,affordable_high_demand,0.0,0.0,0.6586259647465367
29577,2021-11-30,3,affordable_high_demand,0.0,0.0,0.5760708983167051
29577,2021-12-31,3,affordable_high_demand,0.0,0.0,0.4450423156519555
29579,2021-01-31,3,affordable_high_demand,1.0,1.0,0.8928041036657607
29579,2021-02-28,3,affordable_high_demand,1.0,1.0,0.9334012455528116
29579,2021-03-31,3,affordable_high_demand,1.0,1.0,0.9491134578653228
29579,2021-04-30,3,affordable_high_demand,1.0,1.0,0.9883853899376842
29579,2021-05-31,3,affordable_high_demand,1.0,1.0,0.9848889733529368
29579,2021-06-30,3,affordable_high_demand,1.0,1.0,0.9850986771653268
29579,2021-07-31,3,affordable_high_demand,1.0,1.0,0.9903250556676736
29579,2021-08-31,3,affordable_high_demand,1.0,1.0,0.975475802307652
29579,2021-09-30,3,affordable_high_demand,0.0,0.0,0.9599393087403536
29579,2021-10-31,3,affordable_high_demand,0.0,0.0,0.9239473226579134
29579,2021-11-30,3,affordable_high_demand,0.0,0.0,0.9209157251032504
29579,2021-12-31,3,affordable_high_demand,0.0,0.0,0.7142976375348511
29581,2021-01-31,0,high_value_appreciating,0.0,0.0,0.0832794331895437
29581,2021-02-28,0,high_value_appreciating,1.0,1.0,0.144161251216212
29581,2021-03-31,0,high_value_appreciating,1.0,1.0,0.2781889612418866
29581,2021-04-30,0,high_value_appreciating,0.0,0.0,0.532293428166853
29581,2021-05-31,0,high_value_appreciating,0.0,0.0,0.2977286041445747
29581,2021-06-30,0,high_value_appreciating,0.0,0.0,0.2110488136550985
29581,2021-07-31,0,high_value_appreciating,0.0,-1.0,0.1555611622578333
29581,2021-08-31,0,high_value_appreciating,0.0,-1.0,0.0967630341603273
29581,2021-09-30,0,high_value_appreciating,0.0,-1.0,0.1448615842892326
29581,2021-10-31,0,high_value_appreciating,0.0,-1.0,0.0702487680782032
29581,2021-11-30,0,high_value_appreciating,0.0,-1.0,0.3253191749838425
29581,2021-12-31,0,high_value_appreciating,0.0,-1.0,0.4382829641145735
29582,2021-01-31,3,affordable_high_demand,1.0,1.0,0.8487233518710597
29582,2021-02-28,3,affordable_high_demand,1.0,1.0,0.9014117114816358
29582,2021-03-31,3,affordable_high_demand,1.0,1.0,0.9013495990750912
29582,2021-04-30,3,affordable_high_demand,1.0,1.0,0.914002550637742
29582,2021-05-31,3,affordable_high_demand,1.0,1.0,0.8880933467861694
29582,2021-06-30,3,affordable_high_demand,1.0,1.0,0.924050623992596
29582,2021-07-31,3,affordable_high_demand,1.0,1.0,0.9307405707860064
29582,2021-08-31,3,affordable_high_demand,1.0,1.0,0.9109523251365954
29582,2021-09-30,3,affordable_high_demand,1.0,1.0,0.9154032326680684
29582,2021-10-31,3,affordable_high_demand,0.0,0.0,0.7213846979152316
29582,2021-11-30,3,affordable_high_demand,0.0,0.0,0.3899746647744641
29582,2021-12-31,3,affordable_high_demand,0.0,0.0,0.4080209015162607
29583,2021-01-31,1,low_activity_cooling,1.0,1.0,0.8872133501296966
29583,2021-02-28,1,low_activity_cooling,1.0,1.0,0.9005824107394222
29583,2021-03-31,1,low_activity_cooling,0.0,0.0,0.3098434378195371
29583,2021-04-30,1,low_activity_cooling,0.0,-1.0,0.3193258032337661
29583,2021-05-31,1,low_activity_cooling,0.0,-1.0,0.0776190882368029
29583,2021-06-30,1,low_activity_cooling,0.0,-1.0,0.0382705715848099
29583,2021-07-31,1,low_activity_cooling,0.0,-1.0,0.0519115624238237
29583,2021-08-31,1,low_activity_cooling,0.0,-1.0,0.0253201051214991
29583,2021-09-30,1,low_activity_cooling,0.0,-1.0,0.0284930889493919
29583,2021-10-31,1,low_activity_cooling,0.0,-1.0,0.019066162416397
29583,2021-11-30,1,low_activity_cooling,0.0,-1.0,0.050105724477616
29583,2021-12-31,1,low_activity_cooling,0.0,-1.0,0.5068827470976847
29585,2021-01-31,3,affordable_high_demand,1.0,1.0,0.9633932050947872
29585,2021-02-28,3,affordable_high_demand,1.0,1.0,0.9789884922782665
29585,2021-03-31,3,affordable_high_demand,1.0,1.0,0.9902753866767682
29585,2021-04-30,3,affordable_high_demand,1.0,1.0,0.9834941063283882
29585,2021-05-31,3,affordable_high_demand,1.0,1.0,0.9612946128991512
29585,2021-06-30,3,affordable_high_demand,1.0,1.0,0.9539355101160786
29585,2021-07-31,3,affordable_high_demand,1.0,1.0,0.9455166134049195
29585,2021-08-31,3,affordable_high_demand,0.0,0.0,0.9048065222766468
29585,2021-09-30,3,affordable_high_demand,0.0,0.0,0.9078958577558538
29585,2021-10-31,3,affordable_high_demand,0.0,0.0,0.8264907384038589
29585,2021-11-30,3,affordable_high_demand,0.0,0.0,0.847533374815713
29585,2021-12-31,3,affordable_high_demand,0.0,0.0,0.7469569844957453
29588,2021-01-31,3,affordable_high_demand,1.0,1.0,0.665719657365678
29588,2021-02-28,3,affordable_high_demand,1.0,1.0,0.6454408231248445
29588,2021-03-31,3,affordable_high_demand,1.0,1.0,0.5092431095420823
29588,2021-04-30,3,affordable_high_demand,1.0,1.0,0.8753263792794844
29588,2021-05-31,3,affordable_high_demand,1.0,1.0,0.8723343299479166
29588,2021-06-30,3,affordable_high_demand,1.0,1.0,0.948793424304622
29588,2021-07-31,3,affordable_high_demand,1.0,1.0,0.9126910472209966
29588,2021-08-31,3,affordable_high_demand,1.0,1.0,0.9032904331498742
29588,2021-09-30,3,affordable_high_demand,0.0,0.0,0.8443626430308638
29588,2021-10-31,3,affordable_high_demand,0.0,0.0,0.7611731139557708
29588,2021-11-30,3,affordable_high_demand,0.0,0.0,0.7246651117547932
29588,2021-12-31,3,affordable_high_demand,0.0,0.0,0.7343322629639693
29601,2021-01-31,3,affordable_high_demand,1.0,1.0,0.8006601489630635
29601,2021-02-28,3,affordable_high_demand,1.0,1.0,0.88038261640709
29601,2021-03-31,3,affordable_high_demand,1.0,1.0,0.9167434141780164
29601,2021-04-30,3,affordable_high_demand,1.0,1.0,0.8925376705707558
29601,2021-05-31,3,affordable_high_demand,1.0,1.0,0.865551794556049
29601,2021-06-30,3,affordable_high_demand,0.0,0.0,0.6322167728828493
29601,2021-07-31,3,affordable_high_demand,0.0,0.0,0.7432785829633793
29601,2021-08-31,3,affordable_high_demand,0.0,0.0,0.4347058290610768
29601,2021-09-30,3,affordable_high_demand,0.0,0.0,0.0866397339044427
29601,2021-10-31,3,affordable_high_demand,0.0,0.0,0.0498528291586385
29601,2021-11-30,3,affordable_high_demand,0.0,0.0,0.1305865692001955
29601,2021-12-31,3,affordable_high_demand,0.0,-1.0,0.2089558288856928
29605,2021-01-31,4,moderate_supply_growing,1.0,1.0,0.6401723186438482
29605,2021-02-28,4,moderate_supply_growing,0.0,0.0,0.7896403653222437
29605,2021-03-31,4,moderate_supply_growing,0.0,0.0,0.9286049632703712
29605,2021-04-30,4,moderate_supply_growing,0.0,0.0,0.917650057124644
29605,2021-05-31,4,moderate_supply_growing,0.0,0.0,0.8384752271500258
29605,2021-06-30,4,moderate_supply_growing,0.0,0.0,0.6167838592067472
29605,2021-07-31,4,moderate_supply_growing,0.0,-1.0,0.4730613643969657
29605,2021-08-31,4,moderate_supply_growing,0.0,-1.0,0.119159301922532
29605,2021-09-30,4,moderate_supply_growing,0.0,-1.0,0.0772112929964884
29605,2021-10-31,4,moderate_supply_growing,0.0,-1.0,0.1159902592727112
29605,2021-11-30,4,moderate_supply_growing,0.0,-1.0,0.181913989748257
29605,2021-12-31,4,moderate_supply_growing,0.0,-1.0,0.6369545920898598
29607,2021-01-31,3,affordable_high_demand,0.0,0.0,0.5441098553318815
29607,2021-02-28,3,affordable_high_demand,0.0,0.0,0.7971495175041347
29607,2021-03-31,3,affordable_high_demand,0.0,0.0,0.8290108287787477
29607,2021-04-30,3,affordable_high_demand,0.0,0.0,0.8573497512700545
29607,2021-05-31,3,affordable_high_demand,0.0,0.0,0.7574863323228019
29607,2021-06-30,3,affordable_high_demand,0.0,0.0,0.8034354587472078
29607,2021-07-31,3,affordable_high_demand,0.0,0.0,0.890667117181833
29607,2021-08-31,3,affordable_high_demand,0.0,0.0,0.5344917116786468
29607,2021-09-30,3,affordable_high_demand,0.0,0.0,0.3902285658129569
29607,2021-10-31,3,affordable_high_demand,0.0,0.0,0.3478064314407068
29607,2021-11-30,3,affordable_high_demand,0.0,-1.0,0.3715851999034019
29607,2021-12-31,3,affordable_high_demand,0.0,-1.0,0.7989896731267594
29609,2021-01-31,4,moderate_supply_growing,0.0,0.0,0.6670795063159404
29609,2021-02-28,4,moderate_supply_growing,0.0,0.0,0.6603497706014099
29609,2021-03-31,4,moderate_supply_growing,0.0,0.0,0.7556924944161105
29609,2021-04-30,4,moderate_supply_growing,0.0,0.0,0.7435630481862143
29609,2021-05-31,4,moderate_supply_growing,0.0,0.0,0.685844347411869
29609,2021-06-30,4,moderate_supply_growing,0.0,0.0,0.5642778420932101
29609,2021-07-31,4,moderate_supply_growing,0.0,0.0,0.7331597616010055
29609,2021-08-31,4,moderate_supply_growing,0.0,0.0,0.3669477944390503
29609,2021-09-30,4,moderate_supply_growing,0.0,0.0,0.2075845948314447
29609,2021-10-31,4,moderate_supply_growing,0.0,-1.0,0.2974887940301751
29609,2021-11-30,4,moderate_supply_growing,0.0,-1.0,0.4198288795351649
29609,2021-12-31,4,moderate_supply_growing,0.0,-1.0,0.638054048482966
29611,2021-01-31,2,competitive_mid_market,0.0,0.0,0.0569266937977436
29611,2021-02-28,2,competitive_mid_market,0.0,0.0,0.1181573537174182
29611,2021-03-31,2,competitive_mid_market,0.0,0.0,0.3825667094602935
29611,2021-04-30,2,competitive_mid_market,0.0,0.0,0.378941176320129
29611,2021-05-31,2,competitive_mid_market,0.0,0.0,0.4118240898020153
29611,2021-06-30,2,competitive_mid_market,0.0,0.0,0.2509829489008348
29611,2021-07-31,2,competitive_mid_market,0.0,0.0,0.1474261784065544
29611,2021-08-31,2,competitive_mid_market,0.0,0.0,0.049387890982181
29611,2021-09-30,2,competitive_mid_market,0.0,-1.0,0.0900702050182595
29611,2021-10-31,2,competitive_mid_market,0.0,-1.0,0.0665994807467728
29611,2021-11-30,2,competitive_mid_market,0.0,-1.0,0.1272166937243735
29611,2021-12-31,2,competitive_mid_market,0.0,-1.0,0.2783307023507285
29615,2021-01-31,3,affordable_high_demand,1.0,1.0,0.76459215872954
29615,2021-02-28,3,affordable_high_demand,1.0,1.0,0.9092473813745222
29615,2021-03-31,3,affordable_high_demand,1.0,1.0,0.950080340518579
29615,2021-04-30,3,affordable_high_demand,0.0,0.0,0.9137276899656388
29615,2021-05-31,3,affordable_high_demand,0.0,0.0,0.847240866449599
29615,2021-06-30,3,affordable_high_demand,0.0,0.0,0.9103919860281512
29615,2021-07-31,3,affordable_high_demand,0.0,0.0,0.8906626883169448
29615,2021-08-31,3,affordable_high_demand,0.0,0.0,0.6216022210138441
29615,2021-09-30,3,affordable_high_demand,0.0,0.0,0.3350290254831561
29615,2021-10-31,3,affordable_high_demand,0.0,0.0,0.3851410639945383
29615,2021-11-30,3,affordable_high_demand,0.0,0.0,0.3740804416330361
29615,2021-12-31,3,affordable_high_demand,0.0,-1.0,0.7874935115560272
29617,2021-01-31,2,competitive_mid_market,0.0,0.0,0.1395988622996447
29617,2021-02-28,2,competitive_mid_market,0.0,0.0,0.3102112356757165
29617,2021-03-31,2,competitive_mid_market,0.0,0.0,0.6288806406869837
29617,2021-04-30,2,competitive_mid_market,0.0,0.0,0.5430215348281364
29617,2021-05-31,2,competitive_mid_market,0.0,0.0,0.4605340099879552
29617,2021-06-30,2,competitive_mid_market,0.0,0.0,0.3824154572780685
29617,2021-07-31,2,competitive_mid_market,0.0,0.0,0.2748459305621263
29617,2021-08-31,2,competitive_mid_market,0.0,0.0,0.1651277261210426
29617,2021-09-30,2,competitive_mid_market,0.0,0.0,0.1106831558767344
29617,2021-10-31,2,competitive_mid_market,0.0,-1.0,0.0958154452513674
29617,2021-11-30,2,competitive_mid_market,0.0,-1.0,0.1690094467780122
29617,2021-12-31,2,competitive_mid_market,0.0,-1.0,0.2964868359900739
29621,2021-01-31,3,affordable_high_demand,0.0,0.0,0.6397937815550417
29621,2021-02-28,3,affordable_high_demand,0.0,0.0,0.6900827459506081
29621,2021-03-31,3,affordable_high_demand,0.0,0.0,0.7691101743149903
29621,2021-04-30,3,affordable_high_demand,0.0,0.0,0.8443043957531554
29621,2021-05-31,3,affordable_high_demand,0.0,0.0,0.8701575545431497
29621,2021-06-30,3,affordable_high_demand,0.0,0.0,0.7518396962955063
29621,2021-07-31,3,affordable_high_demand,0.0,0.0,0.8017476826608572
29621,2021-08-31,3,affordable_high_demand,0.0,0.0,0.7418222581899829
29621,2021-09-30,3,affordable_high_demand,0.0,-1.0,0.7122437885111508
29621,2021-10-31,3,affordable_high_demand,0.0,-1.0,0.6853029834516916
29621,2021-11-30,3,affordable_high_demand,0.0,-1.0,0.7320347044257955
29621,2021-12-31,3,affordable_high_demand,0.0,-1.0,0.8349408520080664
29624,2021-01-31,2,competitive_mid_market,1.0,1.0,0.3152315633827945
29624,2021-02-28,2,competitive_mid_market,0.0,0.0,0.1854624468106624
29624,2021-03-31,2,competitive_mid_market,0.0,0.0,0.1416790600310431
29624,2021-04-30,2,competitive_mid_market,0.0,0.0,0.2453602713906769
29624,2021-05-31,2,competitive_mid_market,0.0,0.0,0.2370582275938213
29624,2021-06-30,2,competitive_mid_market,0.0,0.0,0.4168666826578863
29624,2021-07-31,2,competitive_mid_market,0.0,-1.0,0.1417636314888344
29624,2021-08-31,2,competitive_mid_market,0.0,-1.0,0.1257211784001081
29624,2021-09-30,2,competitive_mid_market,0.0,-1.0,0.0676508288171278
29624,2021-10-31,2,competitive_mid_market,0.0,-1.0,0.1516235146592957
29624,2021-11-30,2,competitive_mid_market,0.0,-1.0,0.1310051201284774
29624,2021-12-31,2,competitive_mid_market,0.0,-1.0,0.108754703848312
29625,2021-01-31,3,affordable_high_demand,1.0,1.0,0.5983480247207039
29625,2021-02-28,3,affordable_high_demand,0.0,0.0,0.5750401721024458
29625,2021-03-31,3,affordable_high_demand,0.0,0.0,0.6364808677224343
29625,2021-04-30,3,affordable_high_demand,0.0,0.0,0.6747178947532327
29625,2021-05-31,3,affordable_high_demand,0.0,0.0,0.7100426756901002
29625,2021-06-30,3,affordable_high_demand,0.0,0.0,0.6322023190456348
29625,2021-07-31,3,affordable_high_demand,0.0,0.0,0.6808882655540667
29625,2021-08-31,3,affordable_high_demand,0.0,0.0,0.6709798880594148
29625,2021-09-30,3,affordable_high_demand,0.0,-1.0,0.6301969988587063
29625,2021-10-31,3,affordable_high_demand,0.0,-1.0,0.5489098560263436
29625,2021-11-30,3,affordable_high_demand,0.0,-1.0,0.528793330810213
29625,2021-12-31,3,affordable_high_demand,0.0,-1.0,0.6082800648369129
29626,2021-01-31,2,competitive_mid_market,0.0,0.0,0.1450040736802583
29626,2021-02-28,2,competitive_mid_market,0.0,0.0,0.2647137499593193
29626,2021-03-31,2,competitive_mid_market,1.0,1.0,0.3517437305242263
29626,2021-04-30,2,competitive_mid_market,1.0,1.0,0.3466494353191381
29626,2021-05-31,2,competitive_mid_market,0.0,0.0,0.4696115128898652
29626,2021-06-30,2,competitive_mid_market,0.0,0.0,0.2843680978973257
29626,2021-07-31,2,competitive_mid_market,0.0,0.0,0.3866903574010272
29626,2021-08-31,2,competitive_mid_market,0.0,0.0,0.2715959866231433
29626,2021-09-30,2,competitive_mid_market,0.0,0.0,0.232232040652164
29626,2021-10-31,2,competitive_mid_market,0.0,-1.0,0.1414730129081385
29626,2021-11-30,2,competitive_mid_market,0.0,-1.0,0.1377566011773261
29626,2021-12-31,2,competitive_mid_market,0.0,-1.0,0.298356148276048
29627,2021-01-31,2,competitive_mid_market,1.0,1.0,0.3920461401717944
29627,2021-02-28,2,competitive_mid_market,0.0,0.0,0.3722113736069828
29627,2021-03-31,2,competitive_mid_market,0.0,0.0,0.5334008075791079
29627,2021-04-30,2,competitive_mid_market,0.0,0.0,0.556770136787953
29627,2021-05-31,2,competitive_mid_market,0.0,0.0,0.6845530953018206
29627,2021-06-30,2,competitive_mid_market,0.0,0.0,0.7052673552060793
29627,2021-07-31,2,competitive_mid_market,0.0,0.0,0.5204796707199407
29627,2021-08-31,2,competitive_mid_market,0.0,0.0,0.5580460432190615
29627,2021-09-30,2,competitive_mid_market,0.0,0.0,0.2234423849157434
29627,2021-10-31,2,competitive_mid_market,0.0,-1.0,0.148592415155948
29627,2021-11-30,2,competitive_mid_market,0.0,-1.0,0.1622631405929756
29627,2021-12-31,2,competitive_mid_market,0.0,-1.0,0.0725826323994465
29630,2021-01-31,4,moderate_supply_growing,0.0,0.0,0.4208265248052773
29630,2021-02-28,4,moderate_supply_growing,0.0,0.0,0.2364666682344479
29630,2021-03-31,4,moderate_supply_growing,0.0,0.0,0.2043307300055309
29630,2021-04-30,4,moderate_supply_growing,0.0,-1.0,0.1715780166242329
29630,2021-05-31,4,moderate_supply_growing,0.0,0.0,0.1286102253889607
29630,2021-06-30,4,moderate_supply_growing,0.0,-1.0,0.1048451099697345
29630,2021-07-31,4,moderate_supply_growing,0.0,-1.0,0.168205671959862
29630,2021-08-31,4,moderate_supply_growing,0.0,-1.0,0.1073933800310591
29630,2021-09-30,4,moderate_supply_growing,0.0,-1.0,0.0406939061027743
29630,2021-10-31,4,moderate_supply_growing,0.0,-1.0,0.0392887006180432
29630,2021-11-30,4,moderate_supply_growing,0.0,-1.0,0.1282153691004925
29630,2021-12-31,4,moderate_supply_growing,0.0,-1.0,0.2900199439649568
29631,2021-01-31,4,moderate_supply_growing,1.0,1.0,0.1654770936880766
29631,2021-02-28,4,moderate_supply_growing,1.0,1.0,0.3391718771028122
29631,2021-03-31,4,moderate_supply_growing,0.0,0.0,0.7513582784493995
29631,2021-04-30,4,moderate_supply_growing,0.0,0.0,0.8641532240840111
29631,2021-05-31,4,moderate_supply_growing,0.0,0.0,0.8396007514941202
29631,2021-06-30,4,moderate_supply_growing,0.0,0.0,0.8399612521880762
29631,2021-07-31,4,moderate_supply_growing,0.0,0.0,0.5508051975428819
29631,2021-08-31,4,moderate_supply_growing,0.0,0.0,0.1491915977186571
29631,2021-09-30,4,moderate_supply_growing,0.0,0.0,0.1497610728757237
29631,2021-10-31,4,moderate_supply_growing,0.0,0.0,0.1303804026394356
29631,2021-11-30,4,moderate_supply_growing,0.0,-1.0,0.1996662853292135
29631,2021-12-31,4,moderate_supply_growing,0.0,-1.0,0.3042932080154224
29635,2021-01-31,4,moderate_supply_growing,0.0,-1.0,0.0811414161627729
29635,2021-02-28,4,moderate_supply_growing,0.0,-1.0,0.0843195309888293
29635,2021-03-31,4,moderate_supply_growing,0.0,-1.0,0.5281282409414728
29635,2021-04-30,4,moderate_supply_growing,0.0,-1.0,0.3202734868874303
29635,2021-05-31,4,moderate_supply_growing,0.0,-1.0,0.2636873598737849
29635,2021-06-30,4,moderate_supply_growing,0.0,-1.0,0.0948785591822682
29635,2021-07-31,4,moderate_supply_growing,0.0,-1.0,0.0594587904014285
29635,2021-08-31,4,moderate_supply_growing,0.0,-1.0,0.1260551144530828
29635,2021-09-30,4,moderate_supply_growing,0.0,-1.0,0.1430225966456806
29635,2021-10-31,4,moderate_supply_growing,0.0,0.0,0.0928122849911391
29635,2021-11-30,4,moderate_supply_growing,0.0,0.0,0.2150731003948108
29635,2021-12-31,4,moderate_supply_growing,0.0,0.0,0.6239094018581222
29640,2021-01-31,2,competitive_mid_market,0.0,0.0,0.2482361408685552
29640,2021-02-28,2,competitive_mid_market,0.0,0.0,0.1954753580286581
29640,2021-03-31,2,competitive_mid_market,0.0,0.0,0.4826489183493725
29640,2021-04-30,2,competitive_mid_market,0.0,0.0,0.5111538719528652
29640,2021-05-31,2,competitive_mid_market,0.0,0.0,0.5443530354731082
29640,2021-06-30,2,competitive_mid_market,0.0,-1.0,0.6554751681785245
29640,2021-07-31,2,competitive_mid_market,0.0,-1.0,0.6118138897403427
29640,2021-08-31,2,competitive_mid_market,0.0,-1.0,0.2223125302989152
29640,2021-09-30,2,competitive_mid_market,0.0,-1.0,0.0689707376650462
29640,2021-10-31,2,competitive_mid_market,0.0,-1.0,0.140133163170582
29640,2021-11-30,2,competitive_mid_market,0.0,-1.0,0.1904583961457452
29640,2021-12-31,2,competitive_mid_market,0.0,-1.0,0.3053159305666965
29642,2021-01-31,3,affordable_high_demand,1.0,1.0,0.8999768811857063
29642,2021-02-28,3,affordable_high_demand,1.0,1.0,0.8971063620718961
29642,2021-03-31,3,affordable_high_demand,1.0,1.0,0.9033642899776854
29642,2021-04-30,3,affordable_high_demand,1.0,1.0,0.9107823599317024
29642,2021-05-31,3,affordable_high_demand,1.0,1.0,0.9430372726849828
29642,2021-06-30,3,affordable_high_demand,1.0,1.0,0.9602441493599794
29642,2021-07-31,3,affordable_high_demand,0.0,0.0,0.9540483484537216
29642,2021-08-31,3,affordable_high_demand,0.0,0.0,0.9147467927746608
29642,2021-09-30,3,affordable_high_demand,0.0,0.0,0.8626275306455409
29642,2021-10-31,3,affordable_high_demand,0.0,0.0,0.8814131251503948
29642,2021-11-30,3,affordable_high_demand,0.0,0.0,0.868813697761283
29642,2021-12-31,3,affordable_high_demand,0.0,-1.0,0.864864976923614
29643,2021-01-31,0,high_value_appreciating,1.0,1.0,0.8685188315816373
29643,2021-02-28,0,high_value_appreciating,0.0,0.0,0.8458009249849365
29643,2021-03-31,0,high_value_appreciating,0.0,0.0,0.6544235173427276
29643,2021-04-30,0,high_value_appreciating,0.0,0.0,0.7848243309291507
29643,2021-05-31,0,high_value_appreciating,0.0,0.0,0.8850528981274588
29643,2021-06-30,0,high_value_appreciating,0.0,0.0,0.6502335124364002
29643,2021-07-31,0,high_value_appreciating,0.0,-1.0,0.0607696676428088
29643,2021-08-31,0,high_value_appreciating,0.0,-1.0,0.1027687095914698
29643,2021-09-30,0,high_value_appreciating,0.0,-1.0,0.0799967421371
29643,2021-10-31,0,high_value_appreciating,0.0,-1.0,0.0768544670152175
29643,2021-11-30,0,high_value_appreciating,0.0,-1.0,0.1030940324881497
29643,2021-12-31,0,high_value_appreciating,0.0,-1.0,0.0323312322796049
29644,2021-01-31,3,affordable_high_demand,0.0,0.0,0.2303285231479216
29644,2021-02-28,3,affordable_high_demand,0.0,0.0,0.6603381273889205
29644,2021-03-31,3,affordable_high_demand,0.0,0.0,0.3036283697665021
29644,2021-04-30,3,affordable_high_demand,0.0,0.0,0.2847666622716566
29644,2021-05-31,3,affordable_high_demand,0.0,0.0,0.6267274121559807
29644,2021-06-30,3,affordable_high_demand,0.0,0.0,0.6338499644980762
29644,2021-07-31,3,affordable_high_demand,0.0,0.0,0.7283875530640878
29644,2021-08-31,3,affordable_high_demand,0.0,0.0,0.8159558318859679
29644,2021-09-30,3,affordable_high_demand,0.0,-1.0,0.4488031430433334
29644,2021-10-31,3,affordable_high_demand,0.0,-1.0,0.3337141768873578
29644,2021-11-30,3,affordable_high_demand,0.0,-1.0,0.8980103040527825
29644,2021-12-31,3,affordable_high_demand,0.0,-1.0,0.8272495732657437
29645,2021-01-31,1,low_activity_cooling,0.0,-1.0,0.0145181851953712
29645,2021-02-28,1,low_activity_cooling,0.0,-1.0,0.083303019969123
29645,2021-03-31,1,low_activity_cooling,0.0,-1.0,0.1732846163958259
29645,2021-04-30,1,low_activity_cooling,0.0,-1.0,0.0264800829277879
29645,2021-05-31,1,low_activity_cooling,0.0,-1.0,0.0378815168331414
29645,2021-06-30,1,low_activity_cooling,0.0,-1.0,0.0300462844976798
29645,2021-07-31,1,low_activity_cooling,0.0,-1.0,0.0243212252562286
29645,2021-08-31,1,low_activity_cooling,0.0,-1.0,0.0213006780434219
29645,2021-09-30,1,low_activity_cooling,0.0,-1.0,0.0094343240444122
29645,2021-10-31,1,low_activity_cooling,0.0,-1.0,0.0366020487297294
29645,2021-11-30,1,low_activity_cooling,0.0,-1.0,0.0254114583479152
29645,2021-12-31,1,low_activity_cooling,0.0,-1.0,0.0568080823615643
29646,2021-01-31,4,moderate_supply_growing,0.0,0.0,0.0158062326635102
29646,2021-02-28,4,moderate_supply_growing,0.0,0.0,0.0360580387341796
29646,2021-03-31,4,moderate_supply_growing,0.0,0.0,0.1339764983083772
29646,2021-04-30,4,moderate_supply_growing,0.0,0.0,0.0610599939748097
29646,2021-05-31,4,moderate_supply_growing,0.0,0.0,0.0355705354481142
29646,2021-06-30,4,moderate_supply_growing,0.0,0.0,0.0934265334260966
29646,2021-07-31,4,moderate_supply_growing,0.0,0.0,0.0475641160837581
29646,2021-08-31,4,moderate_supply_growing,0.0,0.0,0.0303663463964461
29646,2021-09-30,4,moderate_supply_growing,0.0,-1.0,0.0135398564785612
29646,2021-10-31,4,moderate_supply_growing,0.0,-1.0,0.0163906021948113
29646,2021-11-30,4,moderate_supply_growing,0.0,-1.0,0.0339402668672756
29646,2021-12-31,4,moderate_supply_growing,0.0,-1.0,0.0479034667622649
29649,2021-01-31,4,moderate_supply_growing,0.0,0.0,0.0428095018368755
29649,2021-02-28,4,moderate_supply_growing,0.0,0.0,0.1064864367709603
29649,2021-03-31,4,moderate_supply_growing,0.0,0.0,0.3822552754649302
29649,2021-04-30,4,moderate_supply_growing,0.0,0.0,0.5204611259096572
29649,2021-05-31,4,moderate_supply_growing,0.0,0.0,0.6230942423064795
29649,2021-06-30,4,moderate_supply_growing,0.0,0.0,0.606729770856735
29649,2021-07-31,4,moderate_supply_growing,0.0,0.0,0.3957478431791034
29649,2021-08-31,4,moderate_supply_growing,0.0,0.0,0.2184539539545048
29649,2021-09-30,4,moderate_supply_growing,0.0,0.0,0.1024789204339327
29649,2021-10-31,4,moderate_supply_growing,0.0,0.0,0.1085808438440651
29649,2021-11-30,4,moderate_supply_growing,0.0,0.0,0.1887345357755085
29649,2021-12-31,4,moderate_supply_growing,0.0,0.0,0.0711823247632261
29650,2021-01-31,3,affordable_high_demand,1.0,1.0,0.8236905700807502
29650,2021-02-28,3,affordable_high_demand,1.0,1.0,0.9115041306605124
29650,2021-03-31,3,affordable_high_demand,1.0,1.0,0.9657251230738356
29650,2021-04-30,3,affordable_high_demand,1.0,1.0,0.9730706036723028
29650,2021-05-31,3,affordable_high_demand,1.0,1.0,0.9903772557545792
29650,2021-06-30,3,affordable_high_demand,1.0,1.0,0.978373317122414
29650,2021-07-31,3,affordable_high_demand,1.0,1.0,0.9799524645292792
29650,2021-08-31,3,affordable_high_demand,1.0,1.0,0.9843702416056048
29650,2021-09-30,3,affordable_high_demand,1.0,1.0,0.9171238485081216
29650,2021-10-31,3,affordable_high_demand,0.0,0.0,0.9331519538773796
29650,2021-11-30,3,affordable_high_demand,0.0,0.0,0.9248299711284558
29650,2021-12-31,3,affordable_high_demand,0.0,0.0,0.9296686636133684
29651,2021-01-31,3,affordable_high_demand,1.0,1.0,0.8072720551977268
29651,2021-02-28,3,affordable_high_demand,1.0,1.0,0.944995493953566
29651,2021-03-31,3,affordable_high_demand,1.0,1.0,0.9510588689546255
29651,2021-04-30,3,affordable_high_demand,0.0,0.0,0.9114273119651104
29651,2021-05-31,3,affordable_high_demand,0.0,0.0,0.893230575287009
29651,2021-06-30,3,affordable_high_demand,1.0,1.0,0.918125140582375
29651,2021-07-31,3,affordable_high_demand,0.0,0.0,0.8304997817280559
29651,2021-08-31,3,affordable_high_demand,0.0,0.0,0.8064306595696313
29651,2021-09-30,3,affordable_high_demand,0.0,0.0,0.5222058753663852
29651,2021-10-31,3,affordable_high_demand,0.0,0.0,0.3820037375098931
29651,2021-11-30,3,affordable_high_demand,0.0,-1.0,0.6755180769460181
29651,2021-12-31,3,affordable_high_demand,0.0,-1.0,0.7791072534528208
29653,2021-01-31,4,moderate_supply_growing,0.0,0.0,0.20202630476855
29653,2021-02-28,4,moderate_supply_growing,0.0,-1.0,0.114538077097798
29653,2021-03-31,4,moderate_supply_growing,0.0,-1.0,0.2898384096410016
29653,2021-04-30,4,moderate_supply_growing,0.0,-1.0,0.4854971039575643
29653,2021-05-31,4,moderate_supply_growing,0.0,-1.0,0.1528716066479013
29653,2021-06-30,4,moderate_supply_growing,0.0,-1.0,0.7683256493730403
29653,2021-07-31,4,moderate_supply_growing,0.0,-1.0,0.4094009529130306
29653,2021-08-31,4,moderate_supply_growing,0.0,-1.0,0.4483406437178506
29653,2021-09-30,4,moderate_supply_growing,0.0,-1.0,0.1412205971793445
29653,2021-10-31,4,moderate_supply_growing,0.0,-1.0,0.0473450856833232
29653,2021-11-30,4,moderate_supply_growing,0.0,-1.0,0.0322144987589991
29653,2021-12-31,4,moderate_supply_growing,0.0,-1.0,0.0215672095121872
29654,2021-01-31,1,low_activity_cooling,0.0,0.0,0.150191868279385
29654,2021-02-28,1,low_activity_cooling,0.0,0.0,0.1073756711238243
29654,2021-03-31,1,low_activity_cooling,0.0,-1.0,0.0500767006384639
29654,2021-04-30,1,low_activity_cooling,0.0,-1.0,0.0621681036267185
29654,2021-05-31,1,low_activity_cooling,0.0,-1.0,0.0336928910153671
29654,2021-06-30,1,low_activity_cooling,0.0,-1.0,0.1792338210901925
29654,2021-07-31,1,low_activity_cooling,0.0,-1.0,0.1586279127591833
29654,2021-08-31,1,low_activity_cooling,0.0,-1.0,0.1518316980053275
29654,2021-09-30,1,low_activity_cooling,0.0,-1.0,0.0754303886262568
29654,2021-10-31,1,low_activity_cooling,0.0,-1.0,0.0428211955984496
29654,2021-11-30,1,low_activity_cooling,0.0,-1.0,0.075602578193233
29654,2021-12-31,1,low_activity_cooling,0.0,-1.0,0.0684708491139142
29657,2021-01-31,2,competitive_mid_market,0.0,0.0,0.0757804428758304
29657,2021-02-28,2,competitive_mid_market,0.0,0.0,0.1186450531603075
29657,2021-03-31,2,competitive_mid_market,0.0,0.0,0.2400525029487529
29657,2021-04-30,2,competitive_mid_market,0.0,0.0,0.2235768602698814
29657,2021-05-31,2,competitive_mid_market,0.0,-1.0,0.1267121254210655
29657,2021-06-30,2,competitive_mid_market,0.0,-1.0,0.1190042577737089
29657,2021-07-31,2,competitive_mid_market,0.0,-1.0,0.0628672800942054
29657,2021-08-31,2,competitive_mid_market,0.0,-1.0,0.0599560251603467
29657,2021-09-30,2,competitive_mid_market,0.0,-1.0,0.0907039332777771
29657,2021-10-31,2,competitive_mid_market,0.0,-1.0,0.043108154884853
29657,2021-11-30,2,competitive_mid_market,0.0,-1.0,0.0583907429476494
29657,2021-12-31,2,competitive_mid_market,0.0,-1.0,0.0561377326347994
29661,2021-01-31,4,moderate_supply_growing,0.0,0.0,0.0655738790181028
29661,2021-02-28,4,moderate_supply_growing,0.0,0.0,0.1075187108279845
29661,2021-03-31,4,moderate_supply_growing,0.0,0.0,0.0904616995679205
29661,2021-04-30,4,moderate_supply_growing,0.0,0.0,0.1529567338761066
29661,2021-05-31,4,moderate_supply_growing,0.0,0.0,0.2004952729072532
29661,2021-06-30,4,moderate_supply_growing,0.0,0.0,0.1938928275687022
29661,2021-07-31,4,moderate_supply_growing,0.0,0.0,0.0637535745349503
29661,2021-08-31,4,moderate_supply_growing,0.0,-1.0,0.1440556587965613
29661,2021-09-30,4,moderate_supply_growing,0.0,-1.0,0.0359499736364066
29661,2021-10-31,4,moderate_supply_growing,0.0,-1.0,0.0521919416145444
29661,2021-11-30,4,moderate_supply_growing,0.0,-1.0,0.0726102559040072
29661,2021-12-31,4,moderate_supply_growing,0.0,-1.0,0.2116717927982476
29662,2021-01-31,3,affordable_high_demand,1.0,1.0,0.6243451404775325
29662,2021-02-28,3,affordable_high_demand,1.0,1.0,0.8001107421609582
29662,2021-03-31,3,affordable_high_demand,0.0,0.0,0.7778059581728962
29662,2021-04-30,3,affordable_high_demand,0.0,0.0,0.8604722979297892
29662,2021-05-31,3,affordable_high_demand,0.0,0.0,0.8839569761077535
29662,2021-06-30,3,affordable_high_demand,0.0,0.0,0.7348531100940839
29662,2021-07-31,3,affordable_high_demand,0.0,0.0,0.7650414985137337
29662,2021-08-31,3,affordable_high_demand,0.0,0.0,0.2582696891275516
29662,2021-09-30,3,affordable_high_demand,0.0,-1.0,0.1681454749712144
29662,2021-10-31,3,affordable_high_demand,0.0,-1.0,0.3003675453404801
29662,2021-11-30,3,affordable_high_demand,0.0,-1.0,0.3704023811535789
29662,2021-12-31,3,affordable_high_demand,0.0,-1.0,0.6722671361934889
29664,2021-01-31,1,low_activity_cooling,0.0,0.0,0.3423317782731865
29664,2021-02-28,1,low_activity_cooling,0.0,0.0,0.5256390039469198
29664,2021-03-31,1,low_activity_cooling,0.0,0.0,0.3616688925306178
29664,2021-04-30,1,low_activity_cooling,0.0,-1.0,0.0971102343201239
29664,2021-05-31,1,low_activity_cooling,0.0,-1.0,0.3010740321553135
29664,2021-06-30,1,low_activity_cooling,0.0,-1.0,0.1527689278428206
29664,2021-07-31,1,low_activity_cooling,0.0,0.0,0.1664105449355508
29664,2021-08-31,1,low_activity_cooling,0.0,-1.0,0.0851700683891898
29664,2021-09-30,1,low_activity_cooling,0.0,-1.0,0.0200727618414181
29664,2021-10-31,1,low_activity_cooling,0.0,-1.0,0.1203923054544602
29664,2021-11-30,1,low_activity_cooling,0.0,-1.0,0.4018281615912807
29664,2021-12-31,1,low_activity_cooling,0.0,-1.0,0.1793600228959014
29666,2021-01-31,4,moderate_supply_growing,0.0,-1.0,0.0485435779730023
29666,2021-02-28,4,moderate_supply_growing,0.0,0.0,0.0820247341704683
29666,2021-03-31,4,moderate_supply_growing,0.0,0.0,0.0722413933089337
29666,2021-04-30,4,moderate_supply_growing,0.0,0.0,0.0475855036150114
29666,2021-05-31,4,moderate_supply_growing,0.0,0.0,0.0246243833018672
29666,2021-06-30,4,moderate_supply_growing,0.0,-1.0,0.0289517027786873
29666,2021-07-31,4,moderate_supply_growing,0.0,-1.0,0.0525084445956262
29666,2021-08-31,4,moderate_supply_growing,0.0,-1.0,0.1223690276235413
29666,2021-09-30,4,moderate_supply_growing,0.0,-1.0,0.043814439562881
29666,2021-10-31,4,moderate_supply_growing,0.0,-1.0,0.0513041028314893
29666,2021-11-30,4,moderate_supply_growing,0.0,-1.0,0.0769140334208546
29666,2021-12-31,4,moderate_supply_growing,0.0,-1.0,0.0952427969267343
29669,2021-01-31,2,competitive_mid_market,0.0,0.0,0.1431274405476349
29669,2021-02-28,2,competitive_mid_market,0.0,0.0,0.3699877657918561
29669,2021-03-31,2,competitive_mid_market,0.0,0.0,0.4495100621756035
29669,2021-04-30,2,competitive_mid_market,0.0,0.0,0.5444039638923808
29669,2021-05-31,2,competitive_mid_market,0.0,0.0,0.5768735635602457
29669,2021-06-30,2,competitive_mid_market,0.0,0.0,0.4619555025415289
29669,2021-07-31,2,competitive_mid_market,0.0,0.0,0.4315176662699262
29669,2021-08-31,2,competitive_mid_market,0.0,0.0,0.1910024536360695
29669,2021-09-30,2,competitive_mid_market,0.0,-1.0,0.0473288645884287
29669,2021-10-31,2,competitive_mid_market,0.0,-1.0,0.022542589439418
29669,2021-11-30,2,competitive_mid_market,0.0,-1.0,0.0882339130269084
29669,2021-12-31,2,competitive_mid_market,0.0,-1.0,0.2003530322547639
29670,2021-01-31,2,competitive_mid_market,0.0,0.0,0.586100650624354
29670,2021-02-28,2,competitive_mid_market,0.0,0.0,0.4724448311871975
29670,2021-03-31,2,competitive_mid_market,0.0,0.0,0.8358709142060714
29670,2021-04-30,2,competitive_mid_market,0.0,0.0,0.9102515755365328
29670,2021-05-31,2,competitive_mid_market,0.0,0.0,0.908314184311664
29670,2021-06-30,2,competitive_mid_market,0.0,0.0,0.8548909762527684
29670,2021-07-31,2,competitive_mid_market,0.0,0.0,0.7415837286490701
29670,2021-08-31,2,competitive_mid_market,0.0,0.0,0.7790942035745233
29670,2021-09-30,2,competitive_mid_market,0.0,0.0,0.8427004848107708
29670,2021-10-31,2,competitive_mid_market,0.0,0.0,0.7750738735018015
29670,2021-11-30,2,competitive_mid_market,0.0,0.0,0.6450133711160927
29670,2021-12-31,2,competitive_mid_market,0.0,-1.0,0.5290143937078551
29671,2021-01-31,2,competitive_mid_market,1.0,1.0,0.6636088761071137
29671,2021-02-28,2,competitive_mid_market,0.0,0.0,0.4752535973038417
29671,2021-03-31,2,competitive_mid_market,0.0,0.0,0.4226856437130296
29671,2021-04-30,2,competitive_mid_market,0.0,0.0,0.7534396239296903
29671,2021-05-31,2,competitive_mid_market,0.0,0.0,0.6434483270630991
29671,2021-06-30,2,competitive_mid_market,0.0,0.0,0.8819703548018047
29671,2021-07-31,2,competitive_mid_market,0.0,0.0,0.7603013015579894
29671,2021-08-31,2,competitive_mid_market,0.0,0.0,0.2409645625176046
29671,2021-09-30,2,competitive_mid_market,0.0,0.0,0.0900532949778643
29671,2021-10-31,2,competitive_mid_market,0.0,-1.0,0.056339842057203
29671,2021-11-30,2,competitive_mid_market,0.0,-1.0,0.1143950037573677
29671,2021-12-31,2,competitive_mid_market,0.0,-1.0,0.1896911503409321
29672,2021-01-31,0,high_value_appreciating,1.0,1.0,0.5139016068326652
29672,2021-02-28,0,high_value_appreciating,1.0,1.0,0.4093913929423323
29672,2021-03-31,0,high_value_appreciating,0.0,0.0,0.5105656823863653
29672,2021-04-30,0,high_value_appreciating,0.0,0.0,0.3331866223212538
29672,2021-05-31,0,high_value_appreciating,0.0,0.0,0.3693670845621173
29672,2021-06-30,0,high_value_appreciating,0.0,0.0,0.6085855020946439
29672,2021-07-31,0,high_value_appreciating,0.0,0.0,0.6220083950383938
29672,2021-08-31,0,high_value_appreciating,0.0,-1.0,0.4249470754393419
29672,2021-09-30,0,high_value_appreciating,0.0,-1.0,0.105258095223722
29672,2021-10-31,0,high_value_appreciating,0.0,-1.0,0.2454676675410354
29672,2021-11-30,0,high_value_appreciating,0.0,-1.0,0.2045495514819209
29672,2021-12-31,0,high_value_appreciating,0.0,-1.0,0.3728017936585603
29673,2021-01-31,4,moderate_supply_growing,1.0,1.0,0.3810335640781212
29673,2021-02-28,4,moderate_supply_growing,1.0,1.0,0.6861248352634679
29673,2021-03-31,4,moderate_supply_growing,1.0,1.0,0.8532031847903283
29673,2021-04-30,4,moderate_supply_growing,0.0,0.0,0.8940986184576629
29673,2021-05-31,4,moderate_supply_growing,0.0,0.0,0.932020086930372
29673,2021-06-30,4,moderate_supply_growing,0.0,0.0,0.9429515892753452
29673,2021-07-31,4,moderate_supply_growing,0.0,0.0,0.8315940846805246
29673,2021-08-31,4,moderate_supply_growing,0.0,0.0,0.5316484448235649
29673,2021-09-30,4,moderate_supply_growing,0.0,0.0,0.3455003777695417
29673,2021-10-31,4,moderate_supply_growing,0.0,0.0,0.180456040076182
29673,2021-11-30,4,moderate_supply_growing,0.0,-1.0,0.2764255903326656
29673,2021-12-31,4,moderate_supply_growing,0.0,-1.0,0.3078618359000333
29676,2021-01-31,0,high_value_appreciating,1.0,1.0,0.8515486654135581
29676,2021-02-28,0,high_value_appreciating,1.0,1.0,0.6524408459765563
29676,2021-03-31,0,high_value_appreciating,1.0,1.0,0.7737899899664689
29676,2021-04-30,0,high_value_appreciating,1.0,1.0,0.7772089639329907
29676,2021-05-31,0,high_value_appreciating,1.0,1.0,0.74207641537636
29676,2021-06-30,0,high_value_appreciating,0.0,0.0,0.7799826401990545
29676,2021-07-31,0,high_value_appreciating,0.0,0.0,0.7447719777318804
29676,2021-08-31,0,high_value_appreciating,0.0,0.0,0.8242181449115482
29676,2021-09-30,0,high_value_appreciating,0.0,-1.0,0.7507605980855785
29676,2021-10-31,0,high_value_appreciating,0.0,-1.0,0.640855396439043
29676,2021-11-30,0,high_value_appreciating,0.0,-1.0,0.4792315553617424
29676,2021-12-31,0,high_value_appreciating,0.0,-1.0,0.3061150605516441
29678,2021-01-31,4,moderate_supply_growing,0.0,0.0,0.3080685531703222
29678,2021-02-28,4,moderate_supply_growing,0.0,0.0,0.2202693304938082
29678,2021-03-31,4,moderate_supply_growing,0.0,0.0,0.2461971030200739
29678,2021-04-30,4,moderate_supply_growing,0.0,0.0,0.4525809025259386
29678,2021-05-31,4,moderate_supply_growing,0.0,0.0,0.5317508404484563
29678,2021-06-30,4,moderate_supply_growing,0.0,0.0,0.7786252355941574
29678,2021-07-31,4,moderate_supply_growing,0.0,0.0,0.6390641874060707
29678,2021-08-31,4,moderate_supply_growing,0.0,-1.0,0.2530167142421448
29678,2021-09-30,4,moderate_supply_growing,0.0,-1.0,0.0748307965193359
29678,2021-10-31,4,moderate_supply_growing,0.0,-1.0,0.0604254109079915
29678,2021-11-30,4,moderate_supply_growing,0.0,-1.0,0.0881261103400607
29678,2021-12-31,4,moderate_supply_growing,0.0,-1.0,0.1322561445923129
29680,2021-01-31,3,affordable_high_demand,1.0,1.0,0.945150198667722
29680,2021-02-28,3,affordable_high_demand,1.0,1.0,0.956621910778704
29680,2021-03-31,3,affordable_high_demand,1.0,1.0,0.95272092570042
29680,2021-04-30,3,affordable_high_demand,1.0,1.0,0.9698203601643722
29680,2021-05-31,3,affordable_high_demand,1.0,1.0,0.979891195524523
29680,2021-06-30,3,affordable_high_demand,1.0,1.0,0.9743027658775044
29680,2021-07-31,3,affordable_high_demand,0.0,0.0,0.9703226996313068
29680,2021-08-31,3,affordable_high_demand,0.0,0.0,0.9680128624169128
29680,2021-09-30,3,affordable_high_demand,0.0,0.0,0.951598641701141
29680,2021-10-31,3,affordable_high_demand,0.0,0.0,0.9546291538063236
29680,2021-11-30,3,affordable_high_demand,0.0,-1.0,0.9018472259924368
29680,2021-12-31,3,affordable_high_demand,0.0,-1.0,0.9411547491703792
29681,2021-01-31,3,affordable_high_demand,1.0,1.0,0.9702730638824948
29681,2021-02-28,3,affordable_high_demand,1.0,1.0,0.973554328782103
29681,2021-03-31,3,affordable_high_demand,1.0,1.0,0.9736143642044705
29681,2021-04-30,3,affordable_high_demand,1.0,1.0,0.9803175600553136
29681,2021-05-31,3,affordable_high_demand,1.0,1.0,0.9765335835322696
29681,2021-06-30,3,affordable_high_demand,1.0,1.0,0.9756864116954508
29681,2021-07-31,3,affordable_high_demand,0.0,0.0,0.9619246794989784
29681,2021-08-31,3,affordable_high_demand,0.0,0.0,0.9546920357474707
29681,2021-09-30,3,affordable_high_demand,0.0,0.0,0.9498205314843432
29681,2021-10-31,3,affordable_high_demand,0.0,0.0,0.9330454611415194
29681,2021-11-30,3,affordable_high_demand,0.0,-1.0,0.9358544795600144
29681,2021-12-31,3,affordable_high_demand,0.0,-1.0,0.931135579525084
29682,2021-01-31,2,competitive_mid_market,0.0,0.0,0.1992177545755276
29682,2021-02-28,2,competitive_mid_market,0.0,0.0,0.1040522602895293
29682,2021-03-31,2,competitive_mid_market,0.0,0.0,0.469482582326973
29682,2021-04-30,2,competitive_mid_market,0.0,0.0,0.737227758284516
29682,2021-05-31,2,competitive_mid_market,1.0,1.0,0.7200256667920663
29682,2021-06-30,2,competitive_mid_market,0.0,0.0,0.5311424084580677
29682,2021-07-31,2,competitive_mid_market,0.0,0.0,0.46770261953149
29682,2021-08-31,2,competitive_mid_market,0.0,0.0,0.3133616148782954
29682,2021-09-30,2,competitive_mid_market,0.0,-1.0,0.3926597717962125
29682,2021-10-31,2,competitive_mid_market,0.0,0.0,0.6207745254922664
29682,2021-11-30,2,competitive_mid_market,0.0,0.0,0.2520493984284041
29682,2021-12-31,2,competitive_mid_market,0.0,-1.0,0.2211831484257094
29684,2021-01-31,2,competitive_mid_market,0.0,0.0,0.3051508185970872
29684,2021-02-28,2,competitive_mid_market,0.0,0.0,0.139524589821485
29684,2021-03-31,2,competitive_mid_market,0.0,0.0,0.3805009612554559
29684,2021-04-30,2,competitive_mid_market,1.0,1.0,0.3158973018479457
29684,2021-05-31,2,competitive_mid_market,1.0,1.0,0.3029341701418302
29684,2021-06-30,2,competitive_mid_market,1.0,1.0,0.3370252495271062
29684,2021-07-31,2,competitive_mid_market,0.0,0.0,0.5577545517795393
29684,2021-08-31,2,competitive_mid_market,1.0,1.0,0.5869374285056929
29684,2021-09-30,2,competitive_mid_market,1.0,1.0,0.2886125395482132
29684,2021-10-31,2,competitive_mid_market,1.0,1.0,0.1103214130257859
29684,2021-11-30,2,competitive_mid_market,0.0,0.0,0.1483530379475268
29684,2021-12-31,2,competitive_mid_market,0.0,0.0,0.2333424534036957
29686,2021-01-31,1,low_activity_cooling,0.0,0.0,0.5228031573897293
29686,2021-02-28,1,low_activity_cooling,0.0,0.0,0.1981295633376753
29686,2021-03-31,1,low_activity_cooling,0.0,-1.0,0.6293660353614542
29686,2021-04-30,1,low_activity_cooling,0.0,-1.0,0.6138801943374717
29686,2021-05-31,1,low_activity_cooling,0.0,-1.0,0.424349358670197
29686,2021-06-30,1,low_activity_cooling,0.0,-1.0,0.1561822629407643
29686,2021-07-31,1,low_activity_cooling,0.0,-1.0,0.062697818352667
29686,2021-08-31,1,low_activity_cooling,0.0,-1.0,0.0088638268422595
29686,2021-09-30,1,low_activity_cooling,0.0,-1.0,0.0072917045265744
29686,2021-10-31,1,low_activity_cooling,0.0,-1.0,0.0101599371429646
29686,2021-11-30,1,low_activity_cooling,0.0,-1.0,0.0155822632863022
29686,2021-12-31,1,low_activity_cooling,0.0,-1.0,0.1500926181208003
29687,2021-01-31,3,affordable_high_demand,1.0,1.0,0.799179650783125
29687,2021-02-28,3,affordable_high_demand,1.0,1.0,0.9333446873289808
29687,2021-03-31,3,affordable_high_demand,0.0,0.0,0.8310113925106032
29687,2021-04-30,3,affordable_high_demand,0.0,0.0,0.8487779709355839
29687,2021-05-31,3,affordable_high_demand,0.0,0.0,0.8427873874465065
29687,2021-06-30,3,affordable_high_demand,0.0,0.0,0.9069362913693736
29687,2021-07-31,3,affordable_high_demand,0.0,0.0,0.8133827319971492
29687,2021-08-31,3,affordable_high_demand,0.0,0.0,0.3628115036664653
29687,2021-09-30,3,affordable_high_demand,0.0,0.0,0.2874046967998339
29687,2021-10-31,3,affordable_high_demand,0.0,0.0,0.2286148190300957
29687,2021-11-30,3,affordable_high_demand,0.0,0.0,0.2765221815106257
29687,2021-12-31,3,affordable_high_demand,0.0,-1.0,0.8130186406728633
29689,2021-01-31,2,competitive_mid_market,0.0,0.0,0.0657035808863268
29689,2021-02-28,2,competitive_mid_market,0.0,0.0,0.1992417671779102
29689,2021-03-31,2,competitive_mid_market,1.0,1.0,0.1057986795114301
29689,2021-04-30,2,competitive_mid_market,1.0,1.0,0.4740912400941751
29689,2021-05-31,2,competitive_mid_market,0.0,0.0,0.3969381802649943
29689,2021-06-30,2,competitive_mid_market,0.0,0.0,0.2988829730514648
29689,2021-07-31,2,competitive_mid_market,0.0,0.0,0.3466916967541706
29689,2021-08-31,2,competitive_mid_market,0.0,0.0,0.1882126479303349
29689,2021-09-30,2,competitive_mid_market,0.0,-1.0,0.2950498855160925
29689,2021-10-31,2,competitive_mid_market,0.0,-1.0,0.324637911637842
29689,2021-11-30,2,competitive_mid_market,0.0,-1.0,0.2594167300762185
29689,2021-12-31,2,competitive_mid_market,0.0,-1.0,0.2323074222798508
29690,2021-01-31,4,moderate_supply_growing,0.0,0.0,0.4358671980424308
29690,2021-02-28,4,moderate_supply_growing,0.0,0.0,0.7185054526790897
29690,2021-03-31,4,moderate_supply_growing,0.0,0.0,0.5781425843044228
29690,2021-04-30,4,moderate_supply_growing,0.0,0.0,0.6352896729677234
29690,2021-05-31,4,moderate_supply_growing,0.0,0.0,0.3458532929367048
29690,2021-06-30,4,moderate_supply_growing,0.0,-1.0,0.2293624627470115
29690,2021-07-31,4,moderate_supply_growing,0.0,-1.0,0.1206263947963593
29690,2021-08-31,4,moderate_supply_growing,0.0,-1.0,0.0691371433138682
29690,2021-09-30,4,moderate_supply_growing,0.0,-1.0,0.0468190839017335
29690,2021-10-31,4,moderate_supply_growing,0.0,-1.0,0.0398179316489918
29690,2021-11-30,4,moderate_supply_growing,0.0,-1.0,0.1454015780770048
29690,2021-12-31,4,moderate_supply_growing,0.0,-1.0,0.5529568158279704
29691,2021-01-31,2,competitive_mid_market,0.0,0.0,0.0927280212256247
29691,2021-02-28,2,competitive_mid_market,0.0,0.0,0.2203396448262842
29691,2021-03-31,2,competitive_mid_market,0.0,0.0,0.2916517120982157
29691,2021-04-30,2,competitive_mid_market,0.0,0.0,0.2003216572755535
29691,2021-05-31,2,competitive_mid_market,0.0,0.0,0.4280400625505832
29691,2021-06-30,2,competitive_mid_market,0.0,0.0,0.4328955579295154
29691,2021-07-31,2,competitive_mid_market,0.0,-1.0,0.6867237671534906
29691,2021-08-31,2,competitive_mid_market,0.0,-1.0,0.1879763928622918
29691,2021-09-30,2,competitive_mid_market,0.0,-1.0,0.0583930084623681
29691,2021-10-31,2,competitive_mid_market,0.0,-1.0,0.0525883843271457
29691,2021-11-30,2,competitive_mid_market,0.0,-1.0,0.0552223090875332
29691,2021-12-31,2,competitive_mid_market,0.0,-1.0,0.0219860745358202
29692,2021-01-31,1,low_activity_cooling,0.0,-1.0,0.0359992795187896
29692,2021-02-28,1,low_activity_cooling,0.0,-1.0,0.0935025151299746
29692,2021-03-31,1,low_activity_cooling,0.0,-1.0,0.1511641497327235
29692,2021-04-30,1,low_activity_cooling,0.0,-1.0,0.1009616254353562
29692,2021-05-31,1,low_activity_cooling,0.0,-1.0,0.0778210181862039
29692,2021-06-30,1,low_activity_cooling,0.0,-1.0,0.0778115129148835
29692,2021-07-31,1,low_activity_cooling,0.0,-1.0,0.0331231493808411
29692,2021-08-31,1,low_activity_cooling,0.0,-1.0,0.0531271925669209
29692,2021-09-30,1,low_activity_cooling,0.0,-1.0,0.0809523617724759
29692,2021-10-31,1,low_activity_cooling,0.0,-1.0,0.0412266824858523
29692,2021-11-30,1,low_activity_cooling,0.0,-1.0,0.2077601580494131
29692,2021-12-31,1,low_activity_cooling,0.0,0.0,0.4268429282338414
29693,2021-01-31,2,competitive_mid_market,0.0,0.0,0.128827730422409
29693,2021-02-28,2,competitive_mid_market,0.0,0.0,0.209596404054375
29693,2021-03-31,2,competitive_mid_market,0.0,0.0,0.2883094087322878
29693,2021-04-30,2,competitive_mid_market,0.0,0.0,0.3757984113063688
29693,2021-05-31,2,competitive_mid_market,0.0,0.0,0.5806824020617221
29693,2021-06-30,2,competitive_mid_market,0.0,0.0,0.6696848580345799
29693,2021-07-31,2,competitive_mid_market,0.0,-1.0,0.4063385255263733
29693,2021-08-31,2,competitive_mid_market,0.0,-1.0,0.044435637367478
29693,2021-09-30,2,competitive_mid_market,0.0,-1.0,0.0461718626785011
29693,2021-10-31,2,competitive_mid_market,0.0,-1.0,0.0343323217519243
29693,2021-11-30,2,competitive_mid_market,0.0,-1.0,0.0740219291550455
29693,2021-12-31,2,competitive_mid_market,0.0,-1.0,0.0463160630006583
29696,2021-01-31,2,competitive_mid_market,1.0,1.0,0.7797503142041222
29696,2021-02-28,2,competitive_mid_market,1.0,1.0,0.8268146817921271
29696,2021-03-31,2,competitive_mid_market,1.0,1.0,0.5848984569454904
29696,2021-04-30,2,competitive_mid_market,1.0,1.0,0.7921598142135201
29696,2021-05-31,2,competitive_mid_market,0.0,0.0,0.858302809813369
29696,2021-06-30,2,competitive_mid_market,0.0,0.0,0.7729663554276437
29696,2021-07-31,2,competitive_mid_market,0.0,0.0,0.7075959861254012
29696,2021-08-31,2,competitive_mid_market,0.0,-1.0,0.0568966130285013
29696,2021-09-30,2,competitive_mid_market,0.0,-1.0,0.021784139773341
29696,2021-10-31,2,competitive_mid_market,0.0,-1.0,0.0251015977354573
29696,2021-11-30,2,competitive_mid_market,0.0,-1.0,0.0544440383961872
29696,2021-12-31,2,competitive_mid_market,0.0,-1.0,0.0291058108657733
29697,2021-01-31,2,competitive_mid_market,0.0,0.0,0.4588311949147977
29697,2021-02-28,2,competitive_mid_market,0.0,0.0,0.5552910617956394
29697,2021-03-31,2,competitive_mid_market,0.0,0.0,0.5488030973175735
29697,2021-04-30,2,competitive_mid_market,0.0,0.0,0.6612160283304463
29697,2021-05-31,2,competitive_mid_market,0.0,0.0,0.480415219852029
29697,2021-06-30,2,competitive_mid_market,0.0,0.0,0.2399445351846217
29697,2021-07-31,2,competitive_mid_market,0.0,0.0,0.3058463500616654
29697,2021-08-31,2,competitive_mid_market,0.0,-1.0,0.1651086037879777
29697,2021-09-30,2,competitive_mid_market,0.0,-1.0,0.2499022805969267
29697,2021-10-31,2,competitive_mid_market,0.0,-1.0,0.2306119374297943
29697,2021-11-30,2,competitive_mid_market,0.0,-1.0,0.3587660518684388
29697,2021-12-31,2,competitive_mid_market,0.0,-1.0,0.3656721694545718
29704,2021-01-31,2,competitive_mid_market,0.0,-1.0,0.0202673738981459
29704,2021-02-28,2,competitive_mid_market,0.0,-1.0,0.1741992994051895
29704,2021-03-31,2,competitive_mid_market,0.0,-1.0,0.2692356933295814
29704,2021-04-30,2,competitive_mid_market,0.0,-1.0,0.1701511056854423
29704,2021-05-31,2,competitive_mid_market,0.0,-1.0,0.4221993833985444
29704,2021-06-30,2,competitive_mid_market,0.0,-1.0,0.4652517284841614
29704,2021-07-31,2,competitive_mid_market,0.0,-1.0,0.248262795034152
29704,2021-08-31,2,competitive_mid_market,0.0,-1.0,0.3763196561517772
29704,2021-09-30,2,competitive_mid_market,0.0,-1.0,0.2187858473813839
29704,2021-10-31,2,competitive_mid_market,0.0,-1.0,0.063153491800514
29704,2021-11-30,2,competitive_mid_market,0.0,-1.0,0.2135651459439813
29704,2021-12-31,2,competitive_mid_market,0.0,-1.0,0.1211447062579145
29706,2021-01-31,0,high_value_appreciating,1.0,1.0,0.125949517074329
29706,2021-02-28,0,high_value_appreciating,0.0,0.0,0.1135596147243471
29706,2021-03-31,0,high_value_appreciating,0.0,0.0,0.2178958116567919
29706,2021-04-30,0,high_value_appreciating,0.0,0.0,0.255298404230539
29706,2021-05-31,0,high_value_appreciating,0.0,0.0,0.5308895038714404
29706,2021-06-30,0,high_value_appreciating,0.0,0.0,0.5296168796980585
29706,2021-07-31,0,high_value_appreciating,0.0,0.0,0.560948520073504
29706,2021-08-31,0,high_value_appreciating,0.0,0.0,0.3823291064686137
29706,2021-09-30,0,high_value_appreciating,0.0,-1.0,0.1785515739923144
29706,2021-10-31,0,high_value_appreciating,0.0,-1.0,0.262644966536747
29706,2021-11-30,0,high_value_appreciating,0.0,-1.0,0.1835213816990866
29706,2021-12-31,0,high_value_appreciating,0.0,-1.0,0.3693761033159102
29707,2021-01-31,3,affordable_high_demand,1.0,1.0,0.9840295940763328
29707,2021-02-28,3,affordable_high_demand,1.0,1.0,0.97910263126091
29707,2021-03-31,3,affordable_high_demand,1.0,1.0,0.9852314762068966
29707,2021-04-30,3,affordable_high_demand,1.0,1.0,0.9818512367499508
29707,2021-05-31,3,affordable_high_demand,1.0,1.0,0.9759898960793584
29707,2021-06-30,3,affordable_high_demand,0.0,0.0,0.9581160019936265
29707,2021-07-31,3,affordable_high_demand,0.0,0.0,0.9636154397348028
29707,2021-08-31,3,affordable_high_demand,0.0,0.0,0.8939647836321429
29707,2021-09-30,3,affordable_high_demand,0.0,-1.0,0.8170955254862626
29707,2021-10-31,3,affordable_high_demand,0.0,-1.0,0.7621250192246689
29707,2021-11-30,3,affordable_high_demand,0.0,-1.0,0.8380723933669304
29707,2021-12-31,3,affordable_high_demand,0.0,-1.0,0.8551213103270604
29708,2021-01-31,3,affordable_high_demand,1.0,1.0,0.99022718359219
29708,2021-02-28,3,affordable_high_demand,1.0,1.0,0.9730909340860496
29708,2021-03-31,3,affordable_high_demand,1.0,1.0,0.9357945816659924
29708,2021-04-30,3,affordable_high_demand,1.0,1.0,0.9619551413461512
29708,2021-05-31,3,affordable_high_demand,1.0,1.0,0.9662942296679348
29708,2021-06-30,3,affordable_high_demand,1.0,1.0,0.951757046547534
29708,2021-07-31,3,affordable_high_demand,1.0,1.0,0.8798028466587923
29708,2021-08-31,3,affordable_high_demand,0.0,0.0,0.8360492913379544
29708,2021-09-30,3,affordable_high_demand,0.0,0.0,0.854743226181491
29708,2021-10-31,3,affordable_high_demand,0.0,0.0,0.8118071653117599
29708,2021-11-30,3,affordable_high_demand,0.0,-1.0,0.8116460321247738
29708,2021-12-31,3,affordable_high_demand,0.0,-1.0,0.8469365337017851
29710,2021-01-31,3,affordable_high_demand,1.0,1.0,0.9668357853417804
29710,2021-02-28,3,affordable_high_demand,1.0,1.0,0.9507749614190478
29710,2021-03-31,3,affordable_high_demand,1.0,1.0,0.9521888544401218
29710,2021-04-30,3,affordable_high_demand,1.0,1.0,0.9298075714959376
29710,2021-05-31,3,affordable_high_demand,0.0,0.0,0.9215973689682476
29710,2021-06-30,3,affordable_high_demand,0.0,0.0,0.9237333012382404
29710,2021-07-31,3,affordable_high_demand,0.0,0.0,0.8893171257708261
29710,2021-08-31,3,affordable_high_demand,0.0,0.0,0.9423059476099176
29710,2021-09-30,3,affordable_high_demand,0.0,-1.0,0.9021753882087188
29710,2021-10-31,3,affordable_high_demand,0.0,-1.0,0.923777154151454
29710,2021-11-30,3,affordable_high_demand,0.0,-1.0,0.8542997145046566
29710,2021-12-31,3,affordable_high_demand,0.0,-1.0,0.8273878738240344
29714,2021-01-31,2,competitive_mid_market,0.0,0.0,0.0439996195515374
29714,2021-02-28,2,competitive_mid_market,0.0,0.0,0.0855592499321612
29714,2021-03-31,2,competitive_mid_market,0.0,0.0,0.2534420825184583
29714,2021-04-30,2,competitive_mid_market,0.0,0.0,0.5929335788989919
29714,2021-05-31,2,competitive_mid_market,0.0,0.0,0.5215043438480558
29714,2021-06-30,2,competitive_mid_market,0.0,0.0,0.4080503661154618
29714,2021-07-31,2,competitive_mid_market,0.0,0.0,0.3798215703155318
29714,2021-08-31,2,competitive_mid_market,0.0,0.0,0.272897837826863
29714,2021-09-30,2,competitive_mid_market,0.0,-1.0,0.0750506247257456
29714,2021-10-31,2,competitive_mid_market,0.0,-1.0,0.1391911720863131
29714,2021-11-30,2,competitive_mid_market,0.0,-1.0,0.0784059497621338
29714,2021-12-31,2,competitive_mid_market,0.0,-1.0,0.7575715132270793
29715,2021-01-31,3,affordable_high_demand,1.0,1.0,0.9898036682281252
29715,2021-02-28,3,affordable_high_demand,1.0,1.0,0.9824994176725058
29715,2021-03-31,3,affordable_high_demand,1.0,1.0,0.97599012482616
29715,2021-04-30,3,affordable_high_demand,1.0,1.0,0.9605657612182144
29715,2021-05-31,3,affordable_high_demand,1.0,1.0,0.9310265938700072
29715,2021-06-30,3,affordable_high_demand,1.0,1.0,0.9225739626452713
29715,2021-07-31,3,affordable_high_demand,0.0,0.0,0.807496771522515
29715,2021-08-31,3,affordable_high_demand,0.0,0.0,0.8029019500857032
29715,2021-09-30,3,affordable_high_demand,0.0,0.0,0.8445407198812371
29715,2021-10-31,3,affordable_high_demand,0.0,0.0,0.8545455824830526
29715,2021-11-30,3,affordable_high_demand,0.0,-1.0,0.9251079523870668
29715,2021-12-31,3,affordable_high_demand,0.0,-1.0,0.8719644837942613
29720,2021-01-31,2,competitive_mid_market,1.0,1.0,0.8411813561513996
29720,2021-02-28,2,competitive_mid_market,1.0,1.0,0.8247991562708423
29720,2021-03-31,2,competitive_mid_market,0.0,0.0,0.8652990917081249
29720,2021-04-30,2,competitive_mid_market,0.0,0.0,0.7467092044982023
29720,2021-05-31,2,competitive_mid_market,0.0,0.0,0.6652026356864535
29720,2021-06-30,2,competitive_mid_market,0.0,0.0,0.7350490988022593
29720,2021-07-31,2,competitive_mid_market,0.0,0.0,0.7077215406070352
29720,2021-08-31,2,competitive_mid_market,0.0,-1.0,0.732745738956282
29720,2021-09-30,2,competitive_mid_market,0.0,-1.0,0.5524137846886752
29720,2021-10-31,2,competitive_mid_market,0.0,-1.0,0.0747466597025156
29720,2021-11-30,2,competitive_mid_market,0.0,-1.0,0.0787050799555814
29720,2021-12-31,2,competitive_mid_market,0.0,-1.0,0.0853179137778395
29726,2021-01-31,2,competitive_mid_market,0.0,-1.0,0.0104821503832218
29726,2021-02-28,2,competitive_mid_market,0.0,-1.0,0.0943502919053858
29726,2021-03-31,2,competitive_mid_market,0.0,-1.0,0.0201586497660072
29726,2021-04-30,2,competitive_mid_market,0.0,-1.0,0.1882025535798707
29726,2021-05-31,2,competitive_mid_market,0.0,-1.0,0.4295087255986659
29726,2021-06-30,2,competitive_mid_market,0.0,-1.0,0.3805628522881122
29726,2021-07-31,2,competitive_mid_market,0.0,-1.0,0.3136823137348515
29726,2021-08-31,2,competitive_mid_market,0.0,-1.0,0.5261692381822077
29726,2021-09-30,2,competitive_mid_market,0.0,-1.0,0.6077454040186296
29726,2021-10-31,2,competitive_mid_market,0.0,-1.0,0.3109875307034197
29726,2021-11-30,2,competitive_mid_market,0.0,-1.0,0.2593399044369475
29726,2021-12-31,2,competitive_mid_market,0.0,-1.0,0.2041640031509663
29730,2021-01-31,2,competitive_mid_market,0.0,0.0,0.6899965288361369
29730,2021-02-28,2,competitive_mid_market,0.0,0.0,0.5823129270145024
29730,2021-03-31,2,competitive_mid_market,0.0,0.0,0.2749843540097186
29730,2021-04-30,2,competitive_mid_market,0.0,0.0,0.3522778567398916
29730,2021-05-31,2,competitive_mid_market,0.0,0.0,0.7032073454422623
29730,2021-06-30,2,competitive_mid_market,0.0,-1.0,0.571178572802734
29730,2021-07-31,2,competitive_mid_market,0.0,-1.0,0.5849044533719268
29730,2021-08-31,2,competitive_mid_market,0.0,-1.0,0.4478293990354091
29730,2021-09-30,2,competitive_mid_market,0.0,-1.0,0.525865719655191
29730,2021-10-31,2,competitive_mid_market,0.0,-1.0,0.5537273816005546
29730,2021-11-30,2,competitive_mid_market,0.0,-1.0,0.6486442932309331
29730,2021-12-31,2,competitive_mid_market,0.0,-1.0,0.7149912648345764
29732,2021-01-31,3,affordable_high_demand,1.0,1.0,0.9708832684137888
29732,2021-02-28,3,affordable_high_demand,1.0,1.0,0.9243414356918732
29732,2021-03-31,3,affordable_high_demand,0.0,0.0,0.7191296398991165
29732,2021-04-30,3,affordable_high_demand,0.0,0.0,0.8954067572869976
29732,2021-05-31,3,affordable_high_demand,0.0,0.0,0.8951907352172211
29732,2021-06-30,3,affordable_high_demand,0.0,0.0,0.8488213223009534
29732,2021-07-31,3,affordable_high_demand,0.0,0.0,0.7900055384223184
29732,2021-08-31,3,affordable_high_demand,0.0,-1.0,0.8572602581075321
29732,2021-09-30,3,affordable_high_demand,0.0,-1.0,0.7445233877693601
29732,2021-10-31,3,affordable_high_demand,0.0,-1.0,0.7823420405268696
29732,2021-11-30,3,affordable_high_demand,0.0,-1.0,0.6780057700723635
29732,2021-12-31,3,affordable_high_demand,0.0,-1.0,0.8195433364827824
29742,2021-01-31,1,low_activity_cooling,0.0,-1.0,0.0276535702278112
29742,2021-02-28,1,low_activity_cooling,0.0,-1.0,0.020589731067643
29742,2021-03-31,1,low_activity_cooling,0.0,-1.0,0.1688048615686218
29742,2021-04-30,1,low_activity_cooling,0.0,-1.0,0.273565056399876
29742,2021-05-31,1,low_activity_cooling,0.0,-1.0,0.37677229958206
29742,2021-06-30,1,low_activity_cooling,0.0,-1.0,0.4098819754585605
29742,2021-07-31,1,low_activity_cooling,0.0,-1.0,0.3560366202775392
29742,2021-08-31,1,low_activity_cooling,0.0,-1.0,0.0683111324411658
29742,2021-09-30,1,low_activity_cooling,0.0,-1.0,0.0497813519682645
29742,2021-10-31,1,low_activity_cooling,0.0,-1.0,0.050009920598976
29742,2021-11-30,1,low_activity_cooling,0.0,-1.0,0.500520080293297
29742,2021-12-31,1,low_activity_cooling,0.0,-1.0,0.7521539400990871
29745,2021-01-31,2,competitive_mid_market,0.0,0.0,0.777284720403276
29745,2021-02-28,2,competitive_mid_market,0.0,0.0,0.7310883033443807
29745,2021-03-31,2,competitive_mid_market,0.0,0.0,0.5602904447204977
29745,2021-04-30,2,competitive_mid_market,0.0,0.0,0.7591033578079583
29745,2021-05-31,2,competitive_mid_market,0.0,0.0,0.6581725951374731
29745,2021-06-30,2,competitive_mid_market,0.0,-1.0,0.7641826042721426
29745,2021-07-31,2,competitive_mid_market,0.0,-1.0,0.6379688083239042
29745,2021-08-31,2,competitive_mid_market,0.0,-1.0,0.5496221295063961
29745,2021-09-30,2,competitive_mid_market,0.0,-1.0,0.4786692320068387
29745,2021-10-31,2,competitive_mid_market,0.0,-1.0,0.758106245035
29745,2021-11-30,2,competitive_mid_market,0.0,-1.0,0.717091583336493
29745,2021-12-31,2,competitive_mid_market,0.0,-1.0,0.6765744181517803
29801,2021-01-31,4,moderate_supply_growing,0.0,0.0,0.0206024741744206
29801,2021-02-28,4,moderate_supply_growing,0.0,0.0,0.0327816782053951
29801,2021-03-31,4,moderate_supply_growing,0.0,0.0,0.0257939059516784
29801,2021-04-30,4,moderate_supply_growing,0.0,0.0,0.0226076902706336
29801,2021-05-31,4,moderate_supply_growing,0.0,0.0,0.036265431520139
29801,2021-06-30,4,moderate_supply_growing,0.0,-1.0,0.0558649763748894
29801,2021-07-31,4,moderate_supply_growing,0.0,-1.0,0.1160276719580085
29801,2021-08-31,4,moderate_supply_growing,0.0,-1.0,0.0847453115582366
29801,2021-09-30,4,moderate_supply_growing,0.0,-1.0,0.0448066430332429
29801,2021-10-31,4,moderate_supply_growing,0.0,-1.0,0.0298087079684538
29801,2021-11-30,4,moderate_supply_growing,0.0,-1.0,0.0386099826155675
29801,2021-12-31,4,moderate_supply_growing,0.0,-1.0,0.0349504227217168
29803,2021-01-31,4,moderate_supply_growing,0.0,0.0,0.5607203832319884
29803,2021-02-28,4,moderate_supply_growing,0.0,0.0,0.6647773436381075
29803,2021-03-31,4,moderate_supply_growing,1.0,1.0,0.5952891797621729
29803,2021-04-30,4,moderate_supply_growing,0.0,0.0,0.7731064066867618
29803,2021-05-31,4,moderate_supply_growing,0.0,0.0,0.8134447535903382
29803,2021-06-30,4,moderate_supply_growing,0.0,0.0,0.7789765656466688
29803,2021-07-31,4,moderate_supply_growing,0.0,0.0,0.7498981900599497
29803,2021-08-31,4,moderate_supply_growing,0.0,0.0,0.7844828881176
29803,2021-09-30,4,moderate_supply_growing,0.0,0.0,0.9101761232027664
29803,2021-10-31,4,moderate_supply_growing,0.0,0.0,0.5048949893291992
29803,2021-11-30,4,moderate_supply_growing,0.0,0.0,0.5587920297513312
29803,2021-12-31,4,moderate_supply_growing,0.0,0.0,0.4904806710079172
29805,2021-01-31,4,moderate_supply_growing,0.0,0.0,0.2289848379294943
29805,2021-02-28,4,moderate_supply_growing,0.0,0.0,0.1054522471812407
29805,2021-03-31,4,moderate_supply_growing,0.0,-1.0,0.0254940304640524
29805,2021-04-30,4,moderate_supply_growing,0.0,0.0,0.0385627299510386
29805,2021-05-31,4,moderate_supply_growing,0.0,0.0,0.0712351514400185
29805,2021-06-30,4,moderate_supply_growing,0.0,0.0,0.3535556579834129
29805,2021-07-31,4,moderate_supply_growing,0.0,0.0,0.1993774987308849
29805,2021-08-31,4,moderate_supply_growing,0.0,-1.0,0.0621959343737152
29805,2021-09-30,4,moderate_supply_growing,0.0,-1.0,0.0188309841547674
29805,2021-10-31,4,moderate_supply_growing,0.0,-1.0,0.0165518055621177
29805,2021-11-30,4,moderate_supply_growing,0.0,-1.0,0.0204365023873302
29805,2021-12-31,4,moderate_supply_growing,0.0,-1.0,0.1127745207920514
29809,2021-01-31,4,moderate_supply_growing,0.0,-1.0,0.0948590673655636
29809,2021-02-28,4,moderate_supply_growing,0.0,-1.0,0.1678086698307057
29809,2021-03-31,4,moderate_supply_growing,0.0,-1.0,0.1286633339814059
29809,2021-04-30,4,moderate_supply_growing,0.0,-1.0,0.3801671705276023
29809,2021-05-31,4,moderate_supply_growing,0.0,0.0,0.1587558581285737
29809,2021-06-30,4,moderate_supply_growing,0.0,-1.0,0.18824791584613
29809,2021-07-31,4,moderate_supply_growing,0.0,-1.0,0.5753069149794253
29809,2021-08-31,4,moderate_supply_growing,0.0,-1.0,0.62610099010521
29809,2021-09-30,4,moderate_supply_growing,0.0,-1.0,0.1817713297316552
29809,2021-10-31,4,moderate_supply_growing,0.0,-1.0,0.040334276150894
29809,2021-11-30,4,moderate_supply_growing,0.0,-1.0,0.0521935882176653
29809,2021-12-31,4,moderate_supply_growing,0.0,-1.0,0.0479734420567094
29824,2021-01-31,4,moderate_supply_growing,1.0,1.0,0.3269212301264441
29824,2021-02-28,4,moderate_supply_growing,0.0,0.0,0.3610803928983899
29824,2021-03-31,4,moderate_supply_growing,0.0,0.0,0.2450888041512307
29824,2021-04-30,4,moderate_supply_growing,0.0,0.0,0.3103155185572652
29824,2021-05-31,4,moderate_supply_growing,0.0,0.0,0.1183686628644776
29824,2021-06-30,4,moderate_supply_growing,0.0,0.0,0.0736118467014359
29824,2021-07-31,4,moderate_supply_growing,0.0,-1.0,0.0770735023889168
29824,2021-08-31,4,moderate_supply_growing,0.0,0.0,0.0815854755630438
29824,2021-09-30,4,moderate_supply_growing,0.0,-1.0,0.0198419804741241
29824,2021-10-31,4,moderate_supply_growing,0.0,-1.0,0.0206850771377322
29824,2021-11-30,4,moderate_supply_growing,0.0,-1.0,0.0267249598901707
29824,2021-12-31,4,moderate_supply_growing,0.0,-1.0,0.0453853310701246
29829,2021-01-31,4,moderate_supply_growing,0.0,-1.0,0.1598170948475165
29829,2021-02-28,4,moderate_supply_growing,0.0,-1.0,0.216735467266707
29829,2021-03-31,4,moderate_supply_growing,0.0,0.0,0.1989505278123064
29829,2021-04-30,4,moderate_supply_growing,0.0,0.0,0.3045756278776646
29829,2021-05-31,4,moderate_supply_growing,0.0,0.0,0.8131285967718004
29829,2021-06-30,4,moderate_supply_growing,0.0,0.0,0.8051806878827985
29829,2021-07-31,4,moderate_supply_growing,0.0,0.0,0.7978436669988411
29829,2021-08-31,4,moderate_supply_growing,0.0,0.0,0.717698905404178
29829,2021-09-30,4,moderate_supply_growing,0.0,0.0,0.5813813638494874
29829,2021-10-31,4,moderate_supply_growing,0.0,-1.0,0.2486190105442018
29829,2021-11-30,4,moderate_supply_growing,0.0,-1.0,0.3249559133078831
29829,2021-12-31,4,moderate_supply_growing,0.0,-1.0,0.3814058978199272
29831,2021-01-31,1,low_activity_cooling,0.0,0.0,0.0429312856486949
29831,2021-02-28,1,low_activity_cooling,0.0,0.0,0.0389359309690034
29831,2021-03-31,1,low_activity_cooling,0.0,0.0,0.2126727271803345
29831,2021-04-30,1,low_activity_cooling,0.0,0.0,0.5908278998772523
29831,2021-05-31,1,low_activity_cooling,1.0,1.0,0.5342591683924532
29831,2021-06-30,1,low_activity_cooling,0.0,0.0,0.5017604466504451
29831,2021-07-31,1,low_activity_cooling,0.0,0.0,0.2305422753841053
29831,2021-08-31,1,low_activity_cooling,0.0,0.0,0.3253055455027862
29831,2021-09-30,1,low_activity_cooling,0.0,0.0,0.083117902787198
29831,2021-10-31,1,low_activity_cooling,0.0,-1.0,0.0465664301961495
29831,2021-11-30,1,low_activity_cooling,0.0,-1.0,0.1099619148329083
29831,2021-12-31,1,low_activity_cooling,0.0,-1.0,0.1891315813030294
29832,2021-01-31,4,moderate_supply_growing,0.0,0.0,0.0799626451098947
29832,2021-02-28,4,moderate_supply_growing,0.0,0.0,0.1280640465516394
29832,2021-03-31,4,moderate_supply_growing,0.0,0.0,0.2499832930796609
29832,2021-04-30,4,moderate_supply_growing,0.0,0.0,0.1224814000196568
29832,2021-05-31,4,moderate_supply_growing,0.0,0.0,0.1767178356809677
29832,2021-06-30,4,moderate_supply_growing,0.0,0.0,0.1392734830938637
29832,2021-07-31,4,moderate_supply_growing,0.0,0.0,0.0691703911378359
29832,2021-08-31,4,moderate_supply_growing,0.0,0.0,0.0587956227524301
29832,2021-09-30,4,moderate_supply_growing,0.0,0.0,0.0481882989188
29832,2021-10-31,4,moderate_supply_growing,0.0,-1.0,0.0535086352933468
29832,2021-11-30,4,moderate_supply_growing,0.0,-1.0,0.1230520253305385
29832,2021-12-31,4,moderate_supply_growing,0.0,-1.0,0.1684126795406509
29841,2021-01-31,4,moderate_supply_growing,0.0,0.0,0.0715844633502705
29841,2021-02-28,4,moderate_supply_growing,0.0,0.0,0.10774611627992
29841,2021-03-31,4,moderate_supply_growing,0.0,0.0,0.0847274016609909
29841,2021-04-30,4,moderate_supply_growing,0.0,0.0,0.1897001438710868
29841,2021-05-31,4,moderate_supply_growing,0.0,0.0,0.5154672167303614
29841,2021-06-30,4,moderate_supply_growing,0.0,0.0,0.6275766580968036
29841,2021-07-31,4,moderate_supply_growing,0.0,0.0,0.5587350674127128
29841,2021-08-31,4,moderate_supply_growing,0.0,0.0,0.2423819169681625
29841,2021-09-30,4,moderate_supply_growing,0.0,0.0,0.1623144797328181
29841,2021-10-31,4,moderate_supply_growing,0.0,0.0,0.1918923079113734
29841,2021-11-30,4,moderate_supply_growing,0.0,-1.0,0.069408866824923
29841,2021-12-31,4,moderate_supply_growing,0.0,-1.0,0.0578188569839787
29842,2021-01-31,4,moderate_supply_growing,0.0,-1.0,0.0122750194853194
29842,2021-02-28,4,moderate_supply_growing,0.0,-1.0,0.0587623092571277
29842,2021-03-31,4,moderate_supply_growing,0.0,-1.0,0.0824927915837207
29842,2021-04-30,4,moderate_supply_growing,0.0,-1.0,0.1161615483817239
29842,2021-05-31,4,moderate_supply_growing,0.0,-1.0,0.2337048960355968
29842,2021-06-30,4,moderate_supply_growing,0.0,-1.0,0.2602674641769689
29842,2021-07-31,4,moderate_supply_growing,0.0,-1.0,0.1982679166083109
29842,2021-08-31,4,moderate_supply_growing,0.0,-1.0,0.1989487452122331
29842,2021-09-30,4,moderate_supply_growing,0.0,-1.0,0.1109657946148679
29842,2021-10-31,4,moderate_supply_growing,0.0,-1.0,0.0377678479836791
29842,2021-11-30,4,moderate_supply_growing,0.0,-1.0,0.0416367594733647
29842,2021-12-31,4,moderate_supply_growing,0.0,-1.0,0.1570380065417228
29847,2021-01-31,4,moderate_supply_growing,0.0,-1.0,0.0311294196418614
29847,2021-02-28,4,moderate_supply_growing,0.0,-1.0,0.0186111184956887
29847,2021-03-31,4,moderate_supply_growing,0.0,-1.0,0.0142123882401315
29847,2021-04-30,4,moderate_supply_growing,0.0,-1.0,0.0241376371360638
29847,2021-05-31,4,moderate_supply_growing,0.0,-1.0,0.0119285971790561
29847,2021-06-30,4,moderate_supply_growing,0.0,-1.0,0.1030915699583066
29847,2021-07-31,4,moderate_supply_growing,0.0,-1.0,0.1632526857364869
29847,2021-08-31,4,moderate_supply_growing,0.0,-1.0,0.021625666006595
29847,2021-09-30,4,moderate_supply_growing,0.0,-1.0,0.0299231945183696
29847,2021-10-31,4,moderate_supply_growing,0.0,-1.0,0.0221642878837989
29847,2021-11-30,4,moderate_supply_growing,0.0,-1.0,0.0360034516907365
29847,2021-12-31,4,moderate_supply_growing,0.0,-1.0,0.0787792827545969
29851,2021-01-31,4,moderate_supply_growing,0.0,-1.0,0.027990984078937
29851,2021-02-28,4,moderate_supply_growing,0.0,-1.0,0.0319740386097499
29851,2021-03-31,4,moderate_supply_growing,0.0,-1.0,0.0321923893265196
29851,2021-04-30,4,moderate_supply_growing,0.0,0.0,0.0230487527024529
29851,2021-05-31,4,moderate_supply_growing,0.0,-1.0,0.045142708063963
29851,2021-06-30,4,moderate_supply_growing,0.0,0.0,0.0714379967286459
29851,2021-07-31,4,moderate_supply_growing,0.0,-1.0,0.0494896320045284
29851,2021-08-31,4,moderate_supply_growing,0.0,-1.0,0.0153909351811451
29851,2021-09-30,4,moderate_supply_growing,0.0,-1.0,0.0549049973321403
29851,2021-10-31,4,moderate_supply_growing,0.0,-1.0,0.2361275710032315
29851,2021-11-30,4,moderate_supply_growing,0.0,0.0,0.1082326808915905
29851,2021-12-31,4,moderate_supply_growing,0.0,0.0,0.2148568650212027
29860,2021-01-31,4,moderate_supply_growing,0.0,0.0,0.6804028380790315
29860,2021-02-28,4,moderate_supply_growing,0.0,0.0,0.6893126056122291
29860,2021-03-31,4,moderate_supply_growing,0.0,0.0,0.6382107317376433
29860,2021-04-30,4,moderate_supply_growing,0.0,0.0,0.6798751044152685
29860,2021-05-31,4,moderate_supply_growing,0.0,0.0,0.805540367171989
29860,2021-06-30,4,moderate_supply_growing,0.0,0.0,0.8869569737301354
29860,2021-07-31,4,moderate_supply_growing,0.0,0.0,0.8974240843658944
29860,2021-08-31,4,moderate_supply_growing,0.0,0.0,0.7268484005922466
29860,2021-09-30,4,moderate_supply_growing,0.0,0.0,0.5321723054538656
29860,2021-10-31,4,moderate_supply_growing,0.0,0.0,0.4106545145679683
29860,2021-11-30,4,moderate_supply_growing,0.0,-1.0,0.5345563869470217
29860,2021-12-31,4,moderate_supply_growing,0.0,-1.0,0.5573433375454304
29902,2021-01-31,4,moderate_supply_growing,1.0,1.0,0.7151093016826394
29902,2021-02-28,4,moderate_supply_growing,1.0,1.0,0.7872321580187633
29902,2021-03-31,4,moderate_supply_growing,1.0,1.0,0.8042987568600638
29902,2021-04-30,4,moderate_supply_growing,0.0,0.0,0.7842653160568064
29902,2021-05-31,4,moderate_supply_growing,0.0,0.0,0.7693359683298234
29902,2021-06-30,4,moderate_supply_growing,0.0,0.0,0.6909040304578874
29902,2021-07-31,4,moderate_supply_growing,0.0,0.0,0.6658480680399942
29902,2021-08-31,4,moderate_supply_growing,0.0,0.0,0.0798548620163327
29902,2021-09-30,4,moderate_supply_growing,0.0,0.0,0.0178090565616701
29902,2021-10-31,4,moderate_supply_growing,0.0,0.0,0.0168819713910179
29902,2021-11-30,4,moderate_supply_growing,0.0,0.0,0.0211908438047108
29902,2021-12-31,4,moderate_supply_growing,0.0,0.0,0.1478587834389804
29906,2021-01-31,4,moderate_supply_growing,0.0,0.0,0.5212620296138927
29906,2021-02-28,4,moderate_supply_growing,1.0,1.0,0.4895497843926417
29906,2021-03-31,4,moderate_supply_growing,1.0,1.0,0.6302214052794534
29906,2021-04-30,4,moderate_supply_growing,1.0,1.0,0.7050715355041449
29906,2021-05-31,4,moderate_supply_growing,1.0,1.0,0.7160118729783341
29906,2021-06-30,4,moderate_supply_growing,1.0,1.0,0.7409501256938479
29906,2021-07-31,4,moderate_supply_growing,1.0,1.0,0.6363501425246395
29906,2021-08-31,4,moderate_supply_growing,1.0,1.0,0.1894244712192721
29906,2021-09-30,4,moderate_supply_growing,1.0,1.0,0.0503967527813792
29906,2021-10-31,4,moderate_supply_growing,1.0,1.0,0.0551442165474738
29906,2021-11-30,4,moderate_supply_growing,1.0,1.0,0.3301322241498384
29906,2021-12-31,4,moderate_supply_growing,0.0,0.0,0.4622186306954286
29907,2021-01-31,4,moderate_supply_growing,1.0,1.0,0.9591128536068138
29907,2021-02-28,4,moderate_supply_growing,1.0,1.0,0.9832824224551254
29907,2021-03-31,4,moderate_supply_growing,1.0,1.0,0.989058080920728
29907,2021-04-30,4,moderate_supply_growing,1.0,1.0,0.9791882943265656
29907,2021-05-31,4,moderate_supply_growing,1.0,1.0,0.9639996152101548
29907,2021-06-30,4,moderate_supply_growing,1.0,1.0,0.9425574351623852
29907,2021-07-31,4,moderate_supply_growing,1.0,1.0,0.8480002037899043
29907,2021-08-31,4,moderate_supply_growing,1.0,1.0,0.7407906472975464
29907,2021-09-30,4,moderate_supply_growing,0.0,0.0,0.6836146644472552
29907,2021-10-31,4,moderate_supply_growing,0.0,0.0,0.585657454515125
29907,2021-11-30,4,moderate_supply_growing,0.0,0.0,0.5303410400104531
29907,2021-12-31,4,moderate_supply_growing,0.0,0.0,0.6139652561122398
29909,2021-01-31,3,affordable_high_demand,1.0,1.0,0.2649859209494394
29909,2021-02-28,3,affordable_high_demand,1.0,1.0,0.6357227542636417
29909,2021-03-31,3,affordable_high_demand,1.0,1.0,0.9433691425177038
29909,2021-04-30,3,affordable_high_demand,1.0,1.0,0.9918995351002108
29909,2021-05-31,3,affordable_high_demand,1.0,1.0,0.9944796345676729
29909,2021-06-30,3,affordable_high_demand,1.0,1.0,0.9814125139189168
29909,2021-07-31,3,affordable_high_demand,1.0,1.0,0.9666151147299205
29909,2021-08-31,3,affordable_high_demand,1.0,1.0,0.9629252694403012
29909,2021-09-30,3,affordable_high_demand,1.0,1.0,0.9240731669744596
29909,2021-10-31,3,affordable_high_demand,0.0,0.0,0.8772916918942392
29909,2021-11-30,3,affordable_high_demand,0.0,0.0,0.8498133436937487
29909,2021-12-31,3,affordable_high_demand,0.0,0.0,0.7545049569372085
29910,2021-01-31,3,affordable_high_demand,1.0,1.0,0.8286478783811067
29910,2021-02-28,3,affordable_high_demand,1.0,1.0,0.9536937334504426
29910,2021-03-31,3,affordable_high_demand,1.0,1.0,0.9852665416238756
29910,2021-04-30,3,affordable_high_demand,1.0,1.0,0.9924874436385994
29910,2021-05-31,3,affordable_high_demand,1.0,1.0,0.9868492547768674
29910,2021-06-30,3,affordable_high_demand,1.0,1.0,0.9786450295566892
29910,2021-07-31,3,affordable_high_demand,1.0,1.0,0.9713008526860604
29910,2021-08-31,3,affordable_high_demand,1.0,1.0,0.9074910254928472
29910,2021-09-30,3,affordable_high_demand,1.0,1.0,0.7860110276736174
29910,2021-10-31,3,affordable_high_demand,1.0,1.0,0.8151059717271579
29910,2021-11-30,3,affordable_high_demand,0.0,0.0,0.7825882523072546
29910,2021-12-31,3,affordable_high_demand,0.0,0.0,0.837393873923601
29920,2021-01-31,0,high_value_appreciating,1.0,1.0,0.8517275248246486
29920,2021-02-28,0,high_value_appreciating,1.0,1.0,0.9335239629189008
29920,2021-03-31,0,high_value_appreciating,1.0,1.0,0.939630534661556
29920,2021-04-30,0,high_value_appreciating,1.0,1.0,0.8727079319844881
29920,2021-05-31,0,high_value_appreciating,1.0,1.0,0.8520422439825499
29920,2021-06-30,0,high_value_appreciating,1.0,1.0,0.83755664998786
29920,2021-07-31,0,high_value_appreciating,1.0,1.0,0.8197371508546726
29920,2021-08-31,0,high_value_appreciating,1.0,1.0,0.6082908269026588
29920,2021-09-30,0,high_value_appreciating,0.0,0.0,0.5077052000226673
29920,2021-10-31,0,high_value_appreciating,0.0,0.0,0.4171975439127222
29920,2021-11-30,0,high_value_appreciating,0.0,0.0,0.2063672565203056
29920,2021-12-31,0,high_value_appreciating,0.0,0.0,0.1514271865658291
29926,2021-01-31,3,affordable_high_demand,1.0,1.0,0.9447658371924874
29926,2021-02-28,3,affordable_high_demand,1.0,1.0,0.9816460995980646
29926,2021-03-31,3,affordable_high_demand,1.0,1.0,0.9901316753753626
29926,2021-04-30,3,affordable_high_demand,1.0,1.0,0.9915557682779323
29926,2021-05-31,3,affordable_high_demand,1.0,1.0,0.9878453211526872
29926,2021-06-30,3,affordable_high_demand,1.0,1.0,0.9773232210653652
29926,2021-07-31,3,affordable_high_demand,1.0,1.0,0.952696618030618
29926,2021-08-31,3,affordable_high_demand,1.0,1.0,0.8759614195449849
29926,2021-09-30,3,affordable_high_demand,1.0,1.0,0.6496123756806129
29926,2021-10-31,3,affordable_high_demand,1.0,1.0,0.7303159152838571
29926,2021-11-30,3,affordable_high_demand,0.0,0.0,0.6058411810280963
29926,2021-12-31,3,affordable_high_demand,0.0,0.0,0.7343915617000718
29927,2021-01-31,0,high_value_appreciating,0.0,-1.0,0.07513511319743
29927,2021-02-28,0,high_value_appreciating,0.0,-1.0,0.440776006272966
29927,2021-03-31,0,high_value_appreciating,0.0,0.0,0.5535631850982418
29927,2021-04-30,0,high_value_appreciating,0.0,0.0,0.5040133036981451
29927,2021-05-31,0,high_value_appreciating,0.0,0.0,0.5433324622022841
29927,2021-06-30,0,high_value_appreciating,0.0,0.0,0.5582527153375931
29927,2021-07-31,0,high_value_appreciating,0.0,0.0,0.4687244165307067
29927,2021-08-31,0,high_value_appreciating,0.0,0.0,0.6410503292699044
29927,2021-09-30,0,high_value_appreciating,0.0,0.0,0.4880590537426957
29927,2021-10-31,0,high_value_appreciating,0.0,0.0,0.55807990998649
29927,2021-11-30,0,high_value_appreciating,0.0,0.0,0.5811323382510859
29927,2021-12-31,0,high_value_appreciating,0.0,0.0,0.539320050535424
29928,2021-01-31,0,high_value_appreciating,1.0,1.0,0.9696554424940256
29928,2021-02-28,0,high_value_appreciating,1.0,1.0,0.9864653093762646
29928,2021-03-31,0,high_value_appreciating,1.0,1.0,0.992146993713074
29928,2021-04-30,0,high_value_appreciating,1.0,1.0,0.9923754202928246
29928,2021-05-31,0,high_value_appreciating,1.0,1.0,0.9810296196919268
29928,2021-06-30,0,high_value_appreciating,1.0,1.0,0.9767729706699776
29928,2021-07-31,0,high_value_appreciating,1.0,1.0,0.8987758566784788
29928,2021-08-31,0,high_value_appreciating,1.0,1.0,0.8265809102143715
29928,2021-09-30,0,high_value_appreciating,1.0,1.0,0.7613067956955087
29928,2021-10-31,0,high_value_appreciating,1.0,1.0,0.6075791683850811
29928,2021-11-30,0,high_value_appreciating,0.0,0.0,0.4584399351693071
29928,2021-12-31,0,high_value_appreciating,0.0,0.0,0.5158788710460852
29935,2021-01-31,4,moderate_supply_growing,0.0,0.0,0.8268976410699583
29935,2021-02-28,4,moderate_supply_growing,1.0,1.0,0.7537732702541011
29935,2021-03-31,4,moderate_supply_growing,0.0,0.0,0.776038040215292
29935,2021-04-30,4,moderate_supply_growing,0.0,0.0,0.7986591288428726
29935,2021-05-31,4,moderate_supply_growing,0.0,0.0,0.1085120367605161
29935,2021-06-30,4,moderate_supply_growing,0.0,0.0,0.7555801473847532
29935,2021-07-31,4,moderate_supply_growing,1.0,1.0,0.4820903764689937
29935,2021-08-31,4,moderate_supply_growing,0.0,0.0,0.3621720033763516
29935,2021-09-30,4,moderate_supply_growing,0.0,0.0,0.0473623275312377
29935,2021-10-31,4,moderate_supply_growing,0.0,0.0,0.040824049831263
29935,2021-11-30,4,moderate_supply_growing,0.0,0.0,0.0981351041641256
29935,2021-12-31,4,moderate_supply_growing,0.0,0.0,0.1222275544626079
29936,2021-01-31,0,high_value_appreciating,1.0,1.0,0.2140298281558217
29936,2021-02-28,0,high_value_appreciating,1.0,1.0,0.3388329363376755
29936,2021-03-31,0,high_value_appreciating,0.0,0.0,0.4566936102019207
29936,2021-04-30,0,high_value_appreciating,0.0,0.0,0.5832343519090645
29936,2021-05-31,0,high_value_appreciating,0.0,0.0,0.3582092275692423
29936,2021-06-30,0,high_value_appreciating,0.0,0.0,0.349909887457211
29936,2021-07-31,0,high_value_appreciating,0.0,0.0,0.3035527692177489
29936,2021-08-31,0,high_value_appreciating,0.0,0.0,0.2445338061270141
29936,2021-09-30,0,high_value_appreciating,0.0,0.0,0.2089818787118892
29936,2021-10-31,0,high_value_appreciating,0.0,-1.0,0.1418558206099331
29936,2021-11-30,0,high_value_appreciating,0.0,-1.0,0.1591476189236818
29936,2021-12-31,0,high_value_appreciating,0.0,-1.0,0.1342756616303682
29940,2021-01-31,0,high_value_appreciating,0.0,0.0,0.354481357313448
29940,2021-02-28,0,high_value_appreciating,0.0,0.0,0.3869807847448532
29940,2021-03-31,0,high_value_appreciating,0.0,0.0,0.2605809993336128
29940,2021-04-30,0,high_value_appreciating,0.0,0.0,0.074189049331709
29940,2021-05-31,0,high_value_appreciating,0.0,0.0,0.0900231426474974
29940,2021-06-30,0,high_value_appreciating,0.0,0.0,0.3508774674650071
29940,2021-07-31,0,high_value_appreciating,0.0,0.0,0.2639427587828498
29940,2021-08-31,0,high_value_appreciating,0.0,0.0,0.1386219373859766
29940,2021-09-30,0,high_value_appreciating,0.0,-1.0,0.0310042834065665
29940,2021-10-31,0,high_value_appreciating,0.0,-1.0,0.0130568965880091
29940,2021-11-30,0,high_value_appreciating,0.0,-1.0,0.0137644977791884
29940,2021-12-31,0,high_value_appreciating,0.0,-1.0,0.2945166459931357
